Date,Planting Name,Crop,Amount,Unit,Outlet Type,Outlet Name,Harvest Stage,Final Harvest
12/02/2019,Lettuce מסולסלת מעורב 18/11/2018 Ra.1 > L2 > Bed 121 12 bed m,Lettuce,,,,Unknown outlet,Full-Size,Yes
09/03/2019,Arugula Arugula 13/11/2018 Ra.1 > L6m > Bed 103 6 bed m,Arugula,,,Farmers Market,הדוכן יום ב,Baby Leaf,Yes
09/03/2019,Arugula Arugula 13/11/2018 Ra.1 > L6m > Bed 103 6 bed m,Arugula,,,,Unknown outlet,Baby Leaf,Yes
09/03/2019,Arugula Arugula 13/11/2018 Ra.1 > L6m > Bed 103 6 bed m,Arugula,,,Farmers Market,קטיף יום ה,Baby Leaf,Yes
01/04/2019,Anise Hyssop אזוב מצוי 17/07/2018 HH > A > Bed 4 4 bed m,Anise Hyssop,20.0,Bunches,,Unknown outlet,Full-Size,No
01/04/2019,Anise Hyssop אזוב מצוי 17/07/2018 Ra.1 > L1 > Bed 109 4 bed m,Anise Hyssop,20.0,Bunches,,Unknown outlet,Full-Size,No
01/04/2019,Beets Generic Variety 10/12/2018 Ra.3 > R2 > Bed 326 12 bed m,Beets,12.0,Bunches,,Unknown outlet,Full-Size Root,No
01/04/2019,Beets MIX עלי ביבי 14/11/2018 Ra.1 > L6m > Bed 105 6 bed m,Beets,2.0,Kilograms,,Unknown outlet,Baby Leaf Greens,No
01/04/2019,Broccoli Generic Variety 04/12/2018 Ra.3 > R2 > Bed 323 12 bed m,Broccoli,10.0,Kilograms,,Unknown outlet,Head,No
01/04/2019,Cabbage Generic Variety 04/12/2018 Ra.3 > R2 > Bed 325 12 bed m,Cabbage,6.0,Kilograms,,Unknown outlet,Full-Size,No
01/04/2019,Carrots Nantes Half Long 04/11/2018 HH > C > Bed 14 12 bed m,Carrots,8.0,Bunches,,Unknown outlet,Full-Size,No
01/04/2019,Carrots Nantes Half Long 04/11/2018 HH > C > Bed 14 12 bed m,Carrots,5.0,Cases,,Unknown outlet,Full-Size,No
01/04/2019,Carrots Nantes Half Long 04/11/2018 HH > C > Bed 14 12 bed m,Carrots,16.0,Bunches,,Unknown outlet,Full-Size,No
01/04/2019,Carrots Nantes Half Long 04/11/2018 HH > C > Bed 14 12 bed m,Carrots,8.0,Kilograms,,Unknown outlet,Full-Size,No
01/04/2019,Celeriac Generic Variety 23/08/2018 Ra.3 > R1 > Bed 314 12 bed m,Celeriac,6.0,Each,,Unknown outlet,,No
01/04/2019,Celery Generic Variety 24/09/2018 Ra.2 > C1 > Bed 210 12 bed m,Celery,10.0,Each,,Unknown outlet,Full-Size,No
01/04/2019,Chard Bright Lights 01/11/2018 Ra.1 > L6m > Bed 101 6 bed m,Chard,8.0,Bunches,,Unknown outlet,Full-Size,No
01/04/2019,Chard Bright Lights 24/06/2018 Ra.1 > L2 > Bed 124 12 bed m,Chard,10.0,Bunches,,Unknown outlet,Full-Size,No
01/04/2019,Chard Fordhook Giant 01/11/2018 HH > A > Bed 5 6 bed m,Chard,8.0,Bunches,,Unknown outlet,Full-Size,No
01/04/2019,Chard Fordhook Giant 21/08/2018 HH > B > Bed 7 6 bed m,Chard,8.0,Bunches,,Unknown outlet,Full-Size,No
01/04/2019,Cilantro Santirini - נטע 10/11/2018 Ra.3 > R6m > Bed 301 6 bed m,Cilantro,20.0,Bunches,,Unknown outlet,Leaf,No
01/04/2019,Cilantro Santirini - נטע 29/09/2018 Ra.3 > R6m > Bed 302 6 bed m,Cilantro,20.0,Bunches,,Unknown outlet,Leaf,No
01/04/2019,"Dill Generic Variety 27/11/2018 Ra.1 > L1 > Beds 116, 118 6 bed m",Dill,6.0,Bunches,,Unknown outlet,Full-Size,No
01/04/2019,Fennel Generic Variety 11/10/2018 Ra.3 > R2 > Bed 328 12 bed m,Fennel,3.0,Kilograms,,Unknown outlet,Full-Size,No
01/04/2019,Fennel Generic Variety 25/12/2018 Ra.2 > C2 > Bed 226 6 bed m,Fennel,3.0,Kilograms,,Unknown outlet,Full-Size,No
01/04/2019,Garlic שני - מהגינה 23/09/2018 HH > B > Beds 9-12 48 bed m,Garlic,25.0,Kilograms,,Unknown outlet,Bulb,No
01/04/2019,Kale Lacinato (Dinosaur) 05/07/2018 HH > A > Bed 5 6 bed m,Kale,6.0,Bunches,,Unknown outlet,Full-Size,No
01/04/2019,Kale Lacinato (Dinosaur) 18/01/2018 HH > A > Bed 6 6 bed m,Kale,6.0,Bunches,,Unknown outlet,Full-Size,No
01/04/2019,Kale Lacinato (Dinosaur) 19/08/2018 HH > B > Bed 7 6 bed m,Kale,6.0,Bunches,,Unknown outlet,Full-Size,No
01/04/2019,Kale Red Russian 21/11/2018 Ra.1 > L1 > Bed 112 3 bed m,Kale,0.5,Kilograms,,Unknown outlet,Baby Leaf,No
01/04/2019,Kohlrabi Generic Variety 15/12/2018 Ra.3 > R2 > Bed 320 12 bed m,Kohlrabi,3.0,Kilograms,,Unknown outlet,Full-Size,No
01/04/2019,Kohlrabi Generic Variety 25/12/2018 Ra.2 > C2 > Bed 217 8 bed m,Kohlrabi,3.0,Kilograms,,Unknown outlet,Full-Size,No
01/04/2019,Lettuce Generic Variety 04/12/2018 Ra.3 > R1 > Bed 310 12 bed m,Lettuce,15.0,Heads,,Unknown outlet,Full-Size,No
01/04/2019,Lettuce מסולסלת מעורב 01/12/2018 Ra.1 > L1 > Bed 116 8 bed m,Lettuce,20.0,Heads,,Unknown outlet,Full-Size,No
01/04/2019,Lettuce: Salad Mix Generic Variety 10/12/2018 Ra.1 > L1 > Bed 115 6 bed m,Lettuce: Salad Mix,4.0,Kilograms,,Unknown outlet,Full-Size,No
01/04/2019,Lettuce: Salad Mix Sativa L. 1836 14/11/2018 Ra.1 > L6m > Bed 104 6 bed m,Lettuce: Salad Mix,6.0,Kilograms,,Unknown outlet,Full-Size,No
01/04/2019,Lettuce: Salad Mix Sativa L. 1836 21/11/2018 Ra.1 > L1 > Bed 112 6 bed m,Lettuce: Salad Mix,2.0,Kilograms,,Unknown outlet,Full-Size,No
01/04/2019,"Lettuce: Salad Mix מיקס שלנו, דמוי בן שחר 01/01/2019 HH > C > Bed 16 6 bed m",Lettuce: Salad Mix,0.5,Kilograms,,Unknown outlet,Full-Size,No
01/04/2019,Mizuna Generic Variety 10/01/2019 Ra.1 > L1 > Bed 112 3 bed m,Mizuna,1.0,Kilograms,,Unknown outlet,Baby Leaf,No
01/04/2019,Mizuna Generic Variety 10/12/2018 Ra.1 > L1 > Bed 115 3 bed m,Mizuna,1.0,Kilograms,,Unknown outlet,Baby Leaf,No
01/04/2019,Mustard Generic Variety 10/12/2018 Ra.1 > L1 > Bed 115 3 bed m,Mustard,0.5,Kilograms,,Unknown outlet,Full-Size,No
01/04/2019,Onions: Scallions Generic Variety 27/09/2018 Ra.1 > L1 > Bed 110 4 bed m,Onions: Scallions,6.0,Bunches,,Unknown outlet,Full-Size,No
01/04/2019,Parsley Green Perle - מסולסלת 04/09/2018 Ra.2 > C6m > Bed 207 6 bed m,Parsley,50.0,Bunches,,Unknown outlet,Full-Size,No
01/04/2019,Parsley Italian Flat 12/11/2018 Ra.3 > R6m > Bed 304 6 bed m,Parsley,20.0,Bunches,,Unknown outlet,Full-Size,No
01/04/2019,Peas Kelvedon Wonder 10/01/2019 Ra.1 > L1 > Bed 111 12 bed m,Peas,1.0,Kilograms,,Unknown outlet,Full-Size,No
01/04/2019,"Peas Tall Telephone 18/10/2018 HH > C > Beds 13, 15 24 bed m",Peas,15.0,Kilograms,,Unknown outlet,Full-Size,No
01/04/2019,Peas Tall Telephone 18/12/2018 HH > C > Bed 18 12 bed m,Peas,5.0,Kilograms,,Unknown outlet,Full-Size,No
01/04/2019,Radishes French Breakfast 25/02/2019 Ra.3 > R3 > Bed 330 12 bed m,Radishes,12.0,Bunches,,Unknown outlet,Full-Size,No
01/04/2019,Spinach Generic Variety 23/10/2018 Ra.1 > L2 > Bed 122 12 bed m,Spinach,10.0,Kilograms,,Unknown outlet,Full-Size,No
01/04/2019,Spinach Giant Winter 26/12/2018 Ra.2 > C2 > Bed 224 12 bed m,Spinach,6.0,Bunches,,Unknown outlet,Full-Size,No
01/04/2019,Turnips lodigiana לבן שטוח 10/12/2018 Ra.1 > L1 > Bed 118 3 bed m,Turnips,10.0,Bunches,,Unknown outlet,Full-Size,No
03/04/2019,Beans: Fava Generic Variety 01/11/2018 Ra.3 > R2 > Bed 321 12 bed m,Beans: Fava,10.0,Kilograms,,Unknown outlet,Fresh Shelling,No
03/04/2019,Broccoli Generic Variety 04/12/2018 Ra.3 > R2 > Bed 323 12 bed m,Broccoli,3.0,Kilograms,,Unknown outlet,Head,No
03/04/2019,Cabbage Generic Variety 04/12/2018 Ra.3 > R2 > Bed 325 12 bed m,Cabbage,6.0,Kilograms,,Unknown outlet,Full-Size,No
03/04/2019,Carrots Nantes Half Long 04/11/2018 HH > C > Bed 14 12 bed m,Carrots,4.0,Kilograms,,Unknown outlet,Full-Size,No
03/04/2019,Fennel Generic Variety 11/10/2018 Ra.3 > R2 > Bed 328 12 bed m,Fennel,3.0,Kilograms,,Unknown outlet,Full-Size,No
04/04/2019,Anise Hyssop אזוב מצוי 17/07/2018 HH > A > Bed 4 4 bed m,Anise Hyssop,6.0,Bunches,,Unknown outlet,Full-Size,No
04/04/2019,Arugula Wild Rocket 13/01/2019 Ra.2 > C6m > Bed 208 6 bed m,Arugula,0.5,Kilograms,,Unknown outlet,Baby Leaf,No
04/04/2019,Beans: Fava Generic Variety 01/11/2018 Ra.3 > R2 > Bed 321 12 bed m,Beans: Fava,15.0,Kilograms,,Unknown outlet,Fresh Shelling,No
04/04/2019,Beets Generic Variety 10/12/2018 Ra.3 > R2 > Bed 326 12 bed m,Beets,12.0,Bunches,,Unknown outlet,Full-Size Root,No
04/04/2019,Beets Generic Variety 12/11/2018 Ra.3 > R3 > Bed 329 12 bed m,Beets,2.0,Bunches,,Unknown outlet,Full-Size Root,No
04/04/2019,Beets MIX עלי ביבי 14/11/2018 Ra.1 > L6m > Bed 105 6 bed m,Beets,4.0,Kilograms,,Unknown outlet,Baby Leaf Greens,No
04/04/2019,Beets MIX עלי ביבי 19/02/2019 Ra.1 > L1 > Bed 113 6 bed m,Beets,0.5,Kilograms,,Unknown outlet,Baby Leaf Greens,No
04/04/2019,Broccoli Generic Variety 04/12/2018 Ra.3 > R2 > Bed 323 12 bed m,Broccoli,6.0,Kilograms,,Unknown outlet,Head,No
04/04/2019,Cabbage Generic Variety 04/12/2018 Ra.3 > R2 > Bed 325 12 bed m,Cabbage,8.0,Kilograms,,Unknown outlet,Full-Size,No
04/04/2019,Cabbage Generic Variety 25/12/2018 Ra.2 > C2 > Bed 227 12 bed m,Cabbage,0.0,Kilograms,,Unknown outlet,Full-Size,No
04/04/2019,Carrots Nantes Half Long 04/11/2018 HH > C > Bed 14 12 bed m,Carrots,10.0,Kilograms,,Unknown outlet,Full-Size,No
04/04/2019,Celeriac Generic Variety 23/08/2018 Ra.3 > R1 > Bed 314 12 bed m,Celeriac,12.0,Each,,Unknown outlet,,No
04/04/2019,Celery Generic Variety 18/10/2018 Ra.2 > C2 > Bed 225 12 bed m,Celery,0.0,Each,,Unknown outlet,Full-Size,No
04/04/2019,Celery Generic Variety 24/09/2018 Ra.2 > C1 > Bed 210 12 bed m,Celery,12.0,Each,,Unknown outlet,Full-Size,No
04/04/2019,Chard Bright Lights 01/11/2018 Ra.1 > L6m > Bed 101 6 bed m,Chard,8.0,Bunches,,Unknown outlet,Full-Size,No
04/04/2019,Chard Bright Lights 24/06/2018 Ra.1 > L2 > Bed 124 12 bed m,Chard,6.0,Bunches,,Unknown outlet,Full-Size,No
04/04/2019,Chard Fordhook Giant 01/11/2018 HH > A > Bed 5 6 bed m,Chard,4.0,Bunches,,Unknown outlet,Full-Size,No
04/04/2019,Chard Fordhook Giant 21/08/2018 HH > B > Bed 7 6 bed m,Chard,4.0,Bunches,,Unknown outlet,Full-Size,No
04/04/2019,Cilantro Santirini - נטע 10/11/2018 Ra.3 > R6m > Bed 301 6 bed m,Cilantro,10.0,Bunches,,Unknown outlet,Leaf,No
04/04/2019,Cilantro Santirini - נטע 29/09/2018 Ra.3 > R6m > Bed 302 6 bed m,Cilantro,10.0,Bunches,,Unknown outlet,Leaf,Yes
04/04/2019,"Dill Generic Variety 27/11/2018 Ra.1 > L1 > Beds 116, 118 6 bed m",Dill,16.0,Bunches,,Unknown outlet,Full-Size,No
04/04/2019,Fennel Generic Variety 11/10/2018 Ra.3 > R2 > Bed 328 12 bed m,Fennel,6.0,Kilograms,,Unknown outlet,Full-Size,No
04/04/2019,Garlic שני - מהגינה 23/09/2018 HH > B > Beds 9-12 48 bed m,Garlic,20.0,Kilograms,,Unknown outlet,Bulb,No
04/04/2019,Kale Lacinato (Dinosaur) 05/07/2018 HH > A > Bed 5 6 bed m,Kale,4.0,Bunches,,Unknown outlet,Full-Size,No
04/04/2019,Kale Lacinato (Dinosaur) 18/01/2018 HH > A > Bed 6 6 bed m,Kale,4.0,Bunches,,Unknown outlet,Full-Size,No
04/04/2019,Kale Lacinato (Dinosaur) 19/08/2018 HH > B > Bed 7 6 bed m,Kale,2.0,Bunches,,Unknown outlet,Full-Size,No
04/04/2019,Kale Red Russian 21/11/2018 Ra.1 > L1 > Bed 112 3 bed m,Kale,0.5,Kilograms,,Unknown outlet,Baby Leaf,No
04/04/2019,Kohlrabi Generic Variety 15/12/2018 Ra.3 > R2 > Bed 320 12 bed m,Kohlrabi,3.0,Kilograms,,Unknown outlet,Full-Size,No
04/04/2019,Kohlrabi Generic Variety 25/12/2018 Ra.2 > C2 > Bed 217 8 bed m,Kohlrabi,3.0,Kilograms,,Unknown outlet,Full-Size,No
04/04/2019,Lettuce Generic Variety 04/12/2018 Ra.3 > R1 > Bed 310 12 bed m,Lettuce,0.0,Heads,,Unknown outlet,Full-Size,No
04/04/2019,Lettuce מסולסלת מעורב 01/12/2018 Ra.1 > L1 > Bed 116 8 bed m,Lettuce,5.0,Heads,,Unknown outlet,Full-Size,No
04/04/2019,Lettuce: Salad Mix Generic Variety 10/12/2018 Ra.1 > L1 > Bed 115 6 bed m,Lettuce: Salad Mix,4.0,Kilograms,,Unknown outlet,Full-Size,No
04/04/2019,Lettuce: Salad Mix Sativa L. 1836 14/11/2018 Ra.1 > L6m > Bed 104 6 bed m,Lettuce: Salad Mix,0.0,Kilograms,,Unknown outlet,Full-Size,No
04/04/2019,Lettuce: Salad Mix Sativa L. 1836 21/11/2018 Ra.1 > L1 > Bed 112 6 bed m,Lettuce: Salad Mix,2.0,Kilograms,,Unknown outlet,Full-Size,No
04/04/2019,"Lettuce: Salad Mix מיקס שלנו, דמוי בן שחר 01/01/2019 HH > C > Bed 16 6 bed m",Lettuce: Salad Mix,0.0,Kilograms,,Unknown outlet,Full-Size,No
04/04/2019,Mizuna Generic Variety 10/01/2019 Ra.1 > L1 > Bed 112 3 bed m,Mizuna,0.0,Kilograms,,Unknown outlet,Baby Leaf,No
04/04/2019,Mizuna Generic Variety 10/12/2018 Ra.1 > L1 > Bed 115 3 bed m,Mizuna,0.5,Kilograms,,Unknown outlet,Baby Leaf,Yes
04/04/2019,Mizuna Generic Variety 27/02/2019 Ra.1 > L6m > Bed 108 6 bed m,Mizuna,1.0,Kilograms,,Unknown outlet,Baby Leaf,No
04/04/2019,Mustard Generic Variety 10/12/2018 Ra.1 > L1 > Bed 115 3 bed m,Mustard,0.5,Kilograms,,Unknown outlet,Full-Size,No
04/04/2019,Onions: Scallions Generic Variety 27/09/2018 Ra.1 > L1 > Bed 110 4 bed m,Onions: Scallions,20.0,Bunches,,Unknown outlet,Full-Size,No
04/04/2019,Parsley Green Perle - מסולסלת 04/09/2018 Ra.2 > C6m > Bed 207 6 bed m,Parsley,20.0,Bunches,,Unknown outlet,Full-Size,No
04/04/2019,Parsley Italian Flat 12/11/2018 Ra.3 > R6m > Bed 304 6 bed m,Parsley,8.0,Bunches,,Unknown outlet,Full-Size,No
04/04/2019,Peas Kelvedon Wonder 10/01/2019 Ra.1 > L1 > Bed 111 12 bed m,Peas,0.5,Kilograms,,Unknown outlet,Full-Size,No
04/04/2019,"Peas Tall Telephone 18/10/2018 HH > C > Beds 13, 15 24 bed m",Peas,5.0,Kilograms,,Unknown outlet,Full-Size,No
04/04/2019,Peas Tall Telephone 18/12/2018 HH > C > Bed 18 12 bed m,Peas,1.5,Kilograms,,Unknown outlet,Full-Size,No
04/04/2019,Radishes French Breakfast 25/02/2019 Ra.3 > R3 > Bed 330 12 bed m,Radishes,12.0,Bunches,,Unknown outlet,Full-Size,No
04/04/2019,Spinach Generic Variety 23/10/2018 Ra.1 > L2 > Bed 122 12 bed m,Spinach,5.0,Kilograms,,Unknown outlet,Full-Size,Yes
04/04/2019,Spinach Giant Winter 26/12/2018 Ra.2 > C2 > Bed 224 12 bed m,Spinach,0.0,Bunches,,Unknown outlet,Full-Size,No
04/04/2019,Turnips lodigiana לבן שטוח 10/12/2018 Ra.1 > L1 > Bed 118 3 bed m,Turnips,8.0,Bunches,,Unknown outlet,Full-Size,No
08/04/2019,Anise Hyssop אזוב מצוי 17/07/2018 HH > A > Bed 4 4 bed m,Anise Hyssop,4.0,Bunches,,Unknown outlet,Full-Size,No
08/04/2019,Carrots Nantes Half Long 04/11/2018 HH > C > Bed 14 12 bed m,Carrots,6.0,Kilograms,,Unknown outlet,Full-Size,No
08/04/2019,Celery Generic Variety 24/09/2018 Ra.2 > C1 > Bed 210 12 bed m,Celery,6.0,Each,,Unknown outlet,Full-Size,No
08/04/2019,Cilantro Santirini - נטע 10/11/2018 Ra.3 > R6m > Bed 301 6 bed m,Cilantro,12.0,Bunches,,Unknown outlet,Leaf,No
08/04/2019,Dill Generic Variety 13/11/2018 Ra.3 > R6m > Bed 303 6 bed m,Dill,5.0,Bunches,,Unknown outlet,Leaf,No
08/04/2019,Fennel Generic Variety 25/12/2018 Ra.2 > C2 > Bed 226 6 bed m,Fennel,1.0,Kilograms,,Unknown outlet,Full-Size,No
08/04/2019,Garlic שני - מהגינה 23/09/2018 HH > B > Beds 9-12 48 bed m,Garlic,50.0,Kilograms,,Unknown outlet,Bulb,Yes
08/04/2019,Kohlrabi Generic Variety 25/12/2018 Ra.2 > C2 > Bed 217 8 bed m,Kohlrabi,21.0,Kilograms,,Unknown outlet,Full-Size,Yes
08/04/2019,Lettuce Generic Variety 04/12/2018 Ra.3 > R1 > Bed 310 12 bed m,Lettuce,56.0,Heads,,Unknown outlet,Full-Size,Yes
08/04/2019,Lettuce מסולסלת מעורב 01/12/2018 Ra.1 > L1 > Bed 116 8 bed m,Lettuce,4.0,Heads,,Unknown outlet,Full-Size,No
08/04/2019,Lettuce: Salad Mix Generic Variety 10/12/2018 Ra.1 > L1 > Bed 115 6 bed m,Lettuce: Salad Mix,0.0,Kilograms,,Unknown outlet,Full-Size,No
08/04/2019,Lettuce: Salad Mix Sativa L. 1836 14/11/2018 Ra.1 > L6m > Bed 104 6 bed m,Lettuce: Salad Mix,0.0,Kilograms,,Unknown outlet,Full-Size,No
08/04/2019,Lettuce: Salad Mix Sativa L. 1836 21/11/2018 Ra.1 > L1 > Bed 112 6 bed m,Lettuce: Salad Mix,0.0,Kilograms,,Unknown outlet,Full-Size,No
08/04/2019,"Lettuce: Salad Mix מיקס שלנו, דמוי בן שחר 01/01/2019 HH > C > Bed 16 6 bed m",Lettuce: Salad Mix,0.0,Kilograms,,Unknown outlet,Full-Size,No
08/04/2019,"Lettuce: Salad Mix מיקס שלנו, דמוי בן שחר 19/02/2019 Ra.1 > L6m > Bed 106 6 bed m",Lettuce: Salad Mix,1.0,Kilograms,,Unknown outlet,Full-Size,No
08/04/2019,Mizuna Generic Variety 27/02/2019 Ra.1 > L6m > Bed 108 6 bed m,Mizuna,0.5,Kilograms,,Unknown outlet,Baby Leaf,No
08/04/2019,Onions: Scallions Generic Variety 27/09/2018 Ra.1 > L1 > Bed 110 4 bed m,Onions: Scallions,0.0,Bunches,,Unknown outlet,Full-Size,No
08/04/2019,Parsley Green Perle - מסולסלת 04/09/2018 Ra.2 > C6m > Bed 207 6 bed m,Parsley,30.0,Bunches,,Unknown outlet,Full-Size,Yes
08/04/2019,Peas Kelvedon Wonder 10/01/2019 Ra.1 > L1 > Bed 111 12 bed m,Peas,0.0,Kilograms,,Unknown outlet,Full-Size,No
08/04/2019,"Peas Tall Telephone 18/10/2018 HH > C > Beds 13, 15 24 bed m",Peas,0.0,Kilograms,,Unknown outlet,Full-Size,No
08/04/2019,Peas Tall Telephone 18/12/2018 HH > C > Bed 18 12 bed m,Peas,0.0,Kilograms,,Unknown outlet,Full-Size,No
08/04/2019,Turnips lodigiana לבן שטוח 10/12/2018 Ra.1 > L1 > Bed 118 3 bed m,Turnips,0.0,Bunches,,Unknown outlet,Full-Size,No
15/04/2019,Radishes French Breakfast 25/02/2019 Ra.3 > R3 > Bed 330 12 bed m,Radishes,,,Farmers Market,הדוכן יום ב,Full-Size,Yes
15/04/2019,Radishes French Breakfast 25/02/2019 Ra.3 > R3 > Bed 330 12 bed m,Radishes,,,,Unknown outlet,Full-Size,Yes
15/04/2019,Radishes French Breakfast 25/02/2019 Ra.3 > R3 > Bed 330 12 bed m,Radishes,,,Farmers Market,קטיף יום ה,Full-Size,Yes
18/04/2019,Anise Hyssop אזוב מצוי 17/07/2018 HH > A > Bed 4 4 bed m,Anise Hyssop,8.0,Bunches,,Unknown outlet,Full-Size,No
18/04/2019,Anise Hyssop אזוב מצוי 17/07/2018 Ra.1 > L1 > Bed 109 4 bed m,Anise Hyssop,8.0,Bunches,,Unknown outlet,Full-Size,No
18/04/2019,Arugula Wild Rocket 13/01/2019 Ra.2 > C6m > Bed 208 6 bed m,Arugula,2.0,Kilograms,,Unknown outlet,Baby Leaf,No
18/04/2019,Beans: Fava Generic Variety 01/11/2018 Ra.3 > R2 > Bed 321 12 bed m,Beans: Fava,10.0,Kilograms,,Unknown outlet,Fresh Shelling,No
18/04/2019,Beets Boldor 26/12/2018 Ra.2 > C2 > Bed 221 6 bed m,Beets,10.0,Bunches,,Unknown outlet,Full-Size Root,No
18/04/2019,Beets Chioggia Guardsmark 26/12/2018 Ra.2 > C2 > Bed 221 6 bed m,Beets,2.0,Bunches,,Unknown outlet,Full-Size Root,No
18/04/2019,Beets Generic Variety 10/12/2018 Ra.3 > R2 > Bed 326 12 bed m,Beets,2.0,Bunches,,Unknown outlet,Full-Size Root,No
18/04/2019,Beets MIX עלי ביבי 19/02/2019 Ra.1 > L1 > Bed 113 6 bed m,Beets,1.0,Kilograms,,Unknown outlet,Baby Leaf Greens,No
18/04/2019,Broccoli Generic Variety 04/12/2018 Ra.3 > R2 > Bed 323 12 bed m,Broccoli,5.0,Kilograms,,Unknown outlet,Head,No
18/04/2019,Cabbage Generic Variety 04/12/2018 Ra.3 > R2 > Bed 325 12 bed m,Cabbage,10.0,Kilograms,,Unknown outlet,Full-Size,No
18/04/2019,Carrots Nantes Half Long 04/11/2018 HH > C > Bed 14 12 bed m,Carrots,10.0,Kilograms,,Unknown outlet,Full-Size,Yes
18/04/2019,Cauliflower Generic Variety 04/12/2018 Ra.3 > R2 > Bed 324 12 bed m,Cauliflower,5.0,Kilograms,,Unknown outlet,Full-Size,No
18/04/2019,Celeriac Generic Variety 30/10/2018 Ra.3 > R2 > Bed 319 12 bed m,Celeriac,15.0,Each,,Unknown outlet,,No
18/04/2019,Celery Generic Variety 24/09/2018 Ra.2 > C1 > Bed 210 12 bed m,Celery,15.0,Each,,Unknown outlet,Full-Size,No
18/04/2019,Chard Bright Lights 01/11/2018 Ra.1 > L6m > Bed 101 6 bed m,Chard,6.0,Bunches,,Unknown outlet,Full-Size,No
18/04/2019,Chard Bright Lights 24/06/2018 Ra.1 > L2 > Bed 124 12 bed m,Chard,6.0,Bunches,,Unknown outlet,Full-Size,No
18/04/2019,Cilantro Santirini - נטע 10/11/2018 Ra.3 > R6m > Bed 301 6 bed m,Cilantro,15.0,Bunches,,Unknown outlet,Leaf,Yes
18/04/2019,Cilantro Santirini - נטע 13/12/2018 Ra.1 > L1 > Bed 119 8 bed m,Cilantro,50.0,Bunches,,Unknown outlet,Leaf,No
18/04/2019,Dill Generic Variety 13/11/2018 Ra.3 > R6m > Bed 303 6 bed m,Dill,10.0,Bunches,,Unknown outlet,Leaf,No
18/04/2019,"Dill Generic Variety 27/11/2018 Ra.1 > L1 > Beds 116, 118 6 bed m",Dill,15.0,Bunches,,Unknown outlet,Full-Size,No
18/04/2019,Dill Generic Variety 31/12/2018 Ra.2 > C6m > Bed 201 3 bed m,Dill,8.0,Bunches,,Unknown outlet,Leaf,No
18/04/2019,Fennel Generic Variety 11/10/2018 Ra.3 > R2 > Bed 328 12 bed m,Fennel,10.0,Kilograms,,Unknown outlet,Full-Size,No
18/04/2019,Fennel Generic Variety 25/12/2018 Ra.2 > C2 > Bed 226 6 bed m,Fennel,8.0,Kilograms,,Unknown outlet,Full-Size,No
18/04/2019,Kale Lacinato (Dinosaur) 05/07/2018 HH > A > Bed 5 6 bed m,Kale,4.0,Bunches,,Unknown outlet,Full-Size,No
18/04/2019,Kale Lacinato (Dinosaur) 18/01/2018 HH > A > Bed 6 6 bed m,Kale,4.0,Bunches,,Unknown outlet,Full-Size,No
18/04/2019,Kale Lacinato (Dinosaur) 19/08/2018 HH > B > Bed 7 6 bed m,Kale,4.0,Bunches,,Unknown outlet,Full-Size,No
18/04/2019,Kale Red Russian 21/11/2018 Ra.1 > L1 > Bed 112 3 bed m,Kale,1.0,Kilograms,,Unknown outlet,Baby Leaf,No
18/04/2019,Kohlrabi Generic Variety 15/12/2018 Ra.3 > R2 > Bed 320 12 bed m,Kohlrabi,5.0,Kilograms,,Unknown outlet,Full-Size,No
18/04/2019,Lettuce Generic Variety 15/12/2018 Ra.3 > R2 > Bed 317 12 bed m,Lettuce,8.0,Heads,,Unknown outlet,Full-Size,No
18/04/2019,Lettuce מסולסלת מעורב 01/12/2018 Ra.1 > L1 > Bed 116 8 bed m,Lettuce,10.0,Heads,,Unknown outlet,Full-Size,No
18/04/2019,Lettuce מסולסלת מעורב 24/01/2019 Ra.3 > R1 > Bed 316 12 bed m,Lettuce,10.0,Heads,,Unknown outlet,Full-Size,No
18/04/2019,Lettuce: Salad Mix Generic Variety 10/12/2018 Ra.1 > L1 > Bed 115 6 bed m,Lettuce: Salad Mix,2.0,Kilograms,,Unknown outlet,Full-Size,No
18/04/2019,Lettuce: Salad Mix Sativa L. 1836 14/11/2018 Ra.1 > L6m > Bed 104 6 bed m,Lettuce: Salad Mix,4.0,Kilograms,,Unknown outlet,Full-Size,Yes
18/04/2019,Lettuce: Salad Mix Sativa L. 1836 19/02/2019 Ra.1 > L1 > Bed 113 6 bed m,Lettuce: Salad Mix,2.0,Kilograms,,Unknown outlet,Full-Size,No
18/04/2019,Lettuce: Salad Mix Sativa L. 1836 21/11/2018 Ra.1 > L1 > Bed 112 6 bed m,Lettuce: Salad Mix,2.0,Kilograms,,Unknown outlet,Full-Size,No
18/04/2019,"Lettuce: Salad Mix מיקס שלנו, דמוי בן שחר 01/01/2019 HH > C > Bed 16 6 bed m",Lettuce: Salad Mix,2.0,Kilograms,,Unknown outlet,Full-Size,No
18/04/2019,"Lettuce: Salad Mix מיקס שלנו, דמוי בן שחר 19/02/2019 Ra.1 > L6m > Bed 106 6 bed m",Lettuce: Salad Mix,1.0,Kilograms,,Unknown outlet,Full-Size,No
18/04/2019,Mizuna Generic Variety 10/01/2019 Ra.1 > L1 > Bed 112 3 bed m,Mizuna,0.0,Kilograms,,Unknown outlet,Baby Leaf,Yes
18/04/2019,Mizuna Generic Variety 19/02/2019 Ra.2 > C6m > Bed 206 6 bed m,Mizuna,3.0,Kilograms,,Unknown outlet,Baby Leaf,No
18/04/2019,Mizuna Generic Variety 27/02/2019 Ra.1 > L6m > Bed 108 6 bed m,Mizuna,3.0,Kilograms,,Unknown outlet,Baby Leaf,No
18/04/2019,Mustard Generic Variety 10/12/2018 Ra.1 > L1 > Bed 115 3 bed m,Mustard,0.0,Kilograms,,Unknown outlet,Full-Size,No
18/04/2019,Onions: Scallions Generic Variety 23/10/2018 Ra.2 > C2 > Bed 226 4 bed m,Onions: Scallions,,,,Unknown outlet,Full-Size,Yes
18/04/2019,Onions: Scallions Generic Variety 27/09/2018 Ra.1 > L1 > Bed 110 4 bed m,Onions: Scallions,20.0,Bunches,,Unknown outlet,Full-Size,Yes
18/04/2019,Parsley Root Generic Variety 21/11/2018 Ra.2 > C6m > Bed 205 6 bed m,Parsley Root,10.0,Bunches,,Unknown outlet,,No
18/04/2019,Peas Kelvedon Wonder 10/01/2019 Ra.1 > L1 > Bed 111 12 bed m,Peas,4.0,Kilograms,,Unknown outlet,Full-Size,No
18/04/2019,"Peas Tall Telephone 18/10/2018 HH > C > Beds 13, 15 24 bed m",Peas,8.0,Kilograms,,Unknown outlet,Full-Size,Yes
18/04/2019,Peas Tall Telephone 18/12/2018 HH > C > Bed 18 12 bed m,Peas,6.0,Kilograms,,Unknown outlet,Full-Size,Yes
18/04/2019,Radishes French Breakfast 13/03/2019 Ra.2 > C2 > Bed 218 3 bed m,Radishes,10.0,Bunches,,Unknown outlet,Full-Size,No
18/04/2019,Spinach Giant Winter 26/12/2018 Ra.2 > C2 > Bed 224 12 bed m,Spinach,5.0,Kilograms,,Unknown outlet,Full-Size,Yes
18/04/2019,Turnips lodigiana לבן שטוח 10/12/2018 Ra.1 > L1 > Bed 118 3 bed m,Turnips,3.0,Bunches,,Unknown outlet,Full-Size,No
22/04/2019,Arugula Wild Rocket 13/01/2019 Ra.2 > C6m > Bed 208 6 bed m,Arugula,1.0,Kilograms,,Unknown outlet,Baby Leaf,No
22/04/2019,Beans: Fava Generic Variety 01/11/2018 Ra.3 > R2 > Bed 321 12 bed m,Beans: Fava,8.0,Kilograms,,Unknown outlet,Fresh Shelling,No
22/04/2019,Beets Boldor 26/12/2018 Ra.2 > C2 > Bed 221 6 bed m,Beets,2.0,Bunches,,Unknown outlet,Full-Size Root,No
22/04/2019,Beets Chioggia Guardsmark 26/12/2018 Ra.2 > C2 > Bed 221 6 bed m,Beets,2.0,Bunches,,Unknown outlet,Full-Size Root,No
22/04/2019,Beets Generic Variety 10/12/2018 Ra.3 > R2 > Bed 326 12 bed m,Beets,17.0,Kilograms,,Unknown outlet,Full-Size Root,Yes
22/04/2019,Beets MIX עלי ביבי 19/02/2019 Ra.1 > L1 > Bed 113 6 bed m,Beets,0.5,Kilograms,,Unknown outlet,Baby Leaf Greens,No
22/04/2019,Broccoli Generic Variety 04/12/2018 Ra.3 > R2 > Bed 323 12 bed m,Broccoli,3.0,Kilograms,,Unknown outlet,Head,No
22/04/2019,Cabbage Generic Variety 04/12/2018 Ra.3 > R2 > Bed 325 12 bed m,Cabbage,15.0,Kilograms,,Unknown outlet,Full-Size,Yes
22/04/2019,Carrots Nantes Half Long 10/12/2018 Ra.1 > L1 > Bed 114 12 bed m,Carrots,10.0,Bunches,,Unknown outlet,Full-Size,No
22/04/2019,Cauliflower Generic Variety 04/12/2018 Ra.3 > R2 > Bed 324 12 bed m,Cauliflower,5.0,Kilograms,,Unknown outlet,Full-Size,No
22/04/2019,Celeriac Generic Variety 18/10/2018 Ra.3 > R1 > Bed 306 8 bed m,Celeriac,0.0,Each,,Unknown outlet,,No
22/04/2019,Celery Generic Variety 24/09/2018 Ra.2 > C1 > Bed 210 12 bed m,Celery,20.0,Each,,Unknown outlet,Full-Size,No
22/04/2019,Chard Fordhook Giant 21/08/2018 HH > B > Bed 7 6 bed m,Chard,8.0,Bunches,,Unknown outlet,Full-Size,No
22/04/2019,Cilantro Santirini - נטע 13/12/2018 Ra.1 > L1 > Bed 119 8 bed m,Cilantro,10.0,Bunches,,Unknown outlet,Leaf,No
22/04/2019,"Dill Generic Variety 27/11/2018 Ra.1 > L1 > Beds 116, 118 6 bed m",Dill,15.0,Bunches,,Unknown outlet,Full-Size,Yes
22/04/2019,Fennel Generic Variety 11/10/2018 Ra.3 > R2 > Bed 328 12 bed m,Fennel,5.0,Kilograms,,Unknown outlet,Full-Size,Yes
22/04/2019,Kale Lacinato (Dinosaur) 05/07/2018 HH > A > Bed 5 6 bed m,Kale,2.0,Bunches,,Unknown outlet,Full-Size,No
22/04/2019,Kale Lacinato (Dinosaur) 18/01/2018 HH > A > Bed 6 6 bed m,Kale,2.0,Bunches,,Unknown outlet,Full-Size,No
22/04/2019,Kale Lacinato (Dinosaur) 19/08/2018 HH > B > Bed 7 6 bed m,Kale,2.0,Bunches,,Unknown outlet,Full-Size,No
22/04/2019,Kohlrabi Generic Variety 15/12/2018 Ra.3 > R2 > Bed 320 12 bed m,Kohlrabi,8.0,Kilograms,,Unknown outlet,Full-Size,No
22/04/2019,Lettuce מסולסלת מעורב 01/12/2018 Ra.1 > L1 > Bed 116 8 bed m,Lettuce,20.0,Heads,,Unknown outlet,Full-Size,Yes
22/04/2019,Lettuce מסולסלת מעורב 13/03/2019 Ra.2 > C2 > Bed 219 6 bed m,Lettuce,20.0,Heads,,Unknown outlet,Full-Size,Yes
22/04/2019,Lettuce: Salad Mix Generic Variety 10/12/2018 Ra.1 > L1 > Bed 115 6 bed m,Lettuce: Salad Mix,3.0,Kilograms,,Unknown outlet,Full-Size,Yes
22/04/2019,Lettuce: Salad Mix Sativa L. 1836 21/11/2018 Ra.1 > L1 > Bed 112 6 bed m,Lettuce: Salad Mix,2.0,Kilograms,,Unknown outlet,Full-Size,Yes
22/04/2019,Mizuna Generic Variety 27/02/2019 Ra.1 > L6m > Bed 108 6 bed m,Mizuna,4.0,Kilograms,,Unknown outlet,Baby Leaf,No
22/04/2019,Parsley Root Generic Variety 10/12/2018 Ra.1 > L1 > Bed 118 6 bed m,Parsley Root,2.0,Kilograms,,Unknown outlet,,No
22/04/2019,"Peas Tall Telephone 18/10/2018 HH > C > Beds 13, 15 24 bed m",Peas,0.0,Kilograms,,Unknown outlet,Full-Size,No
22/04/2019,Peas Tall Telephone 18/12/2018 HH > C > Bed 18 12 bed m,Peas,0.0,Kilograms,,Unknown outlet,Full-Size,No
22/04/2019,Radishes French Breakfast 13/03/2019 Ra.2 > C2 > Bed 218 3 bed m,Radishes,20.0,Bunches,,Unknown outlet,Full-Size,Yes
22/04/2019,Turnips lodigiana לבן שטוח 10/12/2018 Ra.1 > L1 > Bed 118 3 bed m,Turnips,4.0,Bunches,,Unknown outlet,Full-Size,No
28/04/2019,Lettuce Generic Variety 15/12/2018 Ra.3 > R2 > Bed 317 12 bed m,Lettuce,6.0,Heads,,Unknown outlet,Full-Size,No
29/04/2019,Anise Hyssop אזוב מצוי 17/07/2018 Ra.1 > L1 > Bed 109 4 bed m,Anise Hyssop,8.0,Bunches,,Unknown outlet,Full-Size,No
29/04/2019,Arugula Wild Rocket 13/01/2019 Ra.2 > C6m > Bed 208 6 bed m,Arugula,1.0,Kilograms,,Unknown outlet,Baby Leaf,No
29/04/2019,Beans: Fava Generic Variety 01/11/2018 Ra.3 > R2 > Bed 321 12 bed m,Beans: Fava,0.0,Kilograms,,Unknown outlet,Fresh Shelling,Yes
29/04/2019,Beets Boldor 26/12/2018 Ra.2 > C2 > Bed 221 6 bed m,Beets,3.0,Bunches,,Unknown outlet,Full-Size Root,No
29/04/2019,Beets Chioggia Guardsmark 26/12/2018 Ra.2 > C2 > Bed 221 6 bed m,Beets,3.0,Bunches,,Unknown outlet,Full-Size Root,No
29/04/2019,Beets Generic Variety 12/11/2018 Ra.3 > R3 > Bed 329 12 bed m,Beets,5.0,Bunches,,Unknown outlet,Full-Size Root,No
29/04/2019,Beets MIX עלי ביבי 14/11/2018 Ra.1 > L6m > Bed 105 6 bed m,Beets,3.9,Kilograms,,Unknown outlet,Baby Leaf Greens,No
29/04/2019,Broccoli Generic Variety 04/12/2018 Ra.3 > R2 > Bed 323 12 bed m,Broccoli,0.5,Kilograms,,Unknown outlet,Head,No
29/04/2019,Cabbage Generic Variety 25/12/2018 Ra.2 > C2 > Bed 227 12 bed m,Cabbage,5.0,Kilograms,,Unknown outlet,Full-Size,No
29/04/2019,Carrots Nantes Half Long 13/01/2019 Ra.1 > L1 > Bed 120 12 bed m,Carrots,4.0,Kilograms,,Unknown outlet,Full-Size,No
29/04/2019,Cauliflower Generic Variety 20/11/2018 Ra.3 > R1 > Bed 313 12 bed m,Cauliflower,2.0,Kilograms,,Unknown outlet,Full-Size,No
29/04/2019,Celeriac Generic Variety 30/10/2018 Ra.3 > R2 > Bed 319 12 bed m,Celeriac,8.0,Each,,Unknown outlet,,No
29/04/2019,Celery Generic Variety 24/09/2018 Ra.2 > C1 > Bed 210 12 bed m,Celery,10.0,Each,,Unknown outlet,Full-Size,Yes
29/04/2019,Chard Bright Lights 01/11/2018 Ra.1 > L6m > Bed 101 6 bed m,Chard,3.16,Kilograms,,Unknown outlet,Full-Size,Yes
29/04/2019,Cilantro Santirini - נטע 13/12/2018 Ra.1 > L1 > Bed 119 8 bed m,Cilantro,8.0,Bunches,,Unknown outlet,Leaf,No
29/04/2019,Dill Generic Variety 13/11/2018 Ra.3 > R6m > Bed 303 6 bed m,Dill,,,,Unknown outlet,Leaf,Yes
29/04/2019,Fennel Generic Variety 25/12/2018 Ra.2 > C2 > Bed 226 6 bed m,Fennel,5.0,Kilograms,,Unknown outlet,Full-Size,No
29/04/2019,Kale Lacinato (Dinosaur) 18/01/2018 HH > A > Bed 6 6 bed m,Kale,3.0,Bunches,,Unknown outlet,Full-Size,No
29/04/2019,Kale Red Russian 21/11/2018 Ra.1 > L1 > Bed 112 3 bed m,Kale,3.0,Kilograms,,Unknown outlet,Baby Leaf,Yes
29/04/2019,Kohlrabi Generic Variety 15/12/2018 Ra.3 > R2 > Bed 320 12 bed m,Kohlrabi,5.0,Kilograms,,Unknown outlet,Full-Size,No
29/04/2019,Lettuce Generic Variety 15/12/2018 Ra.3 > R2 > Bed 317 12 bed m,Lettuce,,,,Unknown outlet,Full-Size,Yes
29/04/2019,Lettuce Generic Variety 18/12/2018 Ra.1 > L2 > Bed 123 12 bed m,Lettuce,5.0,Heads,,Unknown outlet,Full-Size,No
29/04/2019,Lettuce מסולסלת מעורב 01/12/2018 Ra.1 > L1 > Bed 116 8 bed m,Lettuce,35.0,Heads,,Unknown outlet,Full-Size,Yes
29/04/2019,Lettuce מסולסלת מעורב 24/01/2019 Ra.3 > R1 > Bed 316 12 bed m,Lettuce,8.0,Heads,,Unknown outlet,Full-Size,Yes
29/04/2019,Lettuce: Salad Mix Sativa L. 1836 19/02/2019 Ra.1 > L1 > Bed 113 6 bed m,Lettuce: Salad Mix,1.0,Kilograms,,Unknown outlet,Full-Size,Yes
29/04/2019,"Lettuce: Salad Mix מיקס שלנו, דמוי בן שחר 19/02/2019 Ra.1 > L6m > Bed 106 6 bed m",Lettuce: Salad Mix,1.0,Kilograms,,Unknown outlet,Full-Size,Yes
29/04/2019,Mizuna Generic Variety 27/02/2019 Ra.1 > L6m > Bed 108 6 bed m,Mizuna,4.0,Kilograms,,Unknown outlet,Baby Leaf,No
29/04/2019,Mustard Generic Variety 10/12/2018 Ra.1 > L1 > Bed 115 3 bed m,Mustard,0.0,Kilograms,,Unknown outlet,Full-Size,Yes
29/04/2019,Pac Choi (Bok Choy) Generic Variety 18/02/2019 Ra.1 > L2 > Bed 126 4 bed m,Pac Choi (Bok Choy),0.0,Heads,,Unknown outlet,Mini-Size,No
29/04/2019,Parsley Italian Flat 12/11/2018 Ra.3 > R6m > Bed 304 6 bed m,Parsley,8.0,Bunches,,Unknown outlet,Full-Size,No
29/04/2019,Parsley Root Generic Variety 10/12/2018 Ra.1 > L1 > Bed 118 6 bed m,Parsley Root,2.0,Kilograms,,Unknown outlet,,No
29/04/2019,Parsley Root Generic Variety 21/11/2018 Ra.2 > C6m > Bed 205 6 bed m,Parsley Root,2.0,Kilograms,,Unknown outlet,,No
29/04/2019,Peas Kelvedon Wonder 10/01/2019 Ra.1 > L1 > Bed 111 12 bed m,Peas,0.0,Kilograms,,Unknown outlet,Full-Size,Yes
29/04/2019,Tarragon שיבה 17/07/2018  4 bed m,Tarragon,4.0,Bunches,,Unknown outlet,Full-Size,No
29/04/2019,Tarragon שיבה 17/07/2018 Ra.1 > L1 > Bed 109 2 bed m,Tarragon,4.0,Bunches,,Unknown outlet,Full-Size,No
29/04/2019,Tatsoi Generic Variety 28/03/2019 HH > C > Bed 17 6 bed m,Tatsoi,0.0,Kilograms,,Unknown outlet,Baby Leaf,No
29/04/2019,Turnips lodigiana לבן שטוח 10/12/2018 Ra.1 > L1 > Bed 118 3 bed m,Turnips,3.0,Bunches,,Unknown outlet,Full-Size,No
30/04/2019,Fennel Generic Variety 25/12/2018 Ra.2 > C2 > Bed 226 6 bed m,Fennel,,,,Unknown outlet,Full-Size,Yes
02/05/2019,Cilantro Santirini - נטע 13/12/2018 Ra.1 > L1 > Bed 119 8 bed m,Cilantro,20.0,Bunches,,Unknown outlet,Leaf,Yes
05/05/2019,Chard Bright Lights 24/06/2018 Ra.1 > L2 > Bed 124 12 bed m,Chard,,,Farmers Market,הדוכן יום ב,Full-Size,Yes
05/05/2019,Chard Bright Lights 24/06/2018 Ra.1 > L2 > Bed 124 12 bed m,Chard,,,,Unknown outlet,Full-Size,Yes
05/05/2019,Chard Bright Lights 24/06/2018 Ra.1 > L2 > Bed 124 12 bed m,Chard,,,Farmers Market,קטיף יום ה,Full-Size,Yes
06/05/2019,Kohlrabi Generic Variety 15/12/2018 Ra.3 > R2 > Bed 320 12 bed m,Kohlrabi,,,Farmers Market,הדוכן יום ב,Full-Size,Yes
06/05/2019,Kohlrabi Generic Variety 15/12/2018 Ra.3 > R2 > Bed 320 12 bed m,Kohlrabi,,,,Unknown outlet,Full-Size,Yes
06/05/2019,Kohlrabi Generic Variety 15/12/2018 Ra.3 > R2 > Bed 320 12 bed m,Kohlrabi,,,Farmers Market,קטיף יום ה,Full-Size,Yes
07/05/2019,Summer Squash Goldy 20/02/2019 Ra.3 > R1 > Bed 315 12 bed m,Summer Squash,1.0,Kilograms,,Unknown outlet,,No
08/05/2019,Anise Hyssop אזוב מצוי 17/07/2018 HH > A > Bed 4 4 bed m,Anise Hyssop,4.0,Bunches,,Unknown outlet,Full-Size,No
08/05/2019,Anise Hyssop אזוב מצוי 17/07/2018 Ra.1 > L1 > Bed 109 4 bed m,Anise Hyssop,6.0,Bunches,,Unknown outlet,Full-Size,No
08/05/2019,Arugula Wild Rocket 13/01/2019 Ra.2 > C6m > Bed 208 6 bed m,Arugula,2.0,Kilograms,,Unknown outlet,Baby Leaf,No
08/05/2019,Basil Genovese 27/03/2019 Ra.1 > L2 > Bed 132 12 bed m,Basil,8.0,Bunches,,Unknown outlet,Full-Size,No
08/05/2019,Beets Boldor 26/12/2018 Ra.2 > C2 > Bed 221 6 bed m,Beets,4.0,Bunches,,Unknown outlet,Full-Size Root,No
08/05/2019,Beets Chioggia Guardsmark 26/12/2018 Ra.2 > C2 > Bed 221 6 bed m,Beets,5.0,Bunches,,Unknown outlet,Full-Size Root,No
08/05/2019,Beets Generic Variety 12/11/2018 Ra.3 > R3 > Bed 329 12 bed m,Beets,9.0,Bunches,,Unknown outlet,Full-Size Root,No
08/05/2019,Beets MIX עלי ביבי 14/11/2018 Ra.1 > L6m > Bed 105 6 bed m,Beets,5.0,Kilograms,,Unknown outlet,Baby Leaf Greens,No
08/05/2019,Beets MIX עלי ביבי 19/02/2019 Ra.1 > L1 > Bed 113 6 bed m,Beets,0.5,Kilograms,,Unknown outlet,Baby Leaf Greens,No
08/05/2019,Broccoli Generic Variety 04/12/2018 Ra.3 > R2 > Bed 323 12 bed m,Broccoli,1.0,Kilograms,,Unknown outlet,Head,No
08/05/2019,Broccoli Generic Variety 18/12/2018 Ra.3 > R2 > Bed 327 12 bed m,Broccoli,1.0,Kilograms,,Unknown outlet,Head,No
08/05/2019,Cabbage Generic Variety 25/12/2018 Ra.2 > C2 > Bed 227 12 bed m,Cabbage,5.0,Kilograms,,Unknown outlet,Full-Size,No
08/05/2019,Carrots Nantes Half Long 10/12/2018 Ra.1 > L1 > Bed 114 12 bed m,Carrots,10.0,Bunches,,Unknown outlet,Full-Size,No
08/05/2019,Cauliflower Generic Variety 20/11/2018 Ra.3 > R1 > Bed 313 12 bed m,Cauliflower,4.0,Kilograms,,Unknown outlet,Full-Size,No
08/05/2019,Celeriac Generic Variety 30/10/2018 Ra.3 > R2 > Bed 319 12 bed m,Celeriac,10.0,Each,,Unknown outlet,,No
08/05/2019,Celery Generic Variety 16/10/2018 Ra.3 > R2 > Bed 318 12 bed m,Celery,5.0,Kilograms,,Unknown outlet,Full-Size,No
08/05/2019,Chard Fordhook Giant 01/11/2018 HH > A > Bed 5 6 bed m,Chard,4.0,Bunches,,Unknown outlet,Full-Size,No
08/05/2019,Chard Fordhook Giant 21/08/2018 HH > B > Bed 7 6 bed m,Chard,4.0,Bunches,,Unknown outlet,Full-Size,No
08/05/2019,Cilantro Santirini - נטע 17/01/2019 Ra.2 > C6m > Bed 203 6 bed m,Cilantro,20.0,Bunches,,Unknown outlet,Leaf,No
08/05/2019,Cress Garden Broadleaf 28/03/2019 HH > C > Bed 17 6 bed m,Cress,1.0,Kilograms,,Unknown outlet,Full-Size,No
08/05/2019,Dill Generic Variety 31/12/2018 Ra.2 > C6m > Bed 201 3 bed m,Dill,0.0,Bunches,,Unknown outlet,Leaf,No
08/05/2019,Eggplant Meatball 25/02/2019 Ra.1 > L1 > Bed 117 12 bed m,Eggplant,3.0,Kilograms,,Unknown outlet,,No
08/05/2019,Fennel Generic Variety 13/12/2018 Ra.3 > R3 > Bed 330 12 bed m,Fennel,2.0,Kilograms,,Unknown outlet,Full-Size,No
08/05/2019,Kale Lacinato (Dinosaur) 05/07/2018 HH > A > Bed 5 6 bed m,Kale,3.0,Bunches,,Unknown outlet,Full-Size,No
08/05/2019,Kale Lacinato (Dinosaur) 18/01/2018 HH > A > Bed 6 6 bed m,Kale,3.0,Bunches,,Unknown outlet,Full-Size,No
08/05/2019,Kale Lacinato (Dinosaur) 19/08/2018 HH > B > Bed 7 6 bed m,Kale,3.0,Bunches,,Unknown outlet,Full-Size,No
08/05/2019,Kale Red Russian 10/04/2019 Ra.2 > C6m > Bed 207 3 bed m,Kale,0.5,Kilograms,,Unknown outlet,Baby Leaf,No
08/05/2019,Kohlrabi Generic Variety 08/01/2019 Ra.2 > C2 > Bed 218 8 bed m,Kohlrabi,3.5,Kilograms,,Unknown outlet,Full-Size,No
08/05/2019,Lettuce Generic Variety 18/12/2018 Ra.1 > L2 > Bed 123 12 bed m,Lettuce,15.0,Heads,,Unknown outlet,Full-Size,No
08/05/2019,Lettuce Generic Variety 31/12/2018 Ra.1 > L2 > Bed 131 12 bed m,Lettuce,28.0,Heads,,Unknown outlet,Full-Size,No
08/05/2019,"Lettuce: Salad Mix מיקס שלנו, דמוי בן שחר 01/01/2019 HH > C > Bed 16 6 bed m",Lettuce: Salad Mix,4.0,Kilograms,,Unknown outlet,Full-Size,No
08/05/2019,"Lettuce: Salad Mix מיקס שלנו, דמוי בן שחר 28/03/2019 HH > C > Bed 16 6 bed m",Lettuce: Salad Mix,2.0,Kilograms,,Unknown outlet,Full-Size,No
08/05/2019,Mizuna Generic Variety 27/02/2019 Ra.1 > L6m > Bed 108 6 bed m,Mizuna,0.5,Kilograms,,Unknown outlet,Baby Leaf,No
08/05/2019,Mustard Red Giant 10/04/2019 Ra.2 > C6m > Bed 207 3 bed m,Mustard,1.0,Kilograms,,Unknown outlet,Full-Size,No
08/05/2019,Onions: Scallions Generic Variety 12/11/2018 Ra.3 > R1 > Bed 306 3 bed m,Onions: Scallions,5.0,Bunches,,Unknown outlet,Full-Size,No
08/05/2019,Parsley Root Generic Variety 21/11/2018 Ra.2 > C6m > Bed 205 6 bed m,Parsley Root,10.0,Bunches,,Unknown outlet,,No
08/05/2019,Summer Squash Goldy 20/02/2019 Ra.3 > R1 > Bed 315 12 bed m,Summer Squash,2.0,Kilograms,,Unknown outlet,,No
08/05/2019,Tarragon שיבה 17/07/2018  4 bed m,Tarragon,0.0,Bunches,,Unknown outlet,Full-Size,No
08/05/2019,Tarragon שיבה 17/07/2018 Ra.1 > L1 > Bed 109 2 bed m,Tarragon,0.0,Bunches,,Unknown outlet,Full-Size,No
10/05/2019,Anise Hyssop אזוב מצוי 17/07/2018 HH > A > Bed 4 4 bed m,Anise Hyssop,2.0,Bunches,,Unknown outlet,Full-Size,No
10/05/2019,Basil Genovese 27/03/2019 Ra.1 > L2 > Bed 132 12 bed m,Basil,10.0,Bunches,,Unknown outlet,Full-Size,No
10/05/2019,Chard Fordhook Giant 01/11/2018 HH > A > Bed 5 6 bed m,Chard,0.0,Bunches,,Unknown outlet,Full-Size,No
10/05/2019,Chard Fordhook Giant 21/08/2018 HH > B > Bed 7 6 bed m,Chard,8.0,Bunches,,Unknown outlet,Full-Size,No
10/05/2019,Cress Garden Broadleaf 28/03/2019 HH > C > Bed 17 6 bed m,Cress,1.0,Kilograms,,Unknown outlet,Full-Size,No
10/05/2019,Kale Lacinato (Dinosaur) 01/11/2018 HH > A > Bed 6 6 bed m,Kale,3.0,Bunches,,Unknown outlet,Full-Size,No
10/05/2019,Kale Lacinato (Dinosaur) 05/07/2018 HH > A > Bed 5 6 bed m,Kale,3.0,Bunches,,Unknown outlet,Full-Size,No
10/05/2019,Kale Lacinato (Dinosaur) 18/01/2018 HH > A > Bed 6 6 bed m,Kale,3.0,Bunches,,Unknown outlet,Full-Size,No
10/05/2019,Kale Lacinato (Dinosaur) 19/08/2018 HH > B > Bed 7 6 bed m,Kale,3.0,Bunches,,Unknown outlet,Full-Size,No
10/05/2019,Kale Red Russian 10/04/2019 Ra.2 > C6m > Bed 207 3 bed m,Kale,0.5,Kilograms,,Unknown outlet,Baby Leaf,No
10/05/2019,Lettuce Generic Variety 18/12/2018 Ra.1 > L2 > Bed 123 12 bed m,Lettuce,10.0,Heads,,Unknown outlet,Full-Size,No
10/05/2019,Lettuce Generic Variety 31/12/2018 Ra.1 > L2 > Bed 131 12 bed m,Lettuce,12.0,Heads,,Unknown outlet,Full-Size,No
10/05/2019,"Lettuce: Salad Mix מיקס שלנו, דמוי בן שחר 01/01/2019 HH > C > Bed 16 6 bed m",Lettuce: Salad Mix,0.5,Kilograms,,Unknown outlet,Full-Size,No
10/05/2019,"Lettuce: Salad Mix מיקס שלנו, דמוי בן שחר 28/03/2019 HH > C > Bed 16 6 bed m",Lettuce: Salad Mix,2.0,Kilograms,,Unknown outlet,Full-Size,No
10/05/2019,Mizuna Generic Variety 27/02/2019 Ra.1 > L6m > Bed 108 6 bed m,Mizuna,0.0,Kilograms,,Unknown outlet,Baby Leaf,No
10/05/2019,Mustard Red Giant 10/04/2019 Ra.2 > C6m > Bed 207 3 bed m,Mustard,0.5,Kilograms,,Unknown outlet,Full-Size,No
10/05/2019,Onions: Scallions Generic Variety 12/11/2018 Ra.3 > R1 > Bed 306 3 bed m,Onions: Scallions,12.0,Bunches,,Unknown outlet,Full-Size,No
12/05/2019,Lettuce Generic Variety 18/12/2018 Ra.1 > L2 > Bed 123 12 bed m,Lettuce,30.0,Heads,,Unknown outlet,Full-Size,No
12/05/2019,Summer Squash Goldy 20/02/2019 Ra.3 > R1 > Bed 315 12 bed m,Summer Squash,4.8,Kilograms,,Unknown outlet,,No
13/05/2019,Anise Hyssop אזוב מצוי 17/07/2018 Ra.1 > L1 > Bed 109 4 bed m,Anise Hyssop,4.0,Bunches,,Unknown outlet,Full-Size,No
13/05/2019,Arugula Arugula 03/04/2019 Ra.1 > L6m > Bed 102 6 bed m,Arugula,2.0,Kilograms,,Unknown outlet,Baby Leaf,No
13/05/2019,Basil Genovese 27/03/2019 Ra.1 > L2 > Bed 132 12 bed m,Basil,15.0,Bunches,,Unknown outlet,Full-Size,No
13/05/2019,Beets Boldor 26/12/2018 Ra.2 > C2 > Bed 221 6 bed m,Beets,2.0,Bunches,,Unknown outlet,Full-Size Root,No
13/05/2019,Beets Chioggia Guardsmark 26/12/2018 Ra.2 > C2 > Bed 221 6 bed m,Beets,2.0,Bunches,,Unknown outlet,Full-Size Root,No
13/05/2019,Beets Generic Variety 12/11/2018 Ra.3 > R3 > Bed 329 12 bed m,Beets,4.0,Bunches,,Unknown outlet,Full-Size Root,No
13/05/2019,Beets MIX עלי ביבי 14/11/2018 Ra.1 > L6m > Bed 105 6 bed m,Beets,4.0,Kilograms,,Unknown outlet,Baby Leaf Greens,No
13/05/2019,Beets MIX עלי ביבי 19/02/2019 Ra.1 > L1 > Bed 113 6 bed m,Beets,0.0,Kilograms,,Unknown outlet,Baby Leaf Greens,No
13/05/2019,Broccoli Generic Variety 04/12/2018 Ra.3 > R2 > Bed 323 12 bed m,Broccoli,1.0,Kilograms,,Unknown outlet,Head,Yes
13/05/2019,Broccoli Generic Variety 18/12/2018 Ra.3 > R2 > Bed 327 12 bed m,Broccoli,1.0,Kilograms,,Unknown outlet,Head,No
13/05/2019,Cabbage Generic Variety 25/12/2018 Ra.2 > C2 > Bed 227 12 bed m,Cabbage,2.0,Kilograms,,Unknown outlet,Full-Size,No
13/05/2019,Carrots Nantes Half Long 10/12/2018 Ra.1 > L1 > Bed 114 12 bed m,Carrots,10.0,Bunches,,Unknown outlet,Full-Size,No
13/05/2019,Cauliflower Generic Variety 20/11/2018 Ra.3 > R1 > Bed 313 12 bed m,Cauliflower,2.0,Kilograms,,Unknown outlet,Full-Size,Yes
13/05/2019,Celeriac Generic Variety 18/10/2018 Ra.3 > R1 > Bed 306 8 bed m,Celeriac,10.0,Each,,Unknown outlet,,Yes
13/05/2019,Celery Generic Variety 16/10/2018 Ra.3 > R2 > Bed 318 12 bed m,Celery,6.0,Each,,Unknown outlet,Full-Size,No
13/05/2019,Cress Garden Broadleaf 28/03/2019 HH > C > Bed 17 6 bed m,Cress,2.0,Kilograms,,Unknown outlet,Full-Size,Yes
13/05/2019,Eggplant Meatball 25/02/2019 Ra.1 > L1 > Bed 117 12 bed m,Eggplant,4.0,Kilograms,,Unknown outlet,,No
13/05/2019,Fennel Generic Variety 13/12/2018 Ra.3 > R3 > Bed 330 12 bed m,Fennel,2.0,Kilograms,,Unknown outlet,Full-Size,Yes
13/05/2019,Kale Lacinato (Dinosaur) 05/07/2018 HH > A > Bed 5 6 bed m,Kale,3.0,Bunches,,Unknown outlet,Full-Size,No
13/05/2019,Kale Lacinato (Dinosaur) 18/01/2018 HH > A > Bed 6 6 bed m,Kale,3.0,Bunches,,Unknown outlet,Full-Size,No
13/05/2019,Kale Red Russian 10/04/2019 Ra.2 > C6m > Bed 207 3 bed m,Kale,1.0,Kilograms,,Unknown outlet,Baby Leaf,No
13/05/2019,Lettuce Generic Variety 18/12/2018 Ra.1 > L2 > Bed 123 12 bed m,Lettuce,20.0,Heads,,Unknown outlet,Full-Size,No
13/05/2019,Lettuce Generic Variety 31/12/2018 Ra.1 > L2 > Bed 131 12 bed m,Lettuce,10.0,Heads,,Unknown outlet,Full-Size,No
13/05/2019,"Lettuce: Salad Mix מיקס שלנו, דמוי בן שחר 28/03/2019 HH > C > Bed 16 6 bed m",Lettuce: Salad Mix,2.0,Kilograms,,Unknown outlet,Full-Size,No
13/05/2019,Mizuna Generic Variety 19/02/2019 Ra.2 > C6m > Bed 206 6 bed m,Mizuna,1.0,Kilograms,,Unknown outlet,Baby Leaf,No
13/05/2019,Mizuna Generic Variety 27/02/2019 Ra.1 > L6m > Bed 108 6 bed m,Mizuna,1.0,Kilograms,,Unknown outlet,Baby Leaf,Yes
13/05/2019,Mustard Red Giant 10/04/2019 Ra.2 > C6m > Bed 207 3 bed m,Mustard,1.0,Kilograms,,Unknown outlet,Full-Size,No
13/05/2019,Parsley Root Generic Variety 21/11/2018 Ra.2 > C6m > Bed 205 6 bed m,Parsley Root,6.0,Bunches,,Unknown outlet,,No
13/05/2019,Radishes Nero Tondo 13/03/2019 Ra.2 > C2 > Bed 218 3 bed m,Radishes,4.0,Bunches,,Unknown outlet,Full-Size,No
13/05/2019,Summer Squash Goldy 20/02/2019 Ra.3 > R1 > Bed 315 12 bed m,Summer Squash,3.0,Kilograms,,Unknown outlet,,No
15/05/2019,Summer Squash Goldy 20/02/2019 Ra.3 > R1 > Bed 315 12 bed m,Summer Squash,2.0,Kilograms,,Unknown outlet,,No
16/05/2019,Cauliflower Generic Variety 04/12/2018 Ra.3 > R2 > Bed 324 12 bed m,Cauliflower,0.0,Kilograms,,Unknown outlet,Full-Size,Yes
16/05/2019,Celeriac Generic Variety 23/08/2018 Ra.3 > R1 > Bed 314 12 bed m,Celeriac,,,Farmers Market,הדוכן יום ב,,Yes
16/05/2019,Celeriac Generic Variety 23/08/2018 Ra.3 > R1 > Bed 314 12 bed m,Celeriac,,,,Unknown outlet,,Yes
16/05/2019,Celeriac Generic Variety 23/08/2018 Ra.3 > R1 > Bed 314 12 bed m,Celeriac,,,Farmers Market,קטיף יום ה,,Yes
16/05/2019,"Lettuce: Salad Mix מיקס שלנו, דמוי בן שחר 01/01/2019 HH > C > Bed 16 6 bed m",Lettuce: Salad Mix,,,Farmers Market,הדוכן יום ב,Full-Size,Yes
16/05/2019,"Lettuce: Salad Mix מיקס שלנו, דמוי בן שחר 01/01/2019 HH > C > Bed 16 6 bed m",Lettuce: Salad Mix,,,,Unknown outlet,Full-Size,Yes
16/05/2019,"Lettuce: Salad Mix מיקס שלנו, דמוי בן שחר 01/01/2019 HH > C > Bed 16 6 bed m",Lettuce: Salad Mix,,,Farmers Market,קטיף יום ה,Full-Size,Yes
19/05/2019,Summer Squash Goldy 20/02/2019 Ra.3 > R1 > Bed 315 12 bed m,Summer Squash,3.0,Kilograms,,Unknown outlet,,No
20/05/2019,Anise Hyssop אזוב מצוי 17/07/2018 HH > A > Bed 4 4 bed m,Anise Hyssop,0.0,Bunches,,Unknown outlet,Full-Size,No
20/05/2019,Anise Hyssop אזוב מצוי 17/07/2018 Ra.1 > L1 > Bed 109 4 bed m,Anise Hyssop,8.0,Bunches,,Unknown outlet,Full-Size,No
20/05/2019,Arugula Wild Rocket 13/01/2019 Ra.2 > C6m > Bed 208 6 bed m,Arugula,2.0,Kilograms,,Unknown outlet,Baby Leaf,No
20/05/2019,Beets Boldor 26/12/2018 Ra.2 > C2 > Bed 221 6 bed m,Beets,10.0,Bunches,,Unknown outlet,Full-Size Root,Yes
20/05/2019,Beets Chioggia Guardsmark 26/12/2018 Ra.2 > C2 > Bed 221 6 bed m,Beets,10.0,Bunches,,Unknown outlet,Full-Size Root,Yes
20/05/2019,Beets MIX עלי ביבי 14/11/2018 Ra.1 > L6m > Bed 105 6 bed m,Beets,0.0,Kilograms,,Unknown outlet,Baby Leaf Greens,No
20/05/2019,Beets MIX עלי ביבי 19/02/2019 Ra.1 > L1 > Bed 113 6 bed m,Beets,2.0,Kilograms,,Unknown outlet,Baby Leaf Greens,No
20/05/2019,Carrots Nantes Half Long 10/12/2018 Ra.1 > L1 > Bed 114 12 bed m,Carrots,5.0,Bunches,,Unknown outlet,Full-Size,No
20/05/2019,Celeriac Generic Variety 30/10/2018 Ra.3 > R2 > Bed 319 12 bed m,Celeriac,0.0,Each,,Unknown outlet,,No
20/05/2019,Celery Generic Variety 16/10/2018 Ra.3 > R2 > Bed 318 12 bed m,Celery,0.0,Each,,Unknown outlet,Full-Size,No
20/05/2019,Chard Fordhook Giant 21/08/2018 HH > B > Bed 7 6 bed m,Chard,15.0,Bunches,,Unknown outlet,Full-Size,Yes
20/05/2019,Eggplant Meatball 25/02/2019 Ra.1 > L1 > Bed 117 12 bed m,Eggplant,4.0,Kilograms,,Unknown outlet,,No
20/05/2019,Kale Lacinato (Dinosaur) 19/08/2018 HH > B > Bed 7 6 bed m,Kale,10.0,Bunches,,Unknown outlet,Full-Size,Yes
20/05/2019,Kale Red Russian 10/04/2019 Ra.2 > C6m > Bed 207 3 bed m,Kale,1.0,Kilograms,,Unknown outlet,Baby Leaf,No
20/05/2019,Lettuce Generic Variety 20/01/2019 Ra.1 > L2 > Bed 126 8 bed m,Lettuce,15.0,Heads,,Unknown outlet,Full-Size,No
20/05/2019,Lettuce: Salad Mix Encore Lettuce Mix 03/04/2019 Ra.1 > L6m > Bed 103 6 bed m,Lettuce: Salad Mix,1.0,Kilograms,,Unknown outlet,Full-Size,No
20/05/2019,"Lettuce: Salad Mix מיקס שלנו, דמוי בן שחר 28/03/2019 HH > C > Bed 16 6 bed m",Lettuce: Salad Mix,2.0,Kilograms,,Unknown outlet,Full-Size,No
20/05/2019,Mizuna Generic Variety 19/02/2019 Ra.2 > C6m > Bed 206 6 bed m,Mizuna,0.0,Kilograms,,Unknown outlet,Baby Leaf,No
20/05/2019,Mustard Red Giant 10/04/2019 Ra.2 > C6m > Bed 207 3 bed m,Mustard,0.5,Kilograms,,Unknown outlet,Full-Size,No
20/05/2019,New Zealand Spinach Generic Variety 19/02/2019 Ra.2 > C2 > Bed 220 12 bed m,New Zealand Spinach,4.0,Kilograms,,Unknown outlet,,No
20/05/2019,Onions: Scallions Generic Variety 20/02/2019 Ra.2 > C6m > Bed 201 3 bed m,Onions: Scallions,4.0,Bunches,,Unknown outlet,Full-Size,No
20/05/2019,Parsley Green Perle - מסולסלת 13/12/2018 Ra.2 > C6m > Bed 204 6 bed m,Parsley,15.0,Bunches,,Unknown outlet,Full-Size,No
20/05/2019,Parsley Root Generic Variety 21/11/2018 Ra.2 > C6m > Bed 205 6 bed m,Parsley Root,5.0,Bunches,,Unknown outlet,,No
20/05/2019,Radishes French Breakfast 15/04/2019 Ra.1 > L2 > Bed 131 4 bed m,Radishes,5.0,Bunches,,Unknown outlet,Full-Size,Yes
20/05/2019,Radishes Nero Tondo 13/03/2019 Ra.2 > C2 > Bed 218 3 bed m,Radishes,3.0,Bunches,,Unknown outlet,Full-Size,No
20/05/2019,Summer Squash Goldy 20/02/2019 Ra.3 > R1 > Bed 315 12 bed m,Summer Squash,4.0,Kilograms,,Unknown outlet,,No
22/05/2019,Summer Squash Goldy 20/02/2019 Ra.3 > R1 > Bed 315 12 bed m,Summer Squash,2.0,Kilograms,,Unknown outlet,,No
22/05/2019,Sunflower Generic Variety 22/05/2019  0 ,Sunflower,10.0,Cases,Farmers Market,קטיף יום ה,Microgreen,No
23/05/2019,Anise Hyssop אזוב מצוי 17/07/2018 Ra.1 > L1 > Bed 109 4 bed m,Anise Hyssop,6.0,Bunches,Farmers Market,קטיף יום ה,Full-Size,No
23/05/2019,Arugula Arugula 03/04/2019 Ra.1 > L6m > Bed 102 6 bed m,Arugula,4.0,Kilograms,Farmers Market,קטיף יום ה,Baby Leaf,No
23/05/2019,Beets Generic Variety 12/11/2018 Ra.3 > R3 > Bed 329 12 bed m,Beets,10.0,Bunches,Farmers Market,קטיף יום ה,Full-Size Root,No
23/05/2019,Beets MIX עלי ביבי 14/11/2018 Ra.1 > L6m > Bed 105 6 bed m,Beets,0.5,Kilograms,Farmers Market,קטיף יום ה,Baby Leaf Greens,No
23/05/2019,Beets MIX עלי ביבי 19/02/2019 Ra.1 > L1 > Bed 113 6 bed m,Beets,2.0,Kilograms,Farmers Market,קטיף יום ה,Baby Leaf Greens,No
23/05/2019,Broccoli Generic Variety 18/12/2018 Ra.3 > R2 > Bed 327 12 bed m,Broccoli,0.5,Kilograms,Farmers Market,קטיף יום ה,Head,No
23/05/2019,Cabbage Generic Variety 25/12/2018 Ra.2 > C2 > Bed 227 12 bed m,Cabbage,10.0,Kilograms,Farmers Market,קטיף יום ה,Full-Size,No
23/05/2019,Carrots Nantes Half Long 10/12/2018 Ra.1 > L1 > Bed 114 12 bed m,Carrots,20.0,Kilograms,Farmers Market,קטיף יום ה,Full-Size,No
23/05/2019,Celeriac Generic Variety 30/10/2018 Ra.3 > R2 > Bed 319 12 bed m,Celeriac,4.0,Each,Farmers Market,קטיף יום ה,,No
23/05/2019,Celery Generic Variety 16/10/2018 Ra.3 > R2 > Bed 318 12 bed m,Celery,10.0,Each,Farmers Market,קטיף יום ה,Full-Size,No
23/05/2019,Celery Generic Variety 18/10/2018 Ra.2 > C2 > Bed 225 12 bed m,Celery,10.0,Each,Farmers Market,קטיף יום ה,Full-Size,No
23/05/2019,Chard Fordhook Giant 01/11/2018 HH > A > Bed 5 6 bed m,Chard,10.0,Bunches,Farmers Market,קטיף יום ה,Full-Size,Yes
23/05/2019,Dill Generic Variety 31/12/2018 Ra.2 > C6m > Bed 201 3 bed m,Dill,16.0,Bunches,Farmers Market,קטיף יום ה,Leaf,No
23/05/2019,Eggplant Meatball 25/02/2019 Ra.1 > L1 > Bed 117 12 bed m,Eggplant,6.0,Kilograms,Farmers Market,קטיף יום ה,,No
23/05/2019,Kale Lacinato (Dinosaur) 05/07/2018 HH > A > Bed 5 6 bed m,Kale,10.0,Bunches,Farmers Market,קטיף יום ה,Full-Size,Yes
23/05/2019,Kale Red Russian 10/04/2019 Ra.2 > C6m > Bed 207 3 bed m,Kale,1.0,Kilograms,Farmers Market,קטיף יום ה,Baby Leaf,No
23/05/2019,Kohlrabi Generic Variety 08/01/2019 Ra.2 > C2 > Bed 218 8 bed m,Kohlrabi,1.0,Kilograms,Farmers Market,קטיף יום ה,Full-Size,No
23/05/2019,Lettuce Generic Variety 20/01/2019 Ra.1 > L2 > Bed 126 8 bed m,Lettuce,60.0,Heads,Farmers Market,קטיף יום ה,Full-Size,Yes
23/05/2019,Lettuce Generic Variety 31/12/2018 Ra.1 > L2 > Bed 131 12 bed m,Lettuce,10.0,Heads,Farmers Market,קטיף יום ה,Full-Size,No
23/05/2019,Lettuce: Salad Mix Encore Lettuce Mix 03/04/2019 Ra.1 > L6m > Bed 103 6 bed m,Lettuce: Salad Mix,2.0,Kilograms,Farmers Market,קטיף יום ה,Full-Size,No
23/05/2019,"Lettuce: Salad Mix מיקס שלנו, דמוי בן שחר 28/03/2019 HH > C > Bed 16 6 bed m",Lettuce: Salad Mix,2.0,Kilograms,Farmers Market,קטיף יום ה,Full-Size,No
23/05/2019,Mizuna Generic Variety 19/02/2019 Ra.2 > C6m > Bed 206 6 bed m,Mizuna,0.5,Kilograms,Farmers Market,קטיף יום ה,Baby Leaf,No
23/05/2019,Mustard Red Giant 10/04/2019 Ra.2 > C6m > Bed 207 3 bed m,Mustard,1.0,Kilograms,Farmers Market,קטיף יום ה,Full-Size,No
23/05/2019,New Zealand Spinach Generic Variety 19/02/2019 Ra.2 > C2 > Bed 220 12 bed m,New Zealand Spinach,6.0,Kilograms,Farmers Market,קטיף יום ה,,No
23/05/2019,Onions: Scallions Generic Variety 20/02/2019 Ra.2 > C6m > Bed 201 3 bed m,Onions: Scallions,18.0,Bunches,Farmers Market,קטיף יום ה,Full-Size,Yes
23/05/2019,Parsley Green Perle - מסולסלת 13/12/2018 Ra.2 > C6m > Bed 204 6 bed m,Parsley,15.0,Bunches,Farmers Market,קטיף יום ה,Full-Size,No
23/05/2019,Parsley Root Generic Variety 21/11/2018 Ra.2 > C6m > Bed 205 6 bed m,Parsley Root,15.0,Bunches,Farmers Market,קטיף יום ה,,No
23/05/2019,Radishes Nero Tondo 13/03/2019 Ra.2 > C2 > Bed 218 3 bed m,Radishes,5.0,Bunches,Farmers Market,קטיף יום ה,Full-Size,No
23/05/2019,Summer Squash Goldy 20/02/2019 Ra.3 > R1 > Bed 315 12 bed m,Summer Squash,2.0,Kilograms,Farmers Market,קטיף יום ה,,No
27/05/2019,Radishes Nero Tondo 13/03/2019 Ra.2 > C2 > Bed 218 3 bed m,Radishes,,,Farmers Market,הדוכן יום ב,Full-Size,Yes
27/05/2019,Radishes Nero Tondo 13/03/2019 Ra.2 > C2 > Bed 218 3 bed m,Radishes,,,,Unknown outlet,Full-Size,Yes
27/05/2019,Radishes Nero Tondo 13/03/2019 Ra.2 > C2 > Bed 218 3 bed m,Radishes,,,Farmers Market,קטיף יום ה,Full-Size,Yes
29/05/2019,Arugula Arugula 03/04/2019 Ra.1 > L6m > Bed 102 6 bed m,Arugula,0.0,Kilograms,Farmers Market,הדוכן יום ב,Baby Leaf,No
29/05/2019,Arugula Arugula 03/04/2019 Ra.1 > L6m > Bed 102 6 bed m,Arugula,4.0,Kilograms,,Unknown outlet,Baby Leaf,No
29/05/2019,Arugula Arugula 03/04/2019 Ra.1 > L6m > Bed 102 6 bed m,Arugula,0.0,Kilograms,Farmers Market,קטיף יום ה,Baby Leaf,No
29/05/2019,Basil Genovese 27/03/2019 Ra.1 > L2 > Bed 132 12 bed m,Basil,0.0,Bunches,Farmers Market,הדוכן יום ב,Full-Size,Yes
29/05/2019,Basil Genovese 27/03/2019 Ra.1 > L2 > Bed 132 12 bed m,Basil,4.0,Kilograms,,Unknown outlet,Full-Size,Yes
29/05/2019,Basil Genovese 27/03/2019 Ra.1 > L2 > Bed 132 12 bed m,Basil,0.0,Bunches,Farmers Market,קטיף יום ה,Full-Size,Yes
29/05/2019,Broccoli Generic Variety 18/12/2018 Ra.3 > R2 > Bed 327 12 bed m,Broccoli,0.0,Kilograms,Farmers Market,הדוכן יום ב,Head,No
29/05/2019,Broccoli Generic Variety 18/12/2018 Ra.3 > R2 > Bed 327 12 bed m,Broccoli,1.0,Kilograms,,Unknown outlet,Head,No
29/05/2019,Broccoli Generic Variety 18/12/2018 Ra.3 > R2 > Bed 327 12 bed m,Broccoli,0.0,Kilograms,Farmers Market,קטיף יום ה,Head,No
29/05/2019,Cabbage Generic Variety 25/12/2018 Ra.2 > C2 > Bed 227 12 bed m,Cabbage,0.0,Kilograms,Farmers Market,הדוכן יום ב,Full-Size,Yes
29/05/2019,Cabbage Generic Variety 25/12/2018 Ra.2 > C2 > Bed 227 12 bed m,Cabbage,8.0,Kilograms,,Unknown outlet,Full-Size,Yes
29/05/2019,Cabbage Generic Variety 25/12/2018 Ra.2 > C2 > Bed 227 12 bed m,Cabbage,0.0,Kilograms,Farmers Market,קטיף יום ה,Full-Size,Yes
29/05/2019,Carrots Nantes Half Long 10/12/2018 Ra.1 > L1 > Bed 114 12 bed m,Carrots,0.0,Kilograms,Farmers Market,הדוכן יום ב,Full-Size,No
29/05/2019,Carrots Nantes Half Long 10/12/2018 Ra.1 > L1 > Bed 114 12 bed m,Carrots,6.0,Bunches,,Unknown outlet,Full-Size,No
29/05/2019,Carrots Nantes Half Long 10/12/2018 Ra.1 > L1 > Bed 114 12 bed m,Carrots,0.0,Kilograms,Farmers Market,קטיף יום ה,Full-Size,No
29/05/2019,Celeriac Generic Variety 30/10/2018 Ra.3 > R2 > Bed 319 12 bed m,Celeriac,0.0,Each,Farmers Market,הדוכן יום ב,,Yes
29/05/2019,Celeriac Generic Variety 30/10/2018 Ra.3 > R2 > Bed 319 12 bed m,Celeriac,50.0,Each,,Unknown outlet,,Yes
29/05/2019,Celeriac Generic Variety 30/10/2018 Ra.3 > R2 > Bed 319 12 bed m,Celeriac,0.0,Each,Farmers Market,קטיף יום ה,,Yes
29/05/2019,Celery Generic Variety 16/10/2018 Ra.3 > R2 > Bed 318 12 bed m,Celery,0.0,Each,Farmers Market,הדוכן יום ב,Full-Size,Yes
29/05/2019,Celery Generic Variety 16/10/2018 Ra.3 > R2 > Bed 318 12 bed m,Celery,0.0,Each,,Unknown outlet,Full-Size,Yes
29/05/2019,Celery Generic Variety 16/10/2018 Ra.3 > R2 > Bed 318 12 bed m,Celery,0.0,Each,Farmers Market,קטיף יום ה,Full-Size,Yes
29/05/2019,Cilantro Santirini - נטע 17/01/2019 Ra.2 > C6m > Bed 203 6 bed m,Cilantro,0.0,Bunches,Farmers Market,הדוכן יום ב,Leaf,Yes
29/05/2019,Cilantro Santirini - נטע 17/01/2019 Ra.2 > C6m > Bed 203 6 bed m,Cilantro,5.0,Bunches,,Unknown outlet,Leaf,Yes
29/05/2019,Cilantro Santirini - נטע 17/01/2019 Ra.2 > C6m > Bed 203 6 bed m,Cilantro,0.0,Bunches,Farmers Market,קטיף יום ה,Leaf,Yes
29/05/2019,Dill Generic Variety 31/12/2018 Ra.2 > C6m > Bed 201 3 bed m,Dill,0.0,Bunches,Farmers Market,הדוכן יום ב,Leaf,No
29/05/2019,Dill Generic Variety 31/12/2018 Ra.2 > C6m > Bed 201 3 bed m,Dill,10.0,Bunches,,Unknown outlet,Leaf,No
29/05/2019,Dill Generic Variety 31/12/2018 Ra.2 > C6m > Bed 201 3 bed m,Dill,0.0,Bunches,Farmers Market,קטיף יום ה,Leaf,No
29/05/2019,Eggplant Meatball 25/02/2019 Ra.1 > L1 > Bed 117 12 bed m,Eggplant,0.0,Kilograms,Farmers Market,הדוכן יום ב,,No
29/05/2019,Eggplant Meatball 25/02/2019 Ra.1 > L1 > Bed 117 12 bed m,Eggplant,3.0,Kilograms,,Unknown outlet,,No
29/05/2019,Eggplant Meatball 25/02/2019 Ra.1 > L1 > Bed 117 12 bed m,Eggplant,0.0,Kilograms,Farmers Market,קטיף יום ה,,No
29/05/2019,Kale Red Russian 10/04/2019 Ra.2 > C6m > Bed 207 3 bed m,Kale,0.0,Kilograms,Farmers Market,הדוכן יום ב,Baby Leaf,No
29/05/2019,Kale Red Russian 10/04/2019 Ra.2 > C6m > Bed 207 3 bed m,Kale,1.0,Kilograms,,Unknown outlet,Baby Leaf,No
29/05/2019,Kale Red Russian 10/04/2019 Ra.2 > C6m > Bed 207 3 bed m,Kale,0.0,Kilograms,Farmers Market,קטיף יום ה,Baby Leaf,No
29/05/2019,Lettuce Generic Variety 18/02/2019 Ra.1 > L2 > Bed 121 12 bed m,Lettuce,0.0,Heads,Farmers Market,הדוכן יום ב,Full-Size,No
29/05/2019,Lettuce Generic Variety 18/02/2019 Ra.1 > L2 > Bed 121 12 bed m,Lettuce,20.0,Heads,,Unknown outlet,Full-Size,No
29/05/2019,Lettuce Generic Variety 18/02/2019 Ra.1 > L2 > Bed 121 12 bed m,Lettuce,0.0,Heads,Farmers Market,קטיף יום ה,Full-Size,No
29/05/2019,Lettuce Generic Variety 31/12/2018 Ra.1 > L2 > Bed 131 12 bed m,Lettuce,0.0,Heads,Farmers Market,הדוכן יום ב,Full-Size,Yes
29/05/2019,Lettuce Generic Variety 31/12/2018 Ra.1 > L2 > Bed 131 12 bed m,Lettuce,0.0,Heads,,Unknown outlet,Full-Size,Yes
29/05/2019,Lettuce Generic Variety 31/12/2018 Ra.1 > L2 > Bed 131 12 bed m,Lettuce,0.0,Heads,Farmers Market,קטיף יום ה,Full-Size,Yes
29/05/2019,Mizuna Generic Variety 19/02/2019 Ra.2 > C6m > Bed 206 6 bed m,Mizuna,0.0,Kilograms,Farmers Market,הדוכן יום ב,Baby Leaf,Yes
29/05/2019,Mizuna Generic Variety 19/02/2019 Ra.2 > C6m > Bed 206 6 bed m,Mizuna,1.0,Kilograms,,Unknown outlet,Baby Leaf,Yes
29/05/2019,Mizuna Generic Variety 19/02/2019 Ra.2 > C6m > Bed 206 6 bed m,Mizuna,0.0,Kilograms,Farmers Market,קטיף יום ה,Baby Leaf,Yes
29/05/2019,Mustard Red Giant 10/04/2019 Ra.2 > C6m > Bed 207 3 bed m,Mustard,0.0,Kilograms,Farmers Market,הדוכן יום ב,Full-Size,No
29/05/2019,Mustard Red Giant 10/04/2019 Ra.2 > C6m > Bed 207 3 bed m,Mustard,1.0,Kilograms,,Unknown outlet,Full-Size,No
29/05/2019,Mustard Red Giant 10/04/2019 Ra.2 > C6m > Bed 207 3 bed m,Mustard,0.0,Kilograms,Farmers Market,קטיף יום ה,Full-Size,No
29/05/2019,New Zealand Spinach Generic Variety 19/02/2019 Ra.2 > C2 > Bed 220 12 bed m,New Zealand Spinach,0.0,Kilograms,Farmers Market,הדוכן יום ב,,No
29/05/2019,New Zealand Spinach Generic Variety 19/02/2019 Ra.2 > C2 > Bed 220 12 bed m,New Zealand Spinach,4.0,Kilograms,,Unknown outlet,,No
29/05/2019,New Zealand Spinach Generic Variety 19/02/2019 Ra.2 > C2 > Bed 220 12 bed m,New Zealand Spinach,0.0,Kilograms,Farmers Market,קטיף יום ה,,No
29/05/2019,Parsley Green Perle - מסולסלת 13/12/2018 Ra.2 > C6m > Bed 204 6 bed m,Parsley,0.0,Bunches,Farmers Market,הדוכן יום ב,Full-Size,No
29/05/2019,Parsley Green Perle - מסולסלת 13/12/2018 Ra.2 > C6m > Bed 204 6 bed m,Parsley,8.0,Bunches,,Unknown outlet,Full-Size,No
29/05/2019,Parsley Green Perle - מסולסלת 13/12/2018 Ra.2 > C6m > Bed 204 6 bed m,Parsley,0.0,Bunches,Farmers Market,קטיף יום ה,Full-Size,No
29/05/2019,Parsley Green Perle - מסולסלת 17/01/2019 Ra.1 > L2 > Bed 122 6 bed m,Parsley,0.0,Bunches,Farmers Market,הדוכן יום ב,Full-Size,No
29/05/2019,Parsley Green Perle - מסולסלת 17/01/2019 Ra.1 > L2 > Bed 122 6 bed m,Parsley,6.0,Bunches,,Unknown outlet,Full-Size,No
29/05/2019,Parsley Green Perle - מסולסלת 17/01/2019 Ra.1 > L2 > Bed 122 6 bed m,Parsley,0.0,Bunches,Farmers Market,קטיף יום ה,Full-Size,No
29/05/2019,Parsley Root Generic Variety 21/11/2018 Ra.2 > C6m > Bed 205 6 bed m,Parsley Root,0.0,Bunches,Farmers Market,הדוכן יום ב,,No
29/05/2019,Parsley Root Generic Variety 21/11/2018 Ra.2 > C6m > Bed 205 6 bed m,Parsley Root,6.0,Bunches,,Unknown outlet,,No
29/05/2019,Parsley Root Generic Variety 21/11/2018 Ra.2 > C6m > Bed 205 6 bed m,Parsley Root,0.0,Bunches,Farmers Market,קטיף יום ה,,No
29/05/2019,Radishes Daikon Long 03/04/2019 Ra.2 > C6m > Bed 206 6 bed m,Radishes,0.0,Bunches,Farmers Market,הדוכן יום ב,Full-Size,Yes
29/05/2019,Radishes Daikon Long 03/04/2019 Ra.2 > C6m > Bed 206 6 bed m,Radishes,8.0,Bunches,,Unknown outlet,Full-Size,Yes
29/05/2019,Radishes Daikon Long 03/04/2019 Ra.2 > C6m > Bed 206 6 bed m,Radishes,0.0,Bunches,Farmers Market,קטיף יום ה,Full-Size,Yes
29/05/2019,Summer Squash Goldy 20/02/2019 Ra.3 > R1 > Bed 315 12 bed m,Summer Squash,0.0,Kilograms,Farmers Market,הדוכן יום ב,,No
29/05/2019,Summer Squash Goldy 20/02/2019 Ra.3 > R1 > Bed 315 12 bed m,Summer Squash,15.0,Kilograms,,Unknown outlet,,No
29/05/2019,Summer Squash Goldy 20/02/2019 Ra.3 > R1 > Bed 315 12 bed m,Summer Squash,0.0,Kilograms,Farmers Market,קטיף יום ה,,No
29/05/2019,Sunflower Generic Variety 27/05/2019  0 ,Sunflower,8.0,Cases,Farmers Market,קטיף יום ה,Microgreen,No
30/05/2019,Amaranth (Vegetable) Generic Variety 20/02/2019 HH > C > Bed 18 12 bed m,Amaranth (Vegetable),8.0,Bunches,Farmers Market,קטיף יום ה,Full-Size,No
30/05/2019,Anise Hyssop אזוב מצוי 17/07/2018 HH > A > Bed 4 4 bed m,Anise Hyssop,6.0,Bunches,Farmers Market,קטיף יום ה,Full-Size,No
30/05/2019,Anise Hyssop אזוב מצוי 17/07/2018 Ra.1 > L1 > Bed 109 4 bed m,Anise Hyssop,8.0,Bunches,Farmers Market,קטיף יום ה,Full-Size,No
30/05/2019,Arugula Arugula 03/04/2019 Ra.1 > L6m > Bed 102 6 bed m,Arugula,2.0,Kilograms,Farmers Market,קטיף יום ה,Baby Leaf,No
30/05/2019,Arugula Arugula 06/05/2019 HH > C > Bed 15 6 bed m,Arugula,4.0,Kilograms,Farmers Market,קטיף יום ה,Baby Leaf,No
30/05/2019,Beets Boldor 04/03/2019 Ra.2 > C2 > Bed 223 6 bed m,Beets,6.0,Bunches,Farmers Market,קטיף יום ה,Full-Size Root,No
30/05/2019,Beets MIX עלי ביבי 14/11/2018 Ra.1 > L6m > Bed 105 6 bed m,Beets,5.0,Kilograms,Farmers Market,קטיף יום ה,Baby Leaf Greens,No
30/05/2019,Beets MIX עלי ביבי 15/04/2019 HH > C > Bed 17 6 bed m,Beets,0.0,Kilograms,Farmers Market,קטיף יום ה,Baby Leaf Greens,No
30/05/2019,Beets MIX עלי ביבי 19/02/2019 Ra.1 > L1 > Bed 113 6 bed m,Beets,1.0,Kilograms,Farmers Market,קטיף יום ה,Baby Leaf Greens,No
30/05/2019,Beets Ruby Queen 05/02/2019 Ra.2 > C1 > Bed 216 9 bed m,Beets,6.0,Bunches,Farmers Market,קטיף יום ה,Full-Size Root,No
30/05/2019,Broccoli Generic Variety 18/12/2018 Ra.3 > R2 > Bed 327 12 bed m,Broccoli,0.5,Kilograms,Farmers Market,קטיף יום ה,Head,No
30/05/2019,Carrots Nantes Half Long 10/12/2018 Ra.1 > L1 > Bed 114 12 bed m,Carrots,10.0,Bunches,Farmers Market,קטיף יום ה,Full-Size,Yes
30/05/2019,Cilantro Santirini - נטע 24/02/2019 Ra.1 > L1 > Bed 112 6 bed m,Cilantro,0.0,Bunches,Farmers Market,קטיף יום ה,Leaf,Yes
30/05/2019,Dill Generic Variety 31/12/2018 Ra.2 > C6m > Bed 201 3 bed m,Dill,15.0,Bunches,Farmers Market,קטיף יום ה,Leaf,No
30/05/2019,Eggplant Meatball 25/02/2019 Ra.1 > L1 > Bed 117 12 bed m,Eggplant,4.0,Kilograms,Farmers Market,קטיף יום ה,,No
30/05/2019,Kale Lacinato (Dinosaur) 01/11/2018 HH > A > Bed 6 6 bed m,Kale,4.0,Bunches,Farmers Market,קטיף יום ה,Full-Size,No
30/05/2019,Kale Lacinato (Dinosaur) 18/01/2018 HH > A > Bed 6 6 bed m,Kale,8.0,Bunches,Farmers Market,קטיף יום ה,Full-Size,No
30/05/2019,Kale Red Russian 10/04/2019 Ra.2 > C6m > Bed 207 3 bed m,Kale,1.0,Kilograms,Farmers Market,קטיף יום ה,Baby Leaf,No
30/05/2019,Kohlrabi Generic Variety 08/01/2019 Ra.2 > C2 > Bed 218 8 bed m,Kohlrabi,5.0,Kilograms,Farmers Market,קטיף יום ה,Full-Size,No
30/05/2019,Leeks Generic Variety 19/09/2018 Ra.3 > R1 > Bed 307 12 bed m,Leeks,10.0,Bunches,Farmers Market,קטיף יום ה,,No
30/05/2019,Lettuce Generic Variety 18/02/2019 Ra.1 > L2 > Bed 121 12 bed m,Lettuce,60.0,Heads,Farmers Market,קטיף יום ה,Full-Size,No
30/05/2019,Lettuce: Salad Mix Encore Lettuce Mix 03/04/2019 Ra.1 > L6m > Bed 103 6 bed m,Lettuce: Salad Mix,2.0,Kilograms,Farmers Market,קטיף יום ה,Full-Size,No
30/05/2019,"Lettuce: Salad Mix מיקס שלנו, דמוי בן שחר 28/03/2019 HH > C > Bed 16 6 bed m",Lettuce: Salad Mix,3.0,Kilograms,Farmers Market,קטיף יום ה,Full-Size,No
30/05/2019,Mustard Red Giant 10/04/2019 Ra.2 > C6m > Bed 207 3 bed m,Mustard,1.0,Kilograms,Farmers Market,קטיף יום ה,Full-Size,No
30/05/2019,New Zealand Spinach Generic Variety 19/02/2019 Ra.2 > C2 > Bed 220 12 bed m,New Zealand Spinach,12.0,Kilograms,Farmers Market,קטיף יום ה,,No
30/05/2019,Onions: Scallions Generic Variety 17/01/2019 Ra.3 > R2 > Bed 327 3 bed m,Onions: Scallions,12.0,Bunches,Farmers Market,קטיף יום ה,Full-Size,No
30/05/2019,Parsley Green Perle - מסולסלת 17/01/2019 Ra.1 > L2 > Bed 122 6 bed m,Parsley,20.0,Bunches,Farmers Market,קטיף יום ה,Full-Size,No
30/05/2019,Parsley Root Generic Variety 21/11/2018 Ra.2 > C6m > Bed 205 6 bed m,Parsley Root,12.0,Bunches,Farmers Market,קטיף יום ה,,No
30/05/2019,Radishes French Breakfast 01/05/2019 Ra.1 > L1 > Bed 110 6 bed m,Radishes,2.0,Bunches,Farmers Market,קטיף יום ה,Full-Size,No
30/05/2019,Summer Squash Goldy 20/02/2019 Ra.3 > R1 > Bed 315 12 bed m,Summer Squash,5.0,Kilograms,Farmers Market,קטיף יום ה,,No
01/06/2019,Dill Generic Variety 31/12/2018 Ra.2 > C6m > Bed 201 3 bed m,Dill,,,Farmers Market,הדוכן יום ב,Leaf,Yes
01/06/2019,Dill Generic Variety 31/12/2018 Ra.2 > C6m > Bed 201 3 bed m,Dill,,,,Unknown outlet,Leaf,Yes
01/06/2019,Dill Generic Variety 31/12/2018 Ra.2 > C6m > Bed 201 3 bed m,Dill,,,Farmers Market,קטיף יום ה,Leaf,Yes
03/06/2019,Amaranth (Vegetable) Generic Variety 20/02/2019 HH > C > Bed 18 12 bed m,Amaranth (Vegetable),0.0,Bunches,Farmers Market,הדוכן יום ב,Full-Size,No
03/06/2019,Arugula Arugula 03/04/2019 Ra.1 > L6m > Bed 102 6 bed m,Arugula,0.0,Kilograms,Farmers Market,הדוכן יום ב,Baby Leaf,No
03/06/2019,Arugula Arugula 06/05/2019 HH > C > Bed 15 6 bed m,Arugula,0.0,Kilograms,Farmers Market,הדוכן יום ב,Baby Leaf,No
03/06/2019,Beets Chioggia Guardsmark 10/01/2019 Ra.2 > C1 > Bed 209 12 bed m,Beets,0.0,Bunches,Farmers Market,הדוכן יום ב,Full-Size Root,No
03/06/2019,Beets MIX עלי ביבי 14/11/2018 Ra.1 > L6m > Bed 105 6 bed m,Beets,0.0,Kilograms,Farmers Market,הדוכן יום ב,Baby Leaf Greens,No
03/06/2019,Beets MIX עלי ביבי 15/04/2019 HH > C > Bed 17 6 bed m,Beets,0.0,Kilograms,Farmers Market,הדוכן יום ב,Baby Leaf Greens,No
03/06/2019,Beets MIX עלי ביבי 19/02/2019 Ra.1 > L1 > Bed 113 6 bed m,Beets,0.0,Kilograms,Farmers Market,הדוכן יום ב,Baby Leaf Greens,No
03/06/2019,Beets Ruby Queen 05/02/2019 Ra.2 > C1 > Bed 216 9 bed m,Beets,0.0,Bunches,Farmers Market,הדוכן יום ב,Full-Size Root,No
03/06/2019,Broccoli Generic Variety 18/12/2018 Ra.3 > R2 > Bed 327 12 bed m,Broccoli,0.0,Kilograms,Farmers Market,הדוכן יום ב,Head,No
03/06/2019,Carrots Mix - מעורב צבעוני 26/12/2018 Ra.1 > L2 > Bed 130 12 bed m,Carrots,0.0,Kilograms,Farmers Market,הדוכן יום ב,Full-Size,No
03/06/2019,Dill Generic Variety 31/12/2018 Ra.2 > C6m > Bed 201 3 bed m,Dill,0.0,Bunches,Farmers Market,הדוכן יום ב,Leaf,No
03/06/2019,Fennel Generic Variety 20/03/2019 Ra.1 > L2 > Bed 129 12 bed m,Fennel,0.0,Kilograms,Farmers Market,הדוכן יום ב,Full-Size,No
03/06/2019,Kale Lacinato (Dinosaur) 01/11/2018 HH > A > Bed 6 6 bed m,Kale,0.0,Bunches,Farmers Market,הדוכן יום ב,Full-Size,No
03/06/2019,Kale Lacinato (Dinosaur) 18/01/2018 HH > A > Bed 6 6 bed m,Kale,0.0,Bunches,Farmers Market,הדוכן יום ב,Full-Size,No
03/06/2019,Kale Red Russian 10/04/2019 Ra.2 > C6m > Bed 207 3 bed m,Kale,0.0,Kilograms,Farmers Market,הדוכן יום ב,Baby Leaf,No
03/06/2019,Kohlrabi Generic Variety 08/01/2019 Ra.2 > C2 > Bed 218 8 bed m,Kohlrabi,0.0,Kilograms,Farmers Market,הדוכן יום ב,Full-Size,No
03/06/2019,Leeks Generic Variety 19/09/2018 Ra.3 > R1 > Bed 307 12 bed m,Leeks,0.0,Bunches,Farmers Market,הדוכן יום ב,,No
03/06/2019,Lettuce Generic Variety 18/02/2019 Ra.1 > L2 > Bed 121 12 bed m,Lettuce,6.0,Heads,Farmers Market,הדוכן יום ב,Full-Size,Yes
03/06/2019,Lettuce מסולסלת מעורב 29/04/2019 HH > C > Bed 14 12 bed m,Lettuce,0.0,Heads,Farmers Market,הדוכן יום ב,Full-Size,No
03/06/2019,"Lettuce: Salad Mix מיקס שלנו, דמוי בן שחר 28/03/2019 HH > C > Bed 16 6 bed m",Lettuce: Salad Mix,0.0,Kilograms,Farmers Market,הדוכן יום ב,Full-Size,No
03/06/2019,Mustard Red Giant 10/04/2019 Ra.2 > C6m > Bed 207 3 bed m,Mustard,0.0,Kilograms,Farmers Market,הדוכן יום ב,Full-Size,No
03/06/2019,New Zealand Spinach Generic Variety 19/02/2019 Ra.2 > C2 > Bed 220 12 bed m,New Zealand Spinach,0.0,Kilograms,Farmers Market,הדוכן יום ב,,No
03/06/2019,Onions: Scallions Generic Variety 17/01/2019 Ra.3 > R2 > Bed 327 3 bed m,Onions: Scallions,0.0,Bunches,Farmers Market,הדוכן יום ב,Full-Size,No
03/06/2019,Parsley Green Perle - מסולסלת 13/12/2018 Ra.2 > C6m > Bed 204 6 bed m,Parsley,0.0,Bunches,Farmers Market,הדוכן יום ב,Full-Size,No
03/06/2019,Parsley Green Perle - מסולסלת 17/01/2019 Ra.1 > L2 > Bed 122 6 bed m,Parsley,0.0,Bunches,Farmers Market,הדוכן יום ב,Full-Size,No
03/06/2019,Parsley Root Generic Variety 13/01/2019 Ra.1 > L1 > Bed 110 8 bed m,Parsley Root,0.0,Bunches,Farmers Market,הדוכן יום ב,,No
03/06/2019,Parsley Root Generic Variety 21/11/2018 Ra.2 > C6m > Bed 205 6 bed m,Parsley Root,0.0,Bunches,Farmers Market,הדוכן יום ב,,No
03/06/2019,Parsley Root Generic Variety 26/12/2018 Ra.2 > C6m > Bed 202 6 bed m,Parsley Root,0.0,Bunches,Farmers Market,הדוכן יום ב,,No
03/06/2019,Radishes French Breakfast 01/05/2019 Ra.1 > L1 > Bed 110 6 bed m,Radishes,0.0,Bunches,Farmers Market,הדוכן יום ב,Full-Size,No
03/06/2019,Summer Squash Goldy 20/02/2019 Ra.3 > R1 > Bed 315 12 bed m,Summer Squash,0.0,Kilograms,Farmers Market,הדוכן יום ב,,No
05/06/2019,Cucumbers Facus - פאקוס 03/04/2019 Ra.2 > C2 > Bed 224 12 bed m,Cucumbers,5.0,Kilograms,,Unknown outlet,,No
05/06/2019,Eggplant Meatball 25/02/2019 Ra.1 > L1 > Bed 117 12 bed m,Eggplant,4.0,Kilograms,,Unknown outlet,,No
06/06/2019,Amaranth (Vegetable) Generic Variety 20/02/2019 HH > C > Bed 18 12 bed m,Amaranth (Vegetable),10.0,Bunches,Farmers Market,קטיף יום ה,Full-Size,No
06/06/2019,Arugula Arugula 03/04/2019 Ra.1 > L6m > Bed 102 6 bed m,Arugula,2.0,Kilograms,Farmers Market,קטיף יום ה,Baby Leaf,No
06/06/2019,Arugula Arugula 06/05/2019 HH > C > Bed 15 6 bed m,Arugula,2.0,Kilograms,Farmers Market,קטיף יום ה,Baby Leaf,No
06/06/2019,Beets Boldor 04/03/2019 Ra.2 > C2 > Bed 223 6 bed m,Beets,6.0,Bunches,Farmers Market,קטיף יום ה,Full-Size Root,No
06/06/2019,Beets Chioggia Guardsmark 10/01/2019 Ra.2 > C1 > Bed 209 12 bed m,Beets,6.0,Bunches,Farmers Market,קטיף יום ה,Full-Size Root,No
06/06/2019,Beets Generic Variety 04/03/2019 Ra.2 > C2 > Bed 223 6 bed m,Beets,6.0,Bunches,Farmers Market,קטיף יום ה,Full-Size Root,No
06/06/2019,Beets MIX עלי ביבי 14/11/2018 Ra.1 > L6m > Bed 105 6 bed m,Beets,3.0,Kilograms,Farmers Market,קטיף יום ה,Baby Leaf Greens,No
06/06/2019,Beets MIX עלי ביבי 15/04/2019 HH > C > Bed 17 6 bed m,Beets,0.0,Kilograms,Farmers Market,קטיף יום ה,Baby Leaf Greens,No
06/06/2019,Beets MIX עלי ביבי 19/02/2019 Ra.1 > L1 > Bed 113 6 bed m,Beets,1.0,Kilograms,Farmers Market,קטיף יום ה,Baby Leaf Greens,No
06/06/2019,Beets Ruby Queen 05/02/2019 Ra.2 > C1 > Bed 216 9 bed m,Beets,6.0,Bunches,Farmers Market,קטיף יום ה,Full-Size Root,No
06/06/2019,Broccoli Generic Variety 18/12/2018 Ra.3 > R2 > Bed 327 12 bed m,Broccoli,0.0,Kilograms,Farmers Market,קטיף יום ה,Head,Yes
06/06/2019,Carrots Mix - מעורב צבעוני 26/12/2018 Ra.1 > L2 > Bed 130 12 bed m,Carrots,10.0,Bunches,Farmers Market,קטיף יום ה,Full-Size,No
06/06/2019,Corn Vanila 21/02/2019 Ra.3 > R1 > Bed 312 12 bed m,Corn,5.0,Kilograms,Farmers Market,קטיף יום ה,Standard,No
06/06/2019,Cucumbers Facus - פאקוס 03/04/2019 Ra.2 > C2 > Bed 224 12 bed m,Cucumbers,5.0,Kilograms,Farmers Market,קטיף יום ה,,No
06/06/2019,Dill Generic Variety 31/12/2018 Ra.2 > C6m > Bed 201 3 bed m,Dill,10.0,Bunches,Farmers Market,קטיף יום ה,Leaf,No
06/06/2019,Eggplant Meatball 25/02/2019 Ra.1 > L1 > Bed 117 12 bed m,Eggplant,3.0,Kilograms,Farmers Market,קטיף יום ה,,No
06/06/2019,Fennel Generic Variety 20/03/2019 Ra.1 > L2 > Bed 129 12 bed m,Fennel,5.0,Kilograms,Farmers Market,קטיף יום ה,Full-Size,Yes
06/06/2019,Kale Lacinato (Dinosaur) 01/11/2018 HH > A > Bed 6 6 bed m,Kale,10.0,Bunches,Farmers Market,קטיף יום ה,Full-Size,No
06/06/2019,Kale Lacinato (Dinosaur) 18/01/2018 HH > A > Bed 6 6 bed m,Kale,10.0,Bunches,Farmers Market,קטיף יום ה,Full-Size,No
06/06/2019,Kale Red Russian 10/04/2019 Ra.2 > C6m > Bed 207 3 bed m,Kale,0.5,Kilograms,Farmers Market,קטיף יום ה,Baby Leaf,No
06/06/2019,Kohlrabi Generic Variety 08/01/2019 Ra.2 > C2 > Bed 218 8 bed m,Kohlrabi,10.0,Kilograms,Farmers Market,קטיף יום ה,Full-Size,Yes
06/06/2019,Leeks Generic Variety 19/09/2018 Ra.3 > R1 > Bed 307 12 bed m,Leeks,20.0,Bunches,Farmers Market,קטיף יום ה,,No
06/06/2019,Lettuce מסולסלת מעורב 29/04/2019 HH > C > Bed 14 12 bed m,Lettuce,60.0,Heads,Farmers Market,קטיף יום ה,Full-Size,Yes
06/06/2019,Lettuce: Salad Mix Encore Lettuce Mix 03/04/2019 Ra.1 > L6m > Bed 103 6 bed m,Lettuce: Salad Mix,1.0,Kilograms,Farmers Market,קטיף יום ה,Full-Size,Yes
06/06/2019,"Lettuce: Salad Mix מיקס שלנו, דמוי בן שחר 28/03/2019 HH > C > Bed 16 6 bed m",Lettuce: Salad Mix,4.0,Kilograms,Farmers Market,קטיף יום ה,Full-Size,Yes
06/06/2019,Mustard Red Giant 10/04/2019 Ra.2 > C6m > Bed 207 3 bed m,Mustard,0.5,Kilograms,Farmers Market,קטיף יום ה,Full-Size,No
06/06/2019,New Zealand Spinach Generic Variety 19/02/2019 Ra.2 > C2 > Bed 220 12 bed m,New Zealand Spinach,6.0,Kilograms,Farmers Market,קטיף יום ה,,No
06/06/2019,Onions: Scallions Generic Variety 17/01/2019 Ra.3 > R2 > Bed 327 3 bed m,Onions: Scallions,10.0,Bunches,Farmers Market,קטיף יום ה,Full-Size,Yes
06/06/2019,Parsley Green Perle - מסולסלת 13/12/2018 Ra.2 > C6m > Bed 204 6 bed m,Parsley,0.0,Bunches,Farmers Market,קטיף יום ה,Full-Size,No
06/06/2019,Parsley Green Perle - מסולסלת 17/01/2019 Ra.1 > L2 > Bed 122 6 bed m,Parsley,10.0,Bunches,Farmers Market,קטיף יום ה,Full-Size,No
06/06/2019,Parsley Root Generic Variety 06/02/2019 Ra.1 > L2 > Bed 128 6 bed m,Parsley Root,10.0,Bunches,Farmers Market,קטיף יום ה,,Yes
06/06/2019,Parsley Root Generic Variety 13/03/2019 Ra.1 > L2 > Bed 128 6 bed m,Parsley Root,10.0,Bunches,Farmers Market,קטיף יום ה,,Yes
06/06/2019,Parsley Root Generic Variety 21/11/2018 Ra.2 > C6m > Bed 205 6 bed m,Parsley Root,20.0,Bunches,Farmers Market,קטיף יום ה,,Yes
06/06/2019,Radishes French Breakfast 01/05/2019 Ra.1 > L1 > Bed 110 6 bed m,Radishes,0.0,Bunches,Farmers Market,קטיף יום ה,Full-Size,No
06/06/2019,Radishes French Breakfast 06/05/2019 HH > C > Bed 14 2 bed m,Radishes,6.0,Bunches,Farmers Market,קטיף יום ה,Full-Size,Yes
06/06/2019,Summer Squash Goldy 20/02/2019 Ra.3 > R1 > Bed 315 12 bed m,Summer Squash,2.0,Kilograms,Farmers Market,קטיף יום ה,,No
08/06/2019,Sunflower Generic Variety 27/05/2019  0 ,Sunflower,,,Farmers Market,הדוכן יום ב,Microgreen,Yes
08/06/2019,Sunflower Generic Variety 27/05/2019  0 ,Sunflower,,,,Unknown outlet,Microgreen,Yes
08/06/2019,Sunflower Generic Variety 27/05/2019  0 ,Sunflower,,,Farmers Market,קטיף יום ה,Microgreen,Yes
13/06/2019,Amaranth (Vegetable) Generic Variety 20/02/2019 HH > C > Bed 18 12 bed m,Amaranth (Vegetable),25.0,Bunches,Farmers Market,קטיף יום ה,Full-Size,No
13/06/2019,Arugula Arugula 06/05/2019 HH > C > Bed 15 6 bed m,Arugula,2.0,Kilograms,Farmers Market,קטיף יום ה,Baby Leaf,No
13/06/2019,Arugula Wild Rocket 13/01/2019 Ra.2 > C6m > Bed 208 6 bed m,Arugula,4.0,Kilograms,Farmers Market,קטיף יום ה,Baby Leaf,No
13/06/2019,Beets Boldor 04/03/2019 Ra.2 > C2 > Bed 223 6 bed m,Beets,10.0,Bunches,Farmers Market,קטיף יום ה,Full-Size Root,Yes
13/06/2019,Beets Generic Variety 04/03/2019 Ra.2 > C2 > Bed 223 6 bed m,Beets,10.0,Bunches,Farmers Market,קטיף יום ה,Full-Size Root,Yes
13/06/2019,Beets MIX עלי ביבי 15/04/2019 HH > C > Bed 17 6 bed m,Beets,1.0,Kilograms,Farmers Market,קטיף יום ה,Baby Leaf Greens,No
13/06/2019,Beets MIX עלי ביבי 19/02/2019 Ra.1 > L1 > Bed 113 6 bed m,Beets,2.0,Kilograms,Farmers Market,קטיף יום ה,Baby Leaf Greens,No
13/06/2019,Cabbage Generic Variety 03/12/2018 Ra.3 > R1 > Bed 305 12 bed m,Cabbage,10.0,Kilograms,Farmers Market,קטיף יום ה,Full-Size,No
13/06/2019,Carrots Mix - מעורב צבעוני 26/12/2018 Ra.1 > L2 > Bed 130 12 bed m,Carrots,25.0,Kilograms,Farmers Market,קטיף יום ה,Full-Size,Yes
13/06/2019,Chard Bright Lights 24/02/2019 HH > B > Bed 12 12 bed m,Chard,10.0,Bunches,Farmers Market,קטיף יום ה,Full-Size,No
13/06/2019,Corn Vanila 13/03/2019 Ra.3 > R1 > Bed 311 12 bed m,Corn,5.0,Kilograms,Farmers Market,קטיף יום ה,Standard,No
13/06/2019,Corn Vanila 21/02/2019 Ra.3 > R1 > Bed 312 12 bed m,Corn,8.0,Kilograms,Farmers Market,קטיף יום ה,Standard,Yes
13/06/2019,Cucumbers Facus - פאקוס 03/04/2019 Ra.2 > C2 > Bed 224 12 bed m,Cucumbers,5.0,Kilograms,Farmers Market,קטיף יום ה,,No
13/06/2019,Cucumbers Facus - פאקוס 15/04/2019 Ra.3 > R1 > Bed 314 12 bed m,Cucumbers,3.0,Kilograms,Farmers Market,קטיף יום ה,,No
13/06/2019,Eggplant Little Sailor 17/01/2019 Ra.1 > L1 > Bed 116 12 bed m,Eggplant,1.0,Kilograms,Farmers Market,קטיף יום ה,,No
13/06/2019,Eggplant Meatball 25/02/2019 Ra.1 > L1 > Bed 117 12 bed m,Eggplant,5.0,Kilograms,Farmers Market,קטיף יום ה,,No
13/06/2019,Kale Lacinato (Dinosaur) 18/01/2018 HH > A > Bed 6 6 bed m,Kale,10.0,Bunches,Farmers Market,קטיף יום ה,Full-Size,No
13/06/2019,Kale Red Russian 10/04/2019 Ra.2 > C6m > Bed 207 3 bed m,Kale,0.5,Kilograms,Farmers Market,קטיף יום ה,Baby Leaf,No
13/06/2019,Kale Red Russian 20/03/2019 HH > B > Bed 11 12 bed m,Kale,3.0,Bunches,Farmers Market,קטיף יום ה,Full-Size,No
13/06/2019,Leeks Generic Variety 19/09/2018 Ra.3 > R1 > Bed 307 12 bed m,Leeks,8.0,Kilograms,Farmers Market,קטיף יום ה,,No
13/06/2019,Lettuce Generic Variety 14/03/2019 Ra.3 > R2 > Bed 328 8 bed m,Lettuce,25.0,Heads,Farmers Market,קטיף יום ה,Full-Size,No
13/06/2019,"Lettuce: Salad Mix מיקס שלנו, דמוי בן שחר 15/05/2019 Ra.1 > L6m > Bed 108 6 bed m",Lettuce: Salad Mix,5.0,Kilograms,Farmers Market,קטיף יום ה,Full-Size,No
13/06/2019,Mustard Red Giant 10/04/2019 Ra.2 > C6m > Bed 207 3 bed m,Mustard,0.5,Kilograms,Farmers Market,קטיף יום ה,Full-Size,No
13/06/2019,New Zealand Spinach Generic Variety 19/02/2019 Ra.2 > C2 > Bed 220 12 bed m,New Zealand Spinach,4.0,Kilograms,Farmers Market,קטיף יום ה,,No
13/06/2019,Onions: Scallions Generic Variety 12/11/2018 Ra.3 > R1 > Bed 306 3 bed m,Onions: Scallions,12.0,Bunches,Farmers Market,קטיף יום ה,Full-Size,No
13/06/2019,Parsley Green Perle - מסולסלת 13/12/2018 Ra.2 > C6m > Bed 204 6 bed m,Parsley,15.0,Bunches,Farmers Market,קטיף יום ה,Full-Size,No
13/06/2019,Parsley Green Perle - מסולסלת 17/01/2019 Ra.1 > L2 > Bed 122 6 bed m,Parsley,15.0,Bunches,Farmers Market,קטיף יום ה,Full-Size,No
13/06/2019,Parsley Root Generic Variety 13/01/2019 Ra.1 > L1 > Bed 110 8 bed m,Parsley Root,10.0,Bunches,Farmers Market,קטיף יום ה,,No
13/06/2019,Radishes French Breakfast 01/05/2019 Ra.1 > L1 > Bed 110 6 bed m,Radishes,0.0,Bunches,Farmers Market,הדוכן יום ב,Full-Size,Yes
13/06/2019,Radishes French Breakfast 01/05/2019 Ra.1 > L1 > Bed 110 6 bed m,Radishes,0.0,Bunches,,Unknown outlet,Full-Size,Yes
13/06/2019,Radishes French Breakfast 01/05/2019 Ra.1 > L1 > Bed 110 6 bed m,Radishes,0.0,Bunches,Farmers Market,קטיף יום ה,Full-Size,Yes
13/06/2019,Summer Squash Anton 17/04/2019 Ra.3 > R2 > Bed 317 12 bed m,Summer Squash,5.0,Kilograms,Farmers Market,קטיף יום ה,,No
13/06/2019,Summer Squash Goldy 20/02/2019 Ra.3 > R1 > Bed 315 12 bed m,Summer Squash,8.0,Kilograms,Farmers Market,קטיף יום ה,,No
13/06/2019,Sunflower Generic Variety 27/05/2019  0 ,Sunflower,10.0,Cases,Farmers Market,קטיף יום ה,Microgreen,No
13/06/2019,Tatsoi Generic Variety 15/05/2019 Ra.1 > L1 > Bed 118 12 bed m,Tatsoi,0.5,Kilograms,Farmers Market,קטיף יום ה,Baby Leaf,No
20/06/2019,Amaranth (Vegetable) Generic Variety 20/02/2019 HH > C > Bed 18 12 bed m,Amaranth (Vegetable),7.0,Kilograms,Farmers Market,קטיף יום ה,Full-Size,No
20/06/2019,Arugula Arugula 06/05/2019 HH > C > Bed 15 6 bed m,Arugula,4.5,Kilograms,Farmers Market,קטיף יום ה,Baby Leaf,No
20/06/2019,Arugula Wild Rocket 13/01/2019 Ra.2 > C6m > Bed 208 6 bed m,Arugula,1.5,Kilograms,Farmers Market,קטיף יום ה,Baby Leaf,No
20/06/2019,Beans: Bush & Pole 1500 Year Old Cave 25/04/2019 Ra.1 > L1 > Bed 111 12 bed m,Beans: Bush & Pole,1.0,Kilograms,Farmers Market,קטיף יום ה,Fresh,No
20/06/2019,Beets Chioggia Guardsmark 10/01/2019 Ra.2 > C1 > Bed 209 12 bed m,Beets,17.0,Kilograms,Farmers Market,קטיף יום ה,Full-Size Root,Yes
20/06/2019,Beets MIX עלי ביבי 14/11/2018 Ra.1 > L6m > Bed 105 6 bed m,Beets,0.0,Kilograms,Farmers Market,קטיף יום ה,Baby Leaf Greens,No
20/06/2019,Beets MIX עלי ביבי 15/04/2019 HH > C > Bed 17 6 bed m,Beets,3.0,Kilograms,Farmers Market,קטיף יום ה,Baby Leaf Greens,No
20/06/2019,Beets MIX עלי ביבי 19/02/2019 Ra.1 > L1 > Bed 113 6 bed m,Beets,2.0,Kilograms,Farmers Market,קטיף יום ה,Baby Leaf Greens,No
20/06/2019,Cabbage Generic Variety 03/12/2018 Ra.3 > R1 > Bed 305 12 bed m,Cabbage,12.0,Kilograms,Farmers Market,קטיף יום ה,Full-Size,Yes
20/06/2019,Carrots Nantes Half Long 13/01/2019 Ra.1 > L1 > Bed 120 12 bed m,Carrots,8.0,Kilograms,Farmers Market,קטיף יום ה,Full-Size,No
20/06/2019,Chard Bright Lights 24/02/2019 HH > B > Bed 12 12 bed m,Chard,5.0,Bunches,Farmers Market,קטיף יום ה,Full-Size,No
20/06/2019,Corn Vanila 13/03/2019 Ra.3 > R1 > Bed 311 12 bed m,Corn,5.0,Kilograms,Farmers Market,קטיף יום ה,Standard,Yes
20/06/2019,Cucumbers Facus - פאקוס 03/04/2019 Ra.2 > C2 > Bed 224 12 bed m,Cucumbers,6.0,Kilograms,Farmers Market,קטיף יום ה,,No
20/06/2019,Cucumbers Facus - פאקוס 15/04/2019 Ra.3 > R1 > Bed 314 12 bed m,Cucumbers,6.0,Kilograms,Farmers Market,קטיף יום ה,,No
20/06/2019,Dill Generic Variety 20/03/2019 Ra.3 > R6m > Bed 301 6 bed m,Dill,4.0,Bunches,Farmers Market,קטיף יום ה,Leaf,No
20/06/2019,Eggplant Little Sailor 17/01/2019 Ra.1 > L1 > Bed 116 12 bed m,Eggplant,4.5,Kilograms,Farmers Market,קטיף יום ה,,No
20/06/2019,Eggplant Meatball 25/02/2019 Ra.1 > L1 > Bed 117 12 bed m,Eggplant,4.5,Kilograms,Farmers Market,קטיף יום ה,,No
20/06/2019,Kale Lacinato (Dinosaur) 01/11/2018 HH > A > Bed 6 6 bed m,Kale,0.0,Bunches,Farmers Market,קטיף יום ה,Full-Size,No
20/06/2019,Kale Lacinato (Dinosaur) 18/01/2018 HH > A > Bed 6 6 bed m,Kale,6.0,Kilograms,Farmers Market,קטיף יום ה,Full-Size,No
20/06/2019,Kale Red Russian 10/04/2019 Ra.2 > C6m > Bed 207 3 bed m,Kale,1.0,Kilograms,Farmers Market,קטיף יום ה,Baby Leaf,Yes
20/06/2019,Kale Red Russian 20/03/2019 HH > B > Bed 11 12 bed m,Kale,0.0,Bunches,Farmers Market,קטיף יום ה,Full-Size,No
20/06/2019,Leeks Generic Variety 19/09/2018 Ra.3 > R1 > Bed 307 12 bed m,Leeks,15.0,Kilograms,Farmers Market,קטיף יום ה,,No
20/06/2019,Lettuce Firecracker 15/05/2019 Ra.1 > L1 > Bed 118 6 bed m,Lettuce,2.0,Kilograms,Farmers Market,קטיף יום ה,Full-Size,No
20/06/2019,Lettuce Generic Variety 14/03/2019 Ra.3 > R2 > Bed 328 8 bed m,Lettuce,10.0,Heads,Farmers Market,קטיף יום ה,Full-Size,Yes
20/06/2019,Lettuce: Salad Mix Generic Variety 16/05/2019 HH > C > Bed 17 6 bed m,Lettuce: Salad Mix,3.0,Kilograms,Farmers Market,קטיף יום ה,Full-Size,No
20/06/2019,"Lettuce: Salad Mix מיקס שלנו, דמוי בן שחר 15/05/2019 Ra.1 > L6m > Bed 108 6 bed m",Lettuce: Salad Mix,3.0,Kilograms,Farmers Market,קטיף יום ה,Full-Size,No
20/06/2019,Melons Hustan - הוסטאן 28/03/2019 Ra.3 > R2 > Bed 325 10 bed m,Melons,1.5,Kilograms,Farmers Market,קטיף יום ה,,No
20/06/2019,Mizuna Generic Variety 16/05/2019 Ra.1 > L1 > Bed 118 6 bed m,Mizuna,0.5,Kilograms,Farmers Market,קטיף יום ה,Baby Leaf,No
20/06/2019,Mustard Red Giant 10/04/2019 Ra.2 > C6m > Bed 207 3 bed m,Mustard,1.0,Kilograms,Farmers Market,קטיף יום ה,Full-Size,Yes
20/06/2019,New Zealand Spinach Generic Variety 19/02/2019 Ra.2 > C2 > Bed 220 12 bed m,New Zealand Spinach,6.0,Kilograms,Farmers Market,קטיף יום ה,,No
20/06/2019,Onions: Scallions Generic Variety 12/11/2018 Ra.3 > R1 > Bed 306 3 bed m,Onions: Scallions,15.0,Bunches,Farmers Market,קטיף יום ה,Full-Size,No
20/06/2019,Parsley Generic Variety 24/02/2019 Ra.1 > L1 > Bed 112 12 bed m,Parsley,25.0,Bunches,Farmers Market,קטיף יום ה,Full-Size,No
20/06/2019,Parsley Green Perle - מסולסלת 13/12/2018 Ra.2 > C6m > Bed 204 6 bed m,Parsley,0.0,Bunches,Farmers Market,קטיף יום ה,Full-Size,No
20/06/2019,Parsley Green Perle - מסולסלת 17/01/2019 Ra.1 > L2 > Bed 122 6 bed m,Parsley,0.0,Bunches,Farmers Market,קטיף יום ה,Full-Size,No
20/06/2019,Parsley Root Generic Variety 10/12/2018 Ra.1 > L1 > Bed 118 6 bed m,Parsley Root,0.0,Bunches,Farmers Market,קטיף יום ה,,No
20/06/2019,Parsley Root Generic Variety 13/01/2019 Ra.1 > L1 > Bed 110 8 bed m,Parsley Root,0.0,Bunches,Farmers Market,קטיף יום ה,,No
20/06/2019,Parsley Root Generic Variety 19/02/2019 Ra.1 > L6m > Bed 107 6 bed m,Parsley Root,0.0,Bunches,Farmers Market,קטיף יום ה,,No
20/06/2019,Parsley Root Generic Variety 26/12/2018 Ra.2 > C6m > Bed 202 6 bed m,Parsley Root,5.0,Kilograms,Farmers Market,קטיף יום ה,,No
20/06/2019,Radishes Daikon Long 01/05/2019 Ra.1 > L6m > Bed 101 6 bed m,Radishes,4.0,Bunches,Farmers Market,קטיף יום ה,Full-Size,No
20/06/2019,Radishes French Breakfast 29/05/2019 Ra.2 > C6m > Bed 206 2 bed m,Radishes,5.0,Bunches,Farmers Market,קטיף יום ה,Full-Size,No
20/06/2019,Radishes Nero Tondo 01/05/2019 Ra.1 > L6m > Bed 101 6 bed m,Radishes,4.0,Bunches,Farmers Market,קטיף יום ה,Full-Size,No
20/06/2019,Summer Squash Anton 17/04/2019 Ra.3 > R2 > Bed 317 12 bed m,Summer Squash,2.0,Kilograms,Farmers Market,קטיף יום ה,,No
20/06/2019,Summer Squash Goldy 20/02/2019 Ra.3 > R1 > Bed 315 12 bed m,Summer Squash,8.0,Kilograms,Farmers Market,קטיף יום ה,,No
20/06/2019,Sunflower Generic Variety 09/06/2019  0 ,Sunflower,2.0,Cases,Farmers Market,קטיף יום ה,Microgreen,No
20/06/2019,Tatsoi Generic Variety 15/05/2019 Ra.1 > L1 > Bed 118 12 bed m,Tatsoi,0.5,Kilograms,Farmers Market,קטיף יום ה,Baby Leaf,No
20/06/2019,Tomatoes Big Beef 08/01/2019 Ra.2 > C1 > Bed 213 + 1 more Block 24 bed m,Tomatoes,10.0,Kilograms,Farmers Market,קטיף יום ה,Ripe,No
20/06/2019,Tomatoes Galila - מסיימת 27/03/2019 Ra.2 > C1 > Bed 211 12 bed m,Tomatoes,5.0,Kilograms,Farmers Market,קטיף יום ה,Ripe,No
23/06/2019,Sunflower Generic Variety 09/06/2019  0 ,Sunflower,,,Farmers Market,הדוכן יום ב,Microgreen,Yes
23/06/2019,Sunflower Generic Variety 09/06/2019  0 ,Sunflower,,,,Unknown outlet,Microgreen,Yes
23/06/2019,Sunflower Generic Variety 09/06/2019  0 ,Sunflower,,,Farmers Market,קטיף יום ה,Microgreen,Yes
24/06/2019,Amaranth (Vegetable) Generic Variety 20/02/2019 HH > C > Bed 18 12 bed m,Amaranth (Vegetable),5.0,Bunches,Farmers Market,הדוכן יום ב,Full-Size,No
24/06/2019,Arugula Arugula 03/04/2019 Ra.1 > L6m > Bed 102 6 bed m,Arugula,4.9,Kilograms,Farmers Market,הדוכן יום ב,Baby Leaf,No
24/06/2019,Arugula Wild Rocket 13/01/2019 Ra.2 > C6m > Bed 208 6 bed m,Arugula,0.0,Kilograms,Farmers Market,הדוכן יום ב,Baby Leaf,No
24/06/2019,Beans: Bush & Pole 1500 Year Old Cave 25/04/2019 Ra.1 > L1 > Bed 111 12 bed m,Beans: Bush & Pole,0.5,Kilograms,Farmers Market,הדוכן יום ב,Fresh,No
24/06/2019,Beets MIX עלי ביבי 19/02/2019 Ra.1 > L1 > Bed 113 6 bed m,Beets,1.8,Kilograms,Farmers Market,הדוכן יום ב,Baby Leaf Greens,No
24/06/2019,Beets Ruby Queen 05/02/2019 Ra.2 > C1 > Bed 216 9 bed m,Beets,10.0,Kilograms,Farmers Market,הדוכן יום ב,Full-Size Root,Yes
24/06/2019,Cucumbers Facus - פאקוס 03/04/2019 Ra.2 > C2 > Bed 224 12 bed m,Cucumbers,2.0,Kilograms,Farmers Market,הדוכן יום ב,,No
24/06/2019,Cucumbers Facus - פאקוס 15/04/2019 Ra.3 > R1 > Bed 314 12 bed m,Cucumbers,2.0,Kilograms,Farmers Market,הדוכן יום ב,,No
24/06/2019,Eggplant Little Sailor 17/01/2019 Ra.1 > L1 > Bed 116 12 bed m,Eggplant,1.5,Kilograms,Farmers Market,הדוכן יום ב,,No
24/06/2019,Eggplant Meatball 15/04/2019 Ra.1 > L1 > Bed 119 12 bed m,Eggplant,1.5,Kilograms,Farmers Market,הדוכן יום ב,,No
24/06/2019,Eggplant Meatball 25/02/2019 Ra.1 > L1 > Bed 117 12 bed m,Eggplant,1.5,Kilograms,Farmers Market,הדוכן יום ב,,No
24/06/2019,Gourds Generic Variety 24/02/2019 Ra.3 > R1 > Bed 312 12 bed m,Gourds,6.0,Kilograms,Farmers Market,הדוכן יום ב,,No
24/06/2019,Kale Red Russian 20/03/2019 HH > B > Bed 11 12 bed m,Kale,6.0,Bunches,Farmers Market,הדוכן יום ב,Full-Size,No
24/06/2019,Leeks Generic Variety 19/09/2018 Ra.3 > R1 > Bed 307 12 bed m,Leeks,5.0,Bunches,Farmers Market,הדוכן יום ב,,No
24/06/2019,"Lettuce: Salad Mix מיקס שלנו, דמוי בן שחר 15/05/2019 Ra.1 > L6m > Bed 108 6 bed m",Lettuce: Salad Mix,1.9,Kilograms,Farmers Market,הדוכן יום ב,Full-Size,No
24/06/2019,Melons Hustan - הוסטאן 28/03/2019 Ra.3 > R2 > Bed 325 10 bed m,Melons,18.2,Kilograms,Farmers Market,הדוכן יום ב,,No
24/06/2019,New Zealand Spinach Generic Variety 19/02/2019 Ra.2 > C2 > Bed 220 12 bed m,New Zealand Spinach,3.5,Kilograms,Farmers Market,הדוכן יום ב,,No
24/06/2019,Onions: Scallions Generic Variety 12/11/2018 Ra.3 > R1 > Bed 306 3 bed m,Onions: Scallions,6.0,Bunches,Farmers Market,הדוכן יום ב,Full-Size,No
24/06/2019,Parsley Green Perle - מסולסלת 17/01/2019 Ra.1 > L2 > Bed 122 6 bed m,Parsley,9.0,Bunches,Farmers Market,הדוכן יום ב,Full-Size,No
24/06/2019,Parsley Root Generic Variety 10/12/2018 Ra.1 > L1 > Bed 118 6 bed m,Parsley Root,0.0,Bunches,Farmers Market,הדוכן יום ב,,No
24/06/2019,Radishes Daikon Long 01/05/2019 Ra.1 > L6m > Bed 101 6 bed m,Radishes,1.0,Bunches,Farmers Market,הדוכן יום ב,Full-Size,No
24/06/2019,Radishes French Breakfast 29/05/2019 Ra.2 > C6m > Bed 206 2 bed m,Radishes,7.0,Bunches,Farmers Market,הדוכן יום ב,Full-Size,Yes
24/06/2019,Radishes Nero Tondo 01/05/2019 Ra.1 > L6m > Bed 101 6 bed m,Radishes,2.0,Bunches,Farmers Market,הדוכן יום ב,Full-Size,No
24/06/2019,Summer Squash Anton 17/04/2019 Ra.3 > R2 > Bed 317 12 bed m,Summer Squash,3.0,Kilograms,Farmers Market,הדוכן יום ב,,No
24/06/2019,Summer Squash Goldy 20/02/2019 Ra.3 > R1 > Bed 315 12 bed m,Summer Squash,5.0,Kilograms,Farmers Market,הדוכן יום ב,,No
24/06/2019,Tomatoes Big Beef 08/01/2019 Ra.2 > C1 > Bed 213 + 1 more Block 24 bed m,Tomatoes,5.0,Kilograms,Farmers Market,הדוכן יום ב,Ripe,No
24/06/2019,Tomatoes Galila - מסיימת 27/03/2019 Ra.2 > C1 > Bed 211 12 bed m,Tomatoes,5.0,Kilograms,Farmers Market,הדוכן יום ב,Ripe,No
24/06/2019,Tomatoes Whitny - וויטני 04/04/2019 Ra.2 > C2 > Bed 219 12 bed m,Tomatoes,3.0,Kilograms,Farmers Market,הדוכן יום ב,Ripe,No
24/06/2019,Winter Squash Table Queen 13/03/2019 Ra.3 > R1 > Bed 309 12 bed m,Winter Squash,20.0,Kilograms,Farmers Market,הדוכן יום ב,,No
27/06/2019,Amaranth (Vegetable) Generic Variety 20/02/2019 HH > C > Bed 18 12 bed m,Amaranth (Vegetable),6.0,Bunches,Farmers Market,קטיף יום ה,Full-Size,No
27/06/2019,Arugula Arugula 03/04/2019 Ra.1 > L6m > Bed 102 6 bed m,Arugula,2.0,Kilograms,Farmers Market,קטיף יום ה,Baby Leaf,No
27/06/2019,Arugula Wild Rocket 13/01/2019 Ra.2 > C6m > Bed 208 6 bed m,Arugula,2.5,Kilograms,Farmers Market,קטיף יום ה,Baby Leaf,No
27/06/2019,Basil Generic Variety 20/05/2019 Ra.1 > L2 > Bed 131 12 bed m,Basil,10.0,Bunches,Farmers Market,קטיף יום ה,Full-Size,Yes
27/06/2019,Beets Chioggia Guardsmark 01/05/2019 Ra.1 > L1 > Bed 115 6 bed m,Beets,6.0,Bunches,Farmers Market,קטיף יום ה,Full-Size Root,No
27/06/2019,Beets MIX עלי ביבי 14/11/2018 Ra.1 > L6m > Bed 105 6 bed m,Beets,2.0,Kilograms,Farmers Market,קטיף יום ה,Baby Leaf Greens,No
27/06/2019,Beets MIX עלי ביבי 19/02/2019 Ra.1 > L1 > Bed 113 6 bed m,Beets,1.0,Kilograms,Farmers Market,קטיף יום ה,Baby Leaf Greens,Yes
27/06/2019,Carrots Nantes Half Long 13/01/2019 Ra.1 > L1 > Bed 120 12 bed m,Carrots,7.0,Kilograms,Farmers Market,קטיף יום ה,Full-Size,No
27/06/2019,Chard Bright Lights 24/02/2019 HH > B > Bed 12 12 bed m,Chard,6.0,Bunches,Farmers Market,קטיף יום ה,Full-Size,No
27/06/2019,Cilantro Generic Variety 22/05/2019 Ra.3 > R6m > Bed 303 6 bed m,Cilantro,6.0,Bunches,Farmers Market,קטיף יום ה,Leaf,No
27/06/2019,Cucumbers Facus - פאקוס 03/04/2019 Ra.2 > C2 > Bed 224 12 bed m,Cucumbers,1.0,Kilograms,Farmers Market,קטיף יום ה,,No
27/06/2019,Cucumbers Facus - פאקוס 15/04/2019 Ra.3 > R1 > Bed 314 12 bed m,Cucumbers,1.0,Kilograms,Farmers Market,קטיף יום ה,,No
27/06/2019,Eggplant Little Sailor 17/01/2019 Ra.1 > L1 > Bed 116 12 bed m,Eggplant,3.0,Kilograms,Farmers Market,קטיף יום ה,,No
27/06/2019,Eggplant Meatball 25/02/2019 Ra.1 > L1 > Bed 117 12 bed m,Eggplant,5.0,Kilograms,Farmers Market,קטיף יום ה,,No
27/06/2019,Gourds Generic Variety 24/02/2019 Ra.3 > R1 > Bed 312 12 bed m,Gourds,2.0,Kilograms,Farmers Market,קטיף יום ה,,No
27/06/2019,Kale Red Russian 20/03/2019 HH > B > Bed 11 12 bed m,Kale,6.0,Bunches,Farmers Market,קטיף יום ה,Full-Size,No
27/06/2019,Leeks Generic Variety 19/09/2018 Ra.3 > R1 > Bed 307 12 bed m,Leeks,50.0,Bunches,Farmers Market,קטיף יום ה,,Yes
27/06/2019,Lettuce Firecracker 15/05/2019 Ra.1 > L1 > Bed 118 6 bed m,Lettuce,30.0,Kilograms,Farmers Market,קטיף יום ה,Full-Size,Yes
27/06/2019,Lettuce: Salad Mix Generic Variety 16/05/2019 HH > C > Bed 17 6 bed m,Lettuce: Salad Mix,0.0,Kilograms,Farmers Market,קטיף יום ה,Full-Size,Yes
27/06/2019,"Lettuce: Salad Mix מיקס שלנו, דמוי בן שחר 03/06/2019 Ra.1 > L2 > Bed 126 6 bed m",Lettuce: Salad Mix,2.5,Kilograms,Farmers Market,קטיף יום ה,Full-Size,No
27/06/2019,"Lettuce: Salad Mix מיקס שלנו, דמוי בן שחר 15/05/2019 Ra.1 > L6m > Bed 108 6 bed m",Lettuce: Salad Mix,1.0,Kilograms,Farmers Market,קטיף יום ה,Full-Size,No
27/06/2019,Melons Hustan - הוסטאן 28/03/2019 Ra.3 > R2 > Bed 325 10 bed m,Melons,10.0,Kilograms,Farmers Market,קטיף יום ה,,No
27/06/2019,Mizuna Generic Variety 16/05/2019 Ra.1 > L1 > Bed 118 6 bed m,Mizuna,0.5,Kilograms,Farmers Market,קטיף יום ה,Baby Leaf,No
27/06/2019,New Zealand Spinach Generic Variety 19/02/2019 Ra.2 > C2 > Bed 220 12 bed m,New Zealand Spinach,5.0,Kilograms,Farmers Market,קטיף יום ה,,No
27/06/2019,Onions: Scallions Generic Variety 12/11/2018 Ra.3 > R1 > Bed 306 3 bed m,Onions: Scallions,15.0,Bunches,Farmers Market,קטיף יום ה,Full-Size,No
27/06/2019,Parsley Green Perle - מסולסלת 13/12/2018 Ra.2 > C6m > Bed 204 6 bed m,Parsley,15.0,Bunches,Farmers Market,קטיף יום ה,Full-Size,No
27/06/2019,Parsley Green Perle - מסולסלת 17/01/2019 Ra.1 > L2 > Bed 122 6 bed m,Parsley,15.0,Bunches,Farmers Market,קטיף יום ה,Full-Size,No
27/06/2019,Parsley Root Generic Variety 10/12/2018 Ra.1 > L1 > Bed 118 6 bed m,Parsley Root,0.0,Bunches,Farmers Market,קטיף יום ה,,Yes
27/06/2019,Parsley Root Generic Variety 13/01/2019 Ra.1 > L1 > Bed 110 8 bed m,Parsley Root,3.0,Kilograms,Farmers Market,קטיף יום ה,,Yes
27/06/2019,Radishes Daikon Long 01/05/2019 Ra.1 > L6m > Bed 101 6 bed m,Radishes,3.0,Bunches,Farmers Market,קטיף יום ה,Full-Size,No
27/06/2019,Radishes Nero Tondo 01/05/2019 Ra.1 > L6m > Bed 101 6 bed m,Radishes,3.0,Bunches,Farmers Market,קטיף יום ה,Full-Size,No
27/06/2019,Summer Squash Anton 17/04/2019 Ra.3 > R2 > Bed 317 12 bed m,Summer Squash,4.0,Kilograms,Farmers Market,קטיף יום ה,,No
27/06/2019,Summer Squash Goldy 20/02/2019 Ra.3 > R1 > Bed 315 12 bed m,Summer Squash,4.0,Kilograms,Farmers Market,קטיף יום ה,,No
27/06/2019,Tatsoi Generic Variety 15/05/2019 Ra.1 > L1 > Bed 118 12 bed m,Tatsoi,0.0,Kilograms,Farmers Market,קטיף יום ה,Baby Leaf,No
27/06/2019,Tomatoes Big Beef 08/01/2019 Ra.2 > C1 > Bed 213 + 1 more Block 24 bed m,Tomatoes,3.5,Kilograms,Farmers Market,קטיף יום ה,Ripe,No
27/06/2019,Tomatoes Galila - מסיימת 27/03/2019 Ra.2 > C1 > Bed 211 12 bed m,Tomatoes,6.0,Kilograms,Farmers Market,קטיף יום ה,Ripe,No
27/06/2019,Tomatoes Whitny - וויטני 04/04/2019 Ra.2 > C2 > Bed 219 12 bed m,Tomatoes,2.0,Kilograms,Farmers Market,קטיף יום ה,Ripe,No
27/06/2019,Winter Squash Table Queen 13/03/2019 Ra.3 > R1 > Bed 309 12 bed m,Winter Squash,20.0,Kilograms,Farmers Market,קטיף יום ה,,No
01/07/2019,Amaranth (Vegetable) Generic Variety 20/02/2019 HH > C > Bed 18 12 bed m,Amaranth (Vegetable),0.0,Bunches,Farmers Market,הדוכן יום ב,Full-Size,No
01/07/2019,Arugula Arugula 03/04/2019 Ra.1 > L6m > Bed 102 6 bed m,Arugula,4.2,Kilograms,Farmers Market,הדוכן יום ב,Baby Leaf,No
01/07/2019,Basil Genovese 20/03/2019 HH > C > Bed 13 12 bed m,Basil,0.0,Bunches,Farmers Market,הדוכן יום ב,Full-Size,No
01/07/2019,Beans: Bush & Pole 1500 Year Old Cave 25/04/2019 Ra.1 > L1 > Bed 111 12 bed m,Beans: Bush & Pole,0.5,Kilograms,Farmers Market,הדוכן יום ב,Fresh,No
01/07/2019,Beans: Bush & Pole Dwarf bean wonder of Piedmont 17/04/2019 Ra.3 > R1 > Bed 311 12 bed m,Beans: Bush & Pole,0.0,Kilograms,Farmers Market,הדוכן יום ב,Fresh,No
01/07/2019,Beets Chioggia Guardsmark 01/05/2019 Ra.1 > L1 > Bed 115 6 bed m,Beets,0.0,Bunches,Farmers Market,הדוכן יום ב,Full-Size Root,No
01/07/2019,Beets MIX עלי ביבי 14/11/2018 Ra.1 > L6m > Bed 105 6 bed m,Beets,0.0,Kilograms,Farmers Market,הדוכן יום ב,Baby Leaf Greens,No
01/07/2019,Beets MIX עלי ביבי 15/04/2019 HH > C > Bed 17 6 bed m,Beets,0.0,Kilograms,Farmers Market,הדוכן יום ב,Baby Leaf Greens,No
01/07/2019,Carrots Nantes Half Long 13/01/2019 Ra.1 > L1 > Bed 120 12 bed m,Carrots,14.5,Kilograms,Farmers Market,הדוכן יום ב,Full-Size,Yes
01/07/2019,Chard Bright Lights 24/02/2019 HH > B > Bed 12 12 bed m,Chard,0.0,Bunches,Farmers Market,הדוכן יום ב,Full-Size,No
01/07/2019,Chives Generic Variety 20/03/2019 Ra.1 > L6m > Bed 104 3 bed m,Chives,0.0,Bunches,Farmers Market,הדוכן יום ב,Full-Size,No
01/07/2019,Cilantro Generic Variety 22/05/2019 Ra.3 > R6m > Bed 303 6 bed m,Cilantro,5.0,Bunches,Farmers Market,הדוכן יום ב,Leaf,No
01/07/2019,Cucumbers Facus - פאקוס 03/04/2019 Ra.2 > C2 > Bed 224 12 bed m,Cucumbers,1.0,Kilograms,Farmers Market,הדוכן יום ב,,No
01/07/2019,Cucumbers Facus - פאקוס 15/04/2019 Ra.3 > R1 > Bed 314 12 bed m,Cucumbers,2.0,Kilograms,Farmers Market,הדוכן יום ב,,No
01/07/2019,Dill Generic Variety 01/05/2019 Ra.2 > C6m > Bed 203 6 bed m,Dill,0.0,Bunches,Farmers Market,הדוכן יום ב,Leaf,No
01/07/2019,Dill Generic Variety 20/03/2019 Ra.3 > R6m > Bed 301 6 bed m,Dill,0.0,Bunches,Farmers Market,הדוכן יום ב,Leaf,No
01/07/2019,Eggplant Little Sailor 17/01/2019 Ra.1 > L1 > Bed 116 12 bed m,Eggplant,2.0,Kilograms,Farmers Market,הדוכן יום ב,,No
01/07/2019,Eggplant Meatball 15/04/2019 Ra.1 > L1 > Bed 119 12 bed m,Eggplant,2.0,Kilograms,Farmers Market,הדוכן יום ב,,No
01/07/2019,Eggplant Meatball 25/02/2019 Ra.1 > L1 > Bed 117 12 bed m,Eggplant,2.0,Kilograms,Farmers Market,הדוכן יום ב,,No
01/07/2019,Gourds Generic Variety 24/02/2019 Ra.3 > R1 > Bed 312 12 bed m,Gourds,0.0,Kilograms,Farmers Market,הדוכן יום ב,,No
01/07/2019,Kale Lacinato (Dinosaur) 01/11/2018 HH > A > Bed 6 6 bed m,Kale,0.0,Bunches,Farmers Market,הדוכן יום ב,Full-Size,No
01/07/2019,Kale Lacinato (Dinosaur) 18/01/2018 HH > A > Bed 6 6 bed m,Kale,0.0,Bunches,Farmers Market,הדוכן יום ב,Full-Size,No
01/07/2019,Kale Red Russian 20/03/2019 HH > B > Bed 11 12 bed m,Kale,0.0,Bunches,Farmers Market,הדוכן יום ב,Full-Size,No
01/07/2019,Lettuce Generic Variety 20/05/2019 Ra.2 > C1 > Bed 210 6 bed m,Lettuce,,,Farmers Market,הדוכן יום ב,Full-Size,Yes
01/07/2019,Lettuce Generic Variety 20/05/2019 Ra.2 > C1 > Bed 210 6 bed m,Lettuce,,,,Unknown outlet,Full-Size,Yes
01/07/2019,Lettuce Generic Variety 20/05/2019 Ra.2 > C1 > Bed 210 6 bed m,Lettuce,,,Farmers Market,קטיף יום ה,Full-Size,Yes
01/07/2019,Lettuce Generic Variety 20/05/2019 Ra.2 > C1 > Bed 210 6 bed m,Lettuce,0.0,Heads,Farmers Market,הדוכן יום ב,Full-Size,No
01/07/2019,"Lettuce: Salad Mix מיקס שלנו, דמוי בן שחר 03/06/2019 Ra.1 > L2 > Bed 126 6 bed m",Lettuce: Salad Mix,4.5,Kilograms,Farmers Market,הדוכן יום ב,Full-Size,No
01/07/2019,"Lettuce: Salad Mix מיקס שלנו, דמוי בן שחר 15/05/2019 Ra.1 > L6m > Bed 108 6 bed m",Lettuce: Salad Mix,0.0,Kilograms,Farmers Market,הדוכן יום ב,Full-Size,No
01/07/2019,Melons Hustan - הוסטאן 28/03/2019 Ra.3 > R2 > Bed 325 10 bed m,Melons,25.0,Kilograms,Farmers Market,הדוכן יום ב,,No
01/07/2019,Mizuna Generic Variety 16/05/2019 Ra.1 > L1 > Bed 118 6 bed m,Mizuna,0.0,Kilograms,Farmers Market,הדוכן יום ב,Baby Leaf,No
01/07/2019,Mustard Red Giant 04/06/2019 Ra.1 > L2 > Bed 132 3 bed m,Mustard,1.5,Kilograms,Farmers Market,הדוכן יום ב,Full-Size,No
01/07/2019,New Zealand Spinach Generic Variety 19/02/2019 Ra.2 > C2 > Bed 220 12 bed m,New Zealand Spinach,2.0,Kilograms,Farmers Market,הדוכן יום ב,,No
01/07/2019,Onions: Scallions Generic Variety 12/11/2018 Ra.3 > R1 > Bed 306 3 bed m,Onions: Scallions,6.0,Bunches,Farmers Market,הדוכן יום ב,Full-Size,No
01/07/2019,Onions: Scallions Generic Variety 20/03/2019 HH > B > Bed 8 4 bed m,Onions: Scallions,0.0,Bunches,Farmers Market,הדוכן יום ב,Full-Size,No
01/07/2019,Parsley Generic Variety 24/02/2019 Ra.1 > L1 > Bed 112 12 bed m,Parsley,0.0,Bunches,Farmers Market,הדוכן יום ב,Full-Size,No
01/07/2019,Parsley Green Perle - מסולסלת 13/12/2018 Ra.2 > C6m > Bed 204 6 bed m,Parsley,0.0,Bunches,Farmers Market,הדוכן יום ב,Full-Size,No
01/07/2019,Parsley Green Perle - מסולסלת 17/01/2019 Ra.1 > L2 > Bed 122 6 bed m,Parsley,0.0,Bunches,Farmers Market,הדוכן יום ב,Full-Size,No
01/07/2019,Parsley Root Generic Variety 19/02/2019 Ra.1 > L6m > Bed 107 6 bed m,Parsley Root,0.0,Bunches,Farmers Market,הדוכן יום ב,,No
01/07/2019,Parsley Root Generic Variety 26/12/2018 Ra.2 > C6m > Bed 202 6 bed m,Parsley Root,0.0,Bunches,Farmers Market,הדוכן יום ב,,No
01/07/2019,Radishes Daikon Long 01/05/2019 Ra.1 > L6m > Bed 101 6 bed m,Radishes,0.0,Bunches,Farmers Market,הדוכן יום ב,Full-Size,No
01/07/2019,Radishes Nero Tondo 01/05/2019 Ra.1 > L6m > Bed 101 6 bed m,Radishes,0.0,Bunches,Farmers Market,הדוכן יום ב,Full-Size,No
01/07/2019,Soybeans Generic Variety 27/03/2019 Ra.2 > C2 > Bed 228 12 bed m,Soybeans,0.0,Kilograms,Farmers Market,הדוכן יום ב,Fresh Shelling,Yes
01/07/2019,Summer Squash Anton 17/04/2019 Ra.3 > R2 > Bed 317 12 bed m,Summer Squash,1.0,Kilograms,Farmers Market,הדוכן יום ב,,No
01/07/2019,Summer Squash Goldy 20/02/2019 Ra.3 > R1 > Bed 315 12 bed m,Summer Squash,1.5,Kilograms,Farmers Market,הדוכן יום ב,,No
01/07/2019,Tatsoi Generic Variety 15/05/2019 Ra.1 > L1 > Bed 118 12 bed m,Tatsoi,0.0,Kilograms,Farmers Market,הדוכן יום ב,Baby Leaf,No
01/07/2019,Tomatoes Big Beef 08/01/2019 Ra.2 > C1 > Bed 213 + 1 more Block 24 bed m,Tomatoes,9.0,Kilograms,Farmers Market,הדוכן יום ב,Ripe,No
01/07/2019,Tomatoes Galila - מסיימת 27/03/2019 Ra.2 > C1 > Bed 211 12 bed m,Tomatoes,11.0,Kilograms,Farmers Market,הדוכן יום ב,Ripe,No
01/07/2019,Tomatoes Whitny - וויטני 04/04/2019 Ra.2 > C2 > Bed 219 12 bed m,Tomatoes,2.0,Kilograms,Farmers Market,הדוכן יום ב,Ripe,No
01/07/2019,Winter Squash Mini Red Kabocha 11/03/2019 Ra.3 > R1 > Bed 305 12 bed m,Winter Squash,10.0,Kilograms,Farmers Market,הדוכן יום ב,,No
01/07/2019,Winter Squash Table Queen 13/03/2019 Ra.3 > R1 > Bed 309 12 bed m,Winter Squash,0.0,Kilograms,Farmers Market,הדוכן יום ב,,No
01/07/2019,Winter Squash Table Queen 20/03/2019 HH > B > Bed 9 12 bed m,Winter Squash,0.0,Kilograms,Farmers Market,הדוכן יום ב,,No
03/07/2019,Eggplant Meatball 15/04/2019 Ra.1 > L1 > Bed 119 12 bed m,Eggplant,5.0,Kilograms,,Unknown outlet,,No
03/07/2019,Eggplant Meatball 25/02/2019 Ra.1 > L1 > Bed 117 12 bed m,Eggplant,3.0,Kilograms,,Unknown outlet,,No
03/07/2019,Tomatoes Galila - מסיימת 27/03/2019 Ra.2 > C1 > Bed 211 12 bed m,Tomatoes,37.0,Kilograms,,Unknown outlet,Ripe,No
04/07/2019,Amaranth (Vegetable) Generic Variety 20/02/2019 HH > C > Bed 18 12 bed m,Amaranth (Vegetable),20.0,Bunches,Farmers Market,קטיף יום ה,Full-Size,No
04/07/2019,Arugula Arugula 06/05/2019 HH > C > Bed 15 6 bed m,Arugula,2.0,Kilograms,Farmers Market,קטיף יום ה,Baby Leaf,No
04/07/2019,Arugula Wild Rocket 04/06/2019 Ra.1 > L2 > Bed 132 6 bed m,Arugula,0.0,Kilograms,Farmers Market,קטיף יום ה,Baby Leaf,No
04/07/2019,Arugula Wild Rocket 13/01/2019 Ra.2 > C6m > Bed 208 6 bed m,Arugula,4.5,Kilograms,Farmers Market,קטיף יום ה,Baby Leaf,No
04/07/2019,Beans: Bush & Pole 1500 Year Old Cave 25/04/2019 Ra.1 > L1 > Bed 111 12 bed m,Beans: Bush & Pole,1.0,Kilograms,Farmers Market,קטיף יום ה,Fresh,No
04/07/2019,Beans: Bush & Pole Dwarf bean wonder of Piedmont 17/04/2019 Ra.3 > R1 > Bed 311 12 bed m,Beans: Bush & Pole,0.0,Kilograms,Farmers Market,קטיף יום ה,Fresh,No
04/07/2019,Beets Chioggia Guardsmark 01/05/2019 Ra.1 > L1 > Bed 115 6 bed m,Beets,8.0,Bunches,Farmers Market,קטיף יום ה,Full-Size Root,No
04/07/2019,Beets MIX עלי ביבי 14/11/2018 Ra.1 > L6m > Bed 105 6 bed m,Beets,0.0,Kilograms,Farmers Market,קטיף יום ה,Baby Leaf Greens,No
04/07/2019,Carrots Nantes Half Long 19/02/2019 Ra.1 > L2 > Bed 125 12 bed m,Carrots,6.0,Kilograms,Farmers Market,קטיף יום ה,Full-Size,Yes
04/07/2019,Cilantro Generic Variety 22/05/2019 Ra.3 > R6m > Bed 303 6 bed m,Cilantro,25.0,Bunches,Farmers Market,קטיף יום ה,Leaf,No
04/07/2019,Cucumbers Facus - פאקוס 03/04/2019 Ra.2 > C2 > Bed 224 12 bed m,Cucumbers,1.0,Kilograms,Farmers Market,קטיף יום ה,,No
04/07/2019,Cucumbers Facus - פאקוס 08/05/2019 Ra.3 > R1 > Bed 313 12 bed m,Cucumbers,1.0,Kilograms,Farmers Market,קטיף יום ה,,No
04/07/2019,Cucumbers Facus - פאקוס 15/04/2019 Ra.3 > R1 > Bed 314 12 bed m,Cucumbers,2.5,Kilograms,Farmers Market,קטיף יום ה,,No
04/07/2019,Dill Generic Variety 01/05/2019 Ra.2 > C6m > Bed 203 6 bed m,Dill,16.0,Bunches,Farmers Market,קטיף יום ה,Leaf,No
04/07/2019,Eggplant Little Sailor 17/01/2019 Ra.1 > L1 > Bed 116 12 bed m,Eggplant,3.0,Kilograms,Farmers Market,קטיף יום ה,,No
04/07/2019,Eggplant Meatball 15/04/2019 Ra.1 > L1 > Bed 119 12 bed m,Eggplant,3.5,Kilograms,Farmers Market,קטיף יום ה,,No
04/07/2019,Eggplant Meatball 25/02/2019 Ra.1 > L1 > Bed 117 12 bed m,Eggplant,0.0,Kilograms,Farmers Market,קטיף יום ה,,No
04/07/2019,Gourds Generic Variety 24/02/2019 Ra.3 > R1 > Bed 312 12 bed m,Gourds,2.0,Kilograms,Farmers Market,קטיף יום ה,,No
04/07/2019,Kale Red Russian 20/03/2019 HH > B > Bed 11 12 bed m,Kale,15.0,Bunches,Farmers Market,קטיף יום ה,Full-Size,No
04/07/2019,Lettuce: Salad Mix Generic Variety 03/06/2019 Ra.1 > L2 > Bed 126 6 bed m,Lettuce: Salad Mix,1.0,Kilograms,Farmers Market,קטיף יום ה,Full-Size,No
04/07/2019,"Lettuce: Salad Mix מיקס שלנו, דמוי בן שחר 03/06/2019 Ra.1 > L2 > Bed 126 6 bed m",Lettuce: Salad Mix,3.5,Kilograms,Farmers Market,קטיף יום ה,Full-Size,No
04/07/2019,"Lettuce: Salad Mix מיקס שלנו, דמוי בן שחר 03/06/2019 Ra.1 > L2 > Bed 126 6 bed m",Lettuce: Salad Mix,,,,,Full-Size,No
04/07/2019,Melons Hustan - הוסטאן 28/03/2019 Ra.3 > R2 > Bed 325 10 bed m,Melons,5.0,Kilograms,Farmers Market,קטיף יום ה,,No
04/07/2019,Mizuna Generic Variety 16/05/2019 Ra.1 > L1 > Bed 118 6 bed m,Mizuna,1.0,Kilograms,Farmers Market,קטיף יום ה,Baby Leaf,No
04/07/2019,Mustard Red Giant 04/06/2019 Ra.1 > L2 > Bed 132 3 bed m,Mustard,1.0,Kilograms,Farmers Market,קטיף יום ה,Full-Size,No
04/07/2019,New Zealand Spinach Generic Variety 19/02/2019 Ra.2 > C2 > Bed 220 12 bed m,New Zealand Spinach,3.8,Kilograms,Farmers Market,קטיף יום ה,,No
04/07/2019,Onions: Scallions Generic Variety 12/11/2018 Ra.3 > R1 > Bed 306 3 bed m,Onions: Scallions,50.0,Bunches,Farmers Market,קטיף יום ה,Full-Size,Yes
04/07/2019,Onions: Scallions Generic Variety 24/04/2019 HH > C > Bed 15 6 bed m,Onions: Scallions,0.0,Bunches,Farmers Market,קטיף יום ה,Full-Size,No
04/07/2019,Parsley Generic Variety 24/02/2019 Ra.1 > L1 > Bed 112 12 bed m,Parsley,0.0,Bunches,Farmers Market,קטיף יום ה,Full-Size,No
04/07/2019,Parsley Green Perle - מסולסלת 13/12/2018 Ra.2 > C6m > Bed 204 6 bed m,Parsley,8.0,Bunches,Farmers Market,קטיף יום ה,Full-Size,No
04/07/2019,Parsley Green Perle - מסולסלת 17/01/2019 Ra.1 > L2 > Bed 122 6 bed m,Parsley,12.0,Bunches,Farmers Market,קטיף יום ה,Full-Size,No
04/07/2019,Radishes Daikon Long 01/05/2019 Ra.1 > L6m > Bed 101 6 bed m,Radishes,4.0,Bunches,Farmers Market,קטיף יום ה,Full-Size,No
04/07/2019,Radishes Nero Tondo 01/05/2019 Ra.1 > L6m > Bed 101 6 bed m,Radishes,3.0,Bunches,Farmers Market,קטיף יום ה,Full-Size,No
04/07/2019,Summer Squash Anton 17/04/2019 Ra.3 > R2 > Bed 317 12 bed m,Summer Squash,2.0,Kilograms,Farmers Market,קטיף יום ה,,No
04/07/2019,Summer Squash Goldy 20/02/2019 Ra.3 > R1 > Bed 315 12 bed m,Summer Squash,3.5,Kilograms,Farmers Market,קטיף יום ה,,No
04/07/2019,Tatsoi Generic Variety 15/05/2019 Ra.1 > L1 > Bed 118 12 bed m,Tatsoi,0.0,Kilograms,Farmers Market,קטיף יום ה,Baby Leaf,No
04/07/2019,Tomatoes Big Beef 08/01/2019 Ra.2 > C1 > Bed 213 + 1 more Block 24 bed m,Tomatoes,4.0,Kilograms,Farmers Market,קטיף יום ה,Ripe,No
04/07/2019,Tomatoes Galila - מסיימת 27/03/2019 Ra.2 > C1 > Bed 211 12 bed m,Tomatoes,10.0,Kilograms,Farmers Market,קטיף יום ה,Ripe,No
04/07/2019,Tomatoes Red Pear 20/02/2019 Ra.2 > C2 > Bed 226 12 bed m,Tomatoes,2.0,Kilograms,Farmers Market,קטיף יום ה,Ripe,No
04/07/2019,Tomatoes Whitny - וויטני 04/04/2019 Ra.2 > C2 > Bed 219 12 bed m,Tomatoes,1.0,Kilograms,Farmers Market,קטיף יום ה,Ripe,No
04/07/2019,Winter Squash Mini Red Kabocha 11/03/2019 Ra.3 > R1 > Bed 305 12 bed m,Winter Squash,5.0,Kilograms,Farmers Market,קטיף יום ה,,No
04/07/2019,Winter Squash Table Queen 13/03/2019 Ra.3 > R1 > Bed 309 12 bed m,Winter Squash,0.0,Kilograms,Farmers Market,קטיף יום ה,,No
04/07/2019,Winter Squash Table Queen 20/03/2019 HH > B > Bed 9 12 bed m,Winter Squash,13.0,Kilograms,Farmers Market,קטיף יום ה,,No
07/07/2019,Cucumbers Facus - פאקוס 08/05/2019 Ra.3 > R1 > Bed 313 12 bed m,Cucumbers,2.5,Kilograms,,Unknown outlet,,No
07/07/2019,Cucumbers Facus - פאקוס 15/04/2019 Ra.3 > R1 > Bed 314 12 bed m,Cucumbers,2.5,Kilograms,,Unknown outlet,,No
07/07/2019,Melons Hustan - הוסטאן 28/03/2019 Ra.3 > R2 > Bed 325 10 bed m,Melons,5.0,Kilograms,,Unknown outlet,,No
07/07/2019,Summer Squash Anton 17/04/2019 Ra.3 > R2 > Bed 317 12 bed m,Summer Squash,2.0,Kilograms,,Unknown outlet,,No
07/07/2019,Summer Squash Goldy 20/02/2019 Ra.3 > R1 > Bed 315 12 bed m,Summer Squash,2.0,Kilograms,,Unknown outlet,,No
10/07/2019,Carrots Nantes Half Long 13/03/2019 Ra.1 > L2 > Bed 127 12 bed m,Carrots,10.0,Bunches,,Unknown outlet,Full-Size,No
10/07/2019,Cucumbers Facus - פאקוס 08/05/2019 Ra.3 > R1 > Bed 313 12 bed m,Cucumbers,4.0,Kilograms,,Unknown outlet,,No
10/07/2019,Cucumbers Facus - פאקוס 08/05/2019 Ra.3 > R1 > Bed 313 12 bed m,Cucumbers,1.0,Kilograms,,Unknown outlet,,No
10/07/2019,Cucumbers Facus - פאקוס 15/04/2019 Ra.3 > R1 > Bed 314 12 bed m,Cucumbers,2.0,Kilograms,,Unknown outlet,,No
10/07/2019,Eggplant Little Sailor 17/01/2019 Ra.1 > L1 > Bed 116 12 bed m,Eggplant,3.5,Kilograms,,Unknown outlet,,No
10/07/2019,Melons Hustan - הוסטאן 28/03/2019 Ra.3 > R2 > Bed 325 10 bed m,Melons,4.0,Kilograms,,Unknown outlet,,No
10/07/2019,Summer Squash Anton 17/04/2019 Ra.3 > R2 > Bed 317 12 bed m,Summer Squash,1.5,Kilograms,,Unknown outlet,,No
10/07/2019,Summer Squash Goldy 20/02/2019 Ra.3 > R1 > Bed 315 12 bed m,Summer Squash,1.0,Kilograms,,Unknown outlet,,No
10/07/2019,Tomatoes Big Beef 08/01/2019 Ra.2 > C1 > Bed 213 + 1 more Block 24 bed m,Tomatoes,1.8,Kilograms,,Unknown outlet,Ripe,No
10/07/2019,Tomatoes Galila - מסיימת 27/03/2019 Ra.2 > C1 > Bed 211 12 bed m,Tomatoes,6.0,Kilograms,,Unknown outlet,Ripe,No
10/07/2019,Tomatoes Whitny - וויטני 04/04/2019 Ra.2 > C2 > Bed 219 12 bed m,Tomatoes,3.5,Kilograms,,Unknown outlet,Ripe,No
10/07/2019,Tomatoes Whitny - וויטני 04/04/2019 Ra.2 > C2 > Bed 219 12 bed m,Tomatoes,2.0,Kilograms,,Unknown outlet,Ripe,No
11/07/2019,Amaranth (Vegetable) Generic Variety 20/02/2019 HH > C > Bed 18 12 bed m,Amaranth (Vegetable),12.0,Bunches,Farmers Market,קטיף יום ה,Full-Size,No
11/07/2019,Arugula Arugula 06/05/2019 HH > C > Bed 15 6 bed m,Arugula,2.2,Kilograms,Farmers Market,קטיף יום ה,Baby Leaf,No
11/07/2019,Beans: Bush & Pole 1500 Year Old Cave 25/04/2019 Ra.1 > L1 > Bed 111 12 bed m,Beans: Bush & Pole,0.0,Kilograms,Farmers Market,קטיף יום ה,Fresh,No
11/07/2019,Beans: Bush & Pole Dwarf bean wonder of Piedmont 17/04/2019 Ra.3 > R1 > Bed 311 12 bed m,Beans: Bush & Pole,1.0,Kilograms,Farmers Market,קטיף יום ה,Fresh,Yes
11/07/2019,Beans: Bush & Pole Thai Soldier 01/05/2019 Ra.3 > R1 > Bed 310 12 bed m,Beans: Bush & Pole,2.0,Kilograms,Farmers Market,קטיף יום ה,Fresh,Yes
11/07/2019,Beets Chioggia Guardsmark 01/05/2019 Ra.1 > L1 > Bed 115 6 bed m,Beets,6.0,Kilograms,Farmers Market,קטיף יום ה,Full-Size Root,Yes
11/07/2019,Beets MIX עלי ביבי 15/04/2019 HH > C > Bed 17 6 bed m,Beets,0.0,Kilograms,Farmers Market,קטיף יום ה,Baby Leaf Greens,No
11/07/2019,Carrots Mix - מעורב צבעוני 06/02/2019 Ra.3 > R1 > Bed 308 12 bed m,Carrots,,,Farmers Market,הדוכן יום ב,Full-Size,Yes
11/07/2019,Carrots Mix - מעורב צבעוני 06/02/2019 Ra.3 > R1 > Bed 308 12 bed m,Carrots,,,,Unknown outlet,Full-Size,Yes
11/07/2019,Carrots Mix - מעורב צבעוני 06/02/2019 Ra.3 > R1 > Bed 308 12 bed m,Carrots,,,Farmers Market,קטיף יום ה,Full-Size,Yes
11/07/2019,Chives Generic Variety 20/03/2019 Ra.1 > L6m > Bed 104 3 bed m,Chives,0.0,Bunches,Farmers Market,קטיף יום ה,Full-Size,No
11/07/2019,Cilantro Generic Variety 22/05/2019 Ra.3 > R6m > Bed 303 6 bed m,Cilantro,8.0,Bunches,Farmers Market,קטיף יום ה,Leaf,No
11/07/2019,Cilantro Santirini - נטע 22/05/2019 Ra.2 > C1 > Bed 210 6 bed m,Cilantro,20.0,Bunches,Farmers Market,קטיף יום ה,Leaf,No
11/07/2019,Corn Vanila 10/04/2019 Ra.3 > R1 > Bed 310 12 bed m,Corn,0.0,Kilograms,Farmers Market,קטיף יום ה,Standard,No
11/07/2019,Cucumbers Facus - פאקוס 03/04/2019 Ra.2 > C2 > Bed 224 12 bed m,Cucumbers,2.0,Kilograms,Farmers Market,קטיף יום ה,,No
11/07/2019,Cucumbers Facus - פאקוס 08/05/2019 Ra.3 > R1 > Bed 313 12 bed m,Cucumbers,2.0,Kilograms,Farmers Market,קטיף יום ה,,No
11/07/2019,Cucumbers Facus - פאקוס 15/04/2019 Ra.3 > R1 > Bed 314 12 bed m,Cucumbers,2.0,Kilograms,Farmers Market,קטיף יום ה,,No
11/07/2019,Eggplant Little Sailor 17/01/2019 Ra.1 > L1 > Bed 116 12 bed m,Eggplant,0.0,Kilograms,Farmers Market,קטיף יום ה,,No
11/07/2019,Eggplant Meatball 15/04/2019 Ra.1 > L1 > Bed 119 12 bed m,Eggplant,0.0,Kilograms,Farmers Market,קטיף יום ה,,No
11/07/2019,Eggplant Meatball 25/02/2019 Ra.1 > L1 > Bed 117 12 bed m,Eggplant,0.0,Kilograms,Farmers Market,קטיף יום ה,,No
11/07/2019,Kale Red Russian 20/03/2019 HH > B > Bed 11 12 bed m,Kale,3.0,Bunches,Farmers Market,קטיף יום ה,Full-Size,No
11/07/2019,Lettuce Generic Variety 08/05/2019 Ra.2 > C2 > Bed 227 12 bed m,Lettuce,30.0,Heads,Farmers Market,קטיף יום ה,Full-Size,No
11/07/2019,Lettuce: Salad Mix Generic Variety 03/06/2019 Ra.1 > L2 > Bed 126 6 bed m,Lettuce: Salad Mix,1.0,Kilograms,Farmers Market,קטיף יום ה,Full-Size,No
11/07/2019,"Lettuce: Salad Mix מיקס שלנו, דמוי בן שחר 03/06/2019 Ra.1 > L2 > Bed 126 6 bed m",Lettuce: Salad Mix,3.0,Kilograms,Farmers Market,קטיף יום ה,Full-Size,No
11/07/2019,"Lettuce: Salad Mix מיקס שלנו, דמוי בן שחר 15/05/2019 Ra.1 > L6m > Bed 108 6 bed m",Lettuce: Salad Mix,2.0,Kilograms,Farmers Market,קטיף יום ה,Full-Size,No
11/07/2019,Melons Hustan - הוסטאן 10/04/2019 Ra.3 > R2 > Bed 321 12 bed m,Melons,2.5,Kilograms,Farmers Market,קטיף יום ה,,No
11/07/2019,Melons Hustan - הוסטאן 28/03/2019 Ra.3 > R2 > Bed 325 10 bed m,Melons,8.0,Kilograms,Farmers Market,קטיף יום ה,,No
11/07/2019,Mizuna Generic Variety 16/05/2019 Ra.1 > L1 > Bed 118 6 bed m,Mizuna,0.0,Kilograms,Farmers Market,קטיף יום ה,Baby Leaf,No
11/07/2019,Mustard Red Giant 04/06/2019 Ra.1 > L2 > Bed 132 3 bed m,Mustard,0.0,Kilograms,Farmers Market,קטיף יום ה,Full-Size,No
11/07/2019,New Zealand Spinach Generic Variety 19/02/2019 Ra.2 > C2 > Bed 220 12 bed m,New Zealand Spinach,0.6,Kilograms,Farmers Market,קטיף יום ה,,No
11/07/2019,Onions: Scallions Generic Variety 24/04/2019 HH > C > Bed 15 6 bed m,Onions: Scallions,27.0,Bunches,Farmers Market,קטיף יום ה,Full-Size,No
11/07/2019,Parsley Generic Variety 24/02/2019 Ra.1 > L1 > Bed 112 12 bed m,Parsley,0.0,Bunches,Farmers Market,קטיף יום ה,Full-Size,No
11/07/2019,Parsley Green Perle - מסולסלת 13/12/2018 Ra.2 > C6m > Bed 204 6 bed m,Parsley,15.0,Bunches,Farmers Market,קטיף יום ה,Full-Size,No
11/07/2019,Parsley Green Perle - מסולסלת 17/01/2019 Ra.1 > L2 > Bed 122 6 bed m,Parsley,12.0,Bunches,Farmers Market,קטיף יום ה,Full-Size,No
11/07/2019,Parsley Root Generic Variety 19/02/2019 Ra.1 > L6m > Bed 107 6 bed m,Parsley Root,0.0,Bunches,Farmers Market,קטיף יום ה,,No
11/07/2019,Parsley Root Generic Variety 19/02/2019 Ra.1 > L6m > Bed 107 6 bed m,Parsley Root,,,Farmers Market,הדוכן יום ב,,Yes
11/07/2019,Parsley Root Generic Variety 19/02/2019 Ra.1 > L6m > Bed 107 6 bed m,Parsley Root,,,,Unknown outlet,,Yes
11/07/2019,Parsley Root Generic Variety 19/02/2019 Ra.1 > L6m > Bed 107 6 bed m,Parsley Root,,,Farmers Market,קטיף יום ה,,Yes
11/07/2019,Peppers Thai Red Chili 10/04/2019 Ra.1 > L1 > Bed 113 6 bed m,Peppers,1.5,Kilograms,Farmers Market,קטיף יום ה,Ripe,No
11/07/2019,Radishes Daikon Long 01/05/2019 Ra.1 > L6m > Bed 101 6 bed m,Radishes,8.0,Bunches,Farmers Market,קטיף יום ה,Full-Size,No
11/07/2019,Radishes Daikon Long 01/05/2019 Ra.1 > L6m > Bed 101 6 bed m,Radishes,,,Farmers Market,הדוכן יום ב,Full-Size,Yes
11/07/2019,Radishes Daikon Long 01/05/2019 Ra.1 > L6m > Bed 101 6 bed m,Radishes,,,,Unknown outlet,Full-Size,Yes
11/07/2019,Radishes Daikon Long 01/05/2019 Ra.1 > L6m > Bed 101 6 bed m,Radishes,,,Farmers Market,קטיף יום ה,Full-Size,Yes
11/07/2019,Radishes Nero Tondo 01/05/2019 Ra.1 > L6m > Bed 101 6 bed m,Radishes,8.0,Bunches,Farmers Market,קטיף יום ה,Full-Size,No
11/07/2019,Radishes Nero Tondo 01/05/2019 Ra.1 > L6m > Bed 101 6 bed m,Radishes,,,Farmers Market,הדוכן יום ב,Full-Size,Yes
11/07/2019,Radishes Nero Tondo 01/05/2019 Ra.1 > L6m > Bed 101 6 bed m,Radishes,,,,Unknown outlet,Full-Size,Yes
11/07/2019,Radishes Nero Tondo 01/05/2019 Ra.1 > L6m > Bed 101 6 bed m,Radishes,,,Farmers Market,קטיף יום ה,Full-Size,Yes
11/07/2019,Summer Squash Anton 17/04/2019 Ra.3 > R2 > Bed 317 12 bed m,Summer Squash,2.5,Kilograms,Farmers Market,קטיף יום ה,,No
11/07/2019,Summer Squash Goldy 20/02/2019 Ra.3 > R1 > Bed 315 12 bed m,Summer Squash,1.5,Kilograms,Farmers Market,קטיף יום ה,,No
11/07/2019,Tatsoi Generic Variety 15/05/2019 Ra.1 > L1 > Bed 118 12 bed m,Tatsoi,0.0,Kilograms,Farmers Market,קטיף יום ה,Baby Leaf,No
11/07/2019,Tomatoes Big Beef 08/01/2019 Ra.2 > C1 > Bed 213 + 1 more Block 24 bed m,Tomatoes,0.0,Kilograms,Farmers Market,קטיף יום ה,Ripe,No
11/07/2019,Tomatoes Galila - מסיימת 27/03/2019 Ra.2 > C1 > Bed 211 12 bed m,Tomatoes,0.0,Kilograms,Farmers Market,קטיף יום ה,Ripe,No
11/07/2019,Tomatoes Red Pear 20/02/2019 Ra.2 > C2 > Bed 226 12 bed m,Tomatoes,0.0,Kilograms,Farmers Market,קטיף יום ה,Ripe,No
11/07/2019,Tomatoes Whitny - וויטני 04/04/2019 Ra.2 > C2 > Bed 219 12 bed m,Tomatoes,0.0,Kilograms,Farmers Market,קטיף יום ה,Ripe,No
11/07/2019,Winter Squash Mini Red Kabocha 11/03/2019 Ra.3 > R1 > Bed 305 12 bed m,Winter Squash,0.0,Kilograms,Farmers Market,קטיף יום ה,,No
13/07/2019,Cucumbers Facus - פאקוס 15/04/2019 Ra.3 > R1 > Bed 314 12 bed m,Cucumbers,1.0,Kilograms,,Unknown outlet,,No
13/07/2019,Melons Hustan - הוסטאן 10/04/2019 Ra.3 > R2 > Bed 321 12 bed m,Melons,10.0,Kilograms,,Unknown outlet,,No
13/07/2019,Melons Hustan - הוסטאן 28/03/2019 Ra.3 > R2 > Bed 325 10 bed m,Melons,2.5,Kilograms,,Unknown outlet,,No
13/07/2019,Summer Squash Goldy 20/02/2019 Ra.3 > R1 > Bed 315 12 bed m,Summer Squash,,,Farmers Market,הדוכן יום ב,,Yes
13/07/2019,Summer Squash Goldy 20/02/2019 Ra.3 > R1 > Bed 315 12 bed m,Summer Squash,,,,Unknown outlet,,Yes
13/07/2019,Summer Squash Goldy 20/02/2019 Ra.3 > R1 > Bed 315 12 bed m,Summer Squash,,,Farmers Market,קטיף יום ה,,Yes
18/07/2019,Parsley Root Generic Variety 26/12/2018 Ra.2 > C6m > Bed 202 6 bed m,Parsley Root,,,Farmers Market,הדוכן יום ב,,Yes
18/07/2019,Parsley Root Generic Variety 26/12/2018 Ra.2 > C6m > Bed 202 6 bed m,Parsley Root,,,,Unknown outlet,,Yes
18/07/2019,Parsley Root Generic Variety 26/12/2018 Ra.2 > C6m > Bed 202 6 bed m,Parsley Root,,,Farmers Market,קטיף יום ה,,Yes
18/07/2019,Summer Squash Anton 17/04/2019 Ra.3 > R2 > Bed 317 12 bed m,Summer Squash,,,Farmers Market,הדוכן יום ב,,Yes
18/07/2019,Summer Squash Anton 17/04/2019 Ra.3 > R2 > Bed 317 12 bed m,Summer Squash,,,,Unknown outlet,,Yes
18/07/2019,Summer Squash Anton 17/04/2019 Ra.3 > R2 > Bed 317 12 bed m,Summer Squash,,,Farmers Market,קטיף יום ה,,Yes
19/07/2019,Winter Squash Table Queen 20/03/2019 HH > B > Bed 9 12 bed m,Winter Squash,,,Farmers Market,הדוכן יום ב,,Yes
19/07/2019,Winter Squash Table Queen 20/03/2019 HH > B > Bed 9 12 bed m,Winter Squash,,,,Unknown outlet,,Yes
19/07/2019,Winter Squash Table Queen 20/03/2019 HH > B > Bed 9 12 bed m,Winter Squash,,,Farmers Market,קטיף יום ה,,Yes
20/07/2019,Dill Generic Variety 20/03/2019 Ra.3 > R6m > Bed 301 6 bed m,Dill,,,Farmers Market,הדוכן יום ב,Leaf,Yes
20/07/2019,Dill Generic Variety 20/03/2019 Ra.3 > R6m > Bed 301 6 bed m,Dill,,,,Unknown outlet,Leaf,Yes
20/07/2019,Dill Generic Variety 20/03/2019 Ra.3 > R6m > Bed 301 6 bed m,Dill,,,Farmers Market,קטיף יום ה,Leaf,Yes
21/07/2019,Arugula Wild Rocket 13/01/2019 Ra.2 > C6m > Bed 208 6 bed m,Arugula,,,Farmers Market,הדוכן יום ב,Baby Leaf,Yes
21/07/2019,Arugula Wild Rocket 13/01/2019 Ra.2 > C6m > Bed 208 6 bed m,Arugula,,,,Unknown outlet,Baby Leaf,Yes
21/07/2019,Arugula Wild Rocket 13/01/2019 Ra.2 > C6m > Bed 208 6 bed m,Arugula,,,Farmers Market,קטיף יום ה,Baby Leaf,Yes
22/07/2019,Onions: Scallions Generic Variety 20/03/2019 HH > B > Bed 8 4 bed m,Onions: Scallions,,,Farmers Market,הדוכן יום ב,Full-Size,Yes
22/07/2019,Onions: Scallions Generic Variety 20/03/2019 HH > B > Bed 8 4 bed m,Onions: Scallions,,,,Unknown outlet,Full-Size,Yes
22/07/2019,Onions: Scallions Generic Variety 20/03/2019 HH > B > Bed 8 4 bed m,Onions: Scallions,,,Farmers Market,קטיף יום ה,Full-Size,Yes
25/07/2019,Beets MIX עלי ביבי 15/04/2019 HH > C > Bed 17 6 bed m,Beets,,,Farmers Market,הדוכן יום ב,Baby Leaf Greens,Yes
25/07/2019,Beets MIX עלי ביבי 15/04/2019 HH > C > Bed 17 6 bed m,Beets,,,,Unknown outlet,Baby Leaf Greens,Yes
25/07/2019,Beets MIX עלי ביבי 15/04/2019 HH > C > Bed 17 6 bed m,Beets,,,Farmers Market,קטיף יום ה,Baby Leaf Greens,Yes
25/07/2019,Cilantro Santirini - נטע 22/05/2019 Ra.2 > C1 > Bed 210 6 bed m,Cilantro,,,Farmers Market,הדוכן יום ב,Leaf,Yes
25/07/2019,Cilantro Santirini - נטע 22/05/2019 Ra.2 > C1 > Bed 210 6 bed m,Cilantro,,,,Unknown outlet,Leaf,Yes
25/07/2019,Cilantro Santirini - נטע 22/05/2019 Ra.2 > C1 > Bed 210 6 bed m,Cilantro,,,Farmers Market,קטיף יום ה,Leaf,Yes
25/07/2019,Lettuce Generic Variety 08/05/2019 Ra.2 > C2 > Bed 227 12 bed m,Lettuce,,,Farmers Market,הדוכן יום ב,Full-Size,Yes
25/07/2019,Lettuce Generic Variety 08/05/2019 Ra.2 > C2 > Bed 227 12 bed m,Lettuce,,,,Unknown outlet,Full-Size,Yes
25/07/2019,Lettuce Generic Variety 08/05/2019 Ra.2 > C2 > Bed 227 12 bed m,Lettuce,,,Farmers Market,קטיף יום ה,Full-Size,Yes
27/07/2019,Cilantro Generic Variety 22/05/2019 Ra.3 > R6m > Bed 303 6 bed m,Cilantro,,,Farmers Market,הדוכן יום ב,Leaf,Yes
27/07/2019,Cilantro Generic Variety 22/05/2019 Ra.3 > R6m > Bed 303 6 bed m,Cilantro,,,,Unknown outlet,Leaf,Yes
27/07/2019,Cilantro Generic Variety 22/05/2019 Ra.3 > R6m > Bed 303 6 bed m,Cilantro,,,Farmers Market,קטיף יום ה,Leaf,Yes
28/07/2019,Tatsoi Generic Variety 15/05/2019 Ra.1 > L1 > Bed 118 12 bed m,Tatsoi,,,Farmers Market,הדוכן יום ב,Baby Leaf,Yes
28/07/2019,Tatsoi Generic Variety 15/05/2019 Ra.1 > L1 > Bed 118 12 bed m,Tatsoi,,,,Unknown outlet,Baby Leaf,Yes
28/07/2019,Tatsoi Generic Variety 15/05/2019 Ra.1 > L1 > Bed 118 12 bed m,Tatsoi,,,Farmers Market,קטיף יום ה,Baby Leaf,Yes
01/08/2019,Arugula Arugula 03/04/2019 Ra.1 > L6m > Bed 102 6 bed m,Arugula,,,Farmers Market,הדוכן יום ב,Baby Leaf,Yes
01/08/2019,Arugula Arugula 03/04/2019 Ra.1 > L6m > Bed 102 6 bed m,Arugula,,,,Unknown outlet,Baby Leaf,Yes
01/08/2019,Arugula Arugula 03/04/2019 Ra.1 > L6m > Bed 102 6 bed m,Arugula,,,Farmers Market,קטיף יום ה,Baby Leaf,Yes
01/08/2019,Corn Vanila 10/04/2019 Ra.3 > R1 > Bed 310 12 bed m,Corn,,,Farmers Market,הדוכן יום ב,Standard,Yes
01/08/2019,Corn Vanila 10/04/2019 Ra.3 > R1 > Bed 310 12 bed m,Corn,,,,Unknown outlet,Standard,Yes
01/08/2019,Corn Vanila 10/04/2019 Ra.3 > R1 > Bed 310 12 bed m,Corn,,,Farmers Market,קטיף יום ה,Standard,Yes
01/08/2019,Winter Squash Table Queen 13/03/2019 Ra.3 > R1 > Bed 309 12 bed m,Winter Squash,,,Farmers Market,הדוכן יום ב,,Yes
01/08/2019,Winter Squash Table Queen 13/03/2019 Ra.3 > R1 > Bed 309 12 bed m,Winter Squash,,,,Unknown outlet,,Yes
01/08/2019,Winter Squash Table Queen 13/03/2019 Ra.3 > R1 > Bed 309 12 bed m,Winter Squash,,,Farmers Market,קטיף יום ה,,Yes
04/08/2019,Mizuna Generic Variety 16/05/2019 Ra.1 > L1 > Bed 118 6 bed m,Mizuna,,,Farmers Market,הדוכן יום ב,Baby Leaf,Yes
04/08/2019,Mizuna Generic Variety 16/05/2019 Ra.1 > L1 > Bed 118 6 bed m,Mizuna,,,,Unknown outlet,Baby Leaf,Yes
04/08/2019,Mizuna Generic Variety 16/05/2019 Ra.1 > L1 > Bed 118 6 bed m,Mizuna,,,Farmers Market,קטיף יום ה,Baby Leaf,Yes
05/08/2019,Arugula Arugula 19/06/2019 Ra.2 > C1 > Bed 215 12 bed m,Arugula,2.9,Kilograms,Farmers Market,הדוכן יום ב,Baby Leaf,No
05/08/2019,Carrots Nantes Half Long 13/03/2019 Ra.1 > L2 > Bed 127 12 bed m,Carrots,10.0,Kilograms,Farmers Market,הדוכן יום ב,Full-Size,No
05/08/2019,Chives Generic Variety 20/03/2019 Ra.1 > L6m > Bed 104 3 bed m,Chives,6.0,Bunches,Farmers Market,הדוכן יום ב,Full-Size,No
05/08/2019,Cilantro Santirini - נטע 02/05/2019 Ra.2 > C6m > Bed 205 6 bed m,Cilantro,3.0,Bunches,Farmers Market,הדוכן יום ב,Leaf,No
05/08/2019,Corn Vanila 06/05/2019 Ra.3 > R2 > Bed 324 12 bed m,Corn,3.0,Kilograms,Farmers Market,הדוכן יום ב,Standard,No
05/08/2019,Cucumbers Facus - פאקוס 03/04/2019 Ra.2 > C2 > Bed 224 12 bed m,Cucumbers,2.0,Kilograms,Farmers Market,הדוכן יום ב,,No
05/08/2019,Cucumbers Facus - פאקוס 08/05/2019 Ra.3 > R1 > Bed 313 12 bed m,Cucumbers,1.0,Kilograms,Farmers Market,הדוכן יום ב,,No
05/08/2019,Cucumbers Facus - פאקוס 15/04/2019 Ra.3 > R1 > Bed 314 12 bed m,Cucumbers,1.0,Kilograms,Farmers Market,הדוכן יום ב,,No
05/08/2019,Dill Generic Variety 29/05/2019 Ra.2 > C6m > Bed 203 6 bed m,Dill,,,Farmers Market,הדוכן יום ב,Leaf,Yes
05/08/2019,Dill Generic Variety 29/05/2019 Ra.2 > C6m > Bed 203 6 bed m,Dill,,,,Unknown outlet,Leaf,Yes
05/08/2019,Dill Generic Variety 29/05/2019 Ra.2 > C6m > Bed 203 6 bed m,Dill,,,Farmers Market,קטיף יום ה,Leaf,Yes
05/08/2019,"Lettuce: Salad Mix מיקס שלנו, דמוי בן שחר 03/06/2019 Ra.1 > L2 > Bed 126 6 bed m",Lettuce: Salad Mix,0.0,Kilograms,Farmers Market,הדוכן יום ב,Full-Size,No
05/08/2019,"Lettuce: Salad Mix מיקס שלנו, דמוי בן שחר 15/05/2019 Ra.1 > L6m > Bed 108 6 bed m",Lettuce: Salad Mix,3.5,Kilograms,Farmers Market,הדוכן יום ב,Full-Size,No
05/08/2019,"Lettuce: Salad Mix מיקס שלנו, דמוי בן שחר 19/06/2019 Ra.1 > L1 > Bed 114 12 bed m",Lettuce: Salad Mix,0.0,Kilograms,Farmers Market,הדוכן יום ב,Full-Size,No
05/08/2019,Melons Hustan - הוסטאן 10/04/2019 Ra.3 > R2 > Bed 321 12 bed m,Melons,2.0,Kilograms,Farmers Market,הדוכן יום ב,,No
05/08/2019,Melons Hustan - הוסטאן 28/03/2019 Ra.3 > R2 > Bed 325 10 bed m,Melons,6.0,Kilograms,Farmers Market,הדוכן יום ב,,No
05/08/2019,Mizuna Generic Variety 19/06/2019 Ra.2 > C1 > Bed 215 6 bed m,Mizuna,1.0,Kilograms,Farmers Market,הדוכן יום ב,Baby Leaf,No
05/08/2019,New Zealand Spinach Generic Variety 19/02/2019 Ra.2 > C2 > Bed 220 12 bed m,New Zealand Spinach,2.5,Kilograms,Farmers Market,הדוכן יום ב,,No
05/08/2019,Okra Generic Variety 22/05/2019 Ra.1 > L2 > Bed 128 12 bed m,Okra,2.0,Kilograms,Farmers Market,הדוכן יום ב,,No
05/08/2019,Onions: Scallions Generic Variety 24/04/2019 HH > C > Bed 15 6 bed m,Onions: Scallions,16.0,Bunches,Farmers Market,הדוכן יום ב,Full-Size,No
05/08/2019,Parsley Green Perle - מסולסלת 17/01/2019 Ra.1 > L2 > Bed 122 6 bed m,Parsley,14.0,Bunches,Farmers Market,הדוכן יום ב,Full-Size,No
05/08/2019,Parsley Root Generic Variety 10/04/2019 Ra.3 > R6m > Bed 302 6 bed m,Parsley Root,15.0,Bunches,Farmers Market,הדוכן יום ב,,No
05/08/2019,Tomatoes Big Beef 08/01/2019 Ra.2 > C1 > Bed 213 + 1 more Block 24 bed m,Tomatoes,5.0,Kilograms,Farmers Market,הדוכן יום ב,Ripe,No
05/08/2019,Tomatoes Red Pear 20/02/2019 Ra.2 > C2 > Bed 226 12 bed m,Tomatoes,4.0,Kilograms,Farmers Market,הדוכן יום ב,Ripe,No
05/08/2019,Tomatoes Whitny - וויטני 04/04/2019 Ra.2 > C2 > Bed 219 12 bed m,Tomatoes,6.0,Kilograms,Farmers Market,הדוכן יום ב,Ripe,No
05/08/2019,Winter Squash Generic Variety 29/01/2019 Ra.3 > R3 > Bed 332 12 bed m,Winter Squash,102.0,Kilograms,Farmers Market,הדוכן יום ב,,No
05/08/2019,Winter Squash Mini Red Kabocha 11/03/2019 Ra.3 > R1 > Bed 305 12 bed m,Winter Squash,25.0,Kilograms,Farmers Market,הדוכן יום ב,,No
06/08/2019,Beans: Bush & Pole 1500 Year Old Cave 25/04/2019 Ra.1 > L1 > Bed 111 12 bed m,Beans: Bush & Pole,,,Farmers Market,הדוכן יום ב,Fresh,Yes
06/08/2019,Beans: Bush & Pole 1500 Year Old Cave 25/04/2019 Ra.1 > L1 > Bed 111 12 bed m,Beans: Bush & Pole,,,,Unknown outlet,Fresh,Yes
06/08/2019,Beans: Bush & Pole 1500 Year Old Cave 25/04/2019 Ra.1 > L1 > Bed 111 12 bed m,Beans: Bush & Pole,,,Farmers Market,קטיף יום ה,Fresh,Yes
07/08/2019,Lettuce Generic Variety 19/06/2019 Ra.2 > C1 > Bed 216 12 bed m,Lettuce,,,Farmers Market,הדוכן יום ב,Full-Size,Yes
07/08/2019,Lettuce Generic Variety 19/06/2019 Ra.2 > C1 > Bed 216 12 bed m,Lettuce,,,,Unknown outlet,Full-Size,Yes
07/08/2019,Lettuce Generic Variety 19/06/2019 Ra.2 > C1 > Bed 216 12 bed m,Lettuce,,,Farmers Market,קטיף יום ה,Full-Size,Yes
08/08/2019,Kale Lacinato (Dinosaur) 01/11/2018 HH > A > Bed 6 6 bed m,Kale,0.0,Bunches,Farmers Market,הדוכן יום ב,Full-Size,Yes
08/08/2019,Kale Lacinato (Dinosaur) 01/11/2018 HH > A > Bed 6 6 bed m,Kale,0.0,Bunches,,Unknown outlet,Full-Size,Yes
08/08/2019,Kale Lacinato (Dinosaur) 01/11/2018 HH > A > Bed 6 6 bed m,Kale,0.0,Bunches,Farmers Market,קטיף יום ה,Full-Size,Yes
08/08/2019,Onions: Scallions Generic Variety 24/04/2019 HH > C > Bed 15 6 bed m,Onions: Scallions,,,Farmers Market,הדוכן יום ב,Full-Size,Yes
08/08/2019,Onions: Scallions Generic Variety 24/04/2019 HH > C > Bed 15 6 bed m,Onions: Scallions,,,,Unknown outlet,Full-Size,Yes
08/08/2019,Onions: Scallions Generic Variety 24/04/2019 HH > C > Bed 15 6 bed m,Onions: Scallions,,,Farmers Market,קטיף יום ה,Full-Size,Yes
09/08/2019,Kale Lacinato (Dinosaur) 18/01/2018 HH > A > Bed 6 6 bed m,Kale,0.0,Bunches,Farmers Market,הדוכן יום ב,Full-Size,Yes
09/08/2019,Kale Lacinato (Dinosaur) 18/01/2018 HH > A > Bed 6 6 bed m,Kale,0.0,Bunches,,Unknown outlet,Full-Size,Yes
09/08/2019,Kale Lacinato (Dinosaur) 18/01/2018 HH > A > Bed 6 6 bed m,Kale,0.0,Bunches,Farmers Market,קטיף יום ה,Full-Size,Yes
12/08/2019,Cilantro Santirini - נטע 02/05/2019 Ra.2 > C6m > Bed 205 6 bed m,Cilantro,,,Farmers Market,הדוכן יום ב,Leaf,Yes
12/08/2019,Cilantro Santirini - נטע 02/05/2019 Ra.2 > C6m > Bed 205 6 bed m,Cilantro,,,,Unknown outlet,Leaf,Yes
12/08/2019,Cilantro Santirini - נטע 02/05/2019 Ra.2 > C6m > Bed 205 6 bed m,Cilantro,,,Farmers Market,קטיף יום ה,Leaf,Yes
12/08/2019,Cucumbers Facus - פאקוס 15/04/2019 Ra.3 > R1 > Bed 314 12 bed m,Cucumbers,,,Farmers Market,הדוכן יום ב,,Yes
12/08/2019,Cucumbers Facus - פאקוס 15/04/2019 Ra.3 > R1 > Bed 314 12 bed m,Cucumbers,,,,Unknown outlet,,Yes
12/08/2019,Cucumbers Facus - פאקוס 15/04/2019 Ra.3 > R1 > Bed 314 12 bed m,Cucumbers,,,Farmers Market,קטיף יום ה,,Yes
12/08/2019,Kale Red Russian 19/06/2019 Ra.1 > L6m > Bed 103 6 bed m,Kale,,,Farmers Market,הדוכן יום ב,Baby Leaf,Yes
12/08/2019,Kale Red Russian 19/06/2019 Ra.1 > L6m > Bed 103 6 bed m,Kale,,,,Unknown outlet,Baby Leaf,Yes
12/08/2019,Kale Red Russian 19/06/2019 Ra.1 > L6m > Bed 103 6 bed m,Kale,,,Farmers Market,קטיף יום ה,Baby Leaf,Yes
12/08/2019,"Lettuce: Salad Mix מיקס שלנו, דמוי בן שחר 15/05/2019 Ra.1 > L6m > Bed 108 6 bed m",Lettuce: Salad Mix,,,Farmers Market,הדוכן יום ב,Full-Size,Yes
12/08/2019,"Lettuce: Salad Mix מיקס שלנו, דמוי בן שחר 15/05/2019 Ra.1 > L6m > Bed 108 6 bed m",Lettuce: Salad Mix,,,,Unknown outlet,Full-Size,Yes
12/08/2019,"Lettuce: Salad Mix מיקס שלנו, דמוי בן שחר 15/05/2019 Ra.1 > L6m > Bed 108 6 bed m",Lettuce: Salad Mix,,,Farmers Market,קטיף יום ה,Full-Size,Yes
13/08/2019,Cucumbers Facus - פאקוס 08/05/2019 Ra.3 > R1 > Bed 313 12 bed m,Cucumbers,,,Farmers Market,הדוכן יום ב,,Yes
13/08/2019,Cucumbers Facus - פאקוס 08/05/2019 Ra.3 > R1 > Bed 313 12 bed m,Cucumbers,,,,Unknown outlet,,Yes
13/08/2019,Cucumbers Facus - פאקוס 08/05/2019 Ra.3 > R1 > Bed 313 12 bed m,Cucumbers,,,Farmers Market,קטיף יום ה,,Yes
15/08/2019,Dill Generic Variety 01/05/2019 Ra.2 > C6m > Bed 203 6 bed m,Dill,,,Farmers Market,הדוכן יום ב,Leaf,Yes
15/08/2019,Dill Generic Variety 01/05/2019 Ra.2 > C6m > Bed 203 6 bed m,Dill,,,,Unknown outlet,Leaf,Yes
15/08/2019,Dill Generic Variety 01/05/2019 Ra.2 > C6m > Bed 203 6 bed m,Dill,,,Farmers Market,קטיף יום ה,Leaf,Yes
15/08/2019,Winter Squash Mini Red Kabocha 11/03/2019 Ra.3 > R1 > Bed 305 12 bed m,Winter Squash,,,Farmers Market,הדוכן יום ב,,Yes
15/08/2019,Winter Squash Mini Red Kabocha 11/03/2019 Ra.3 > R1 > Bed 305 12 bed m,Winter Squash,,,,Unknown outlet,,Yes
15/08/2019,Winter Squash Mini Red Kabocha 11/03/2019 Ra.3 > R1 > Bed 305 12 bed m,Winter Squash,,,Farmers Market,קטיף יום ה,,Yes
19/08/2019,Corn Vanila 29/04/2019 Ra.3 > R2 > Bed 326 12 bed m,Corn,,,Farmers Market,הדוכן יום ב,Standard,Yes
19/08/2019,Corn Vanila 29/04/2019 Ra.3 > R2 > Bed 326 12 bed m,Corn,,,,Unknown outlet,Standard,Yes
19/08/2019,Corn Vanila 29/04/2019 Ra.3 > R2 > Bed 326 12 bed m,Corn,,,Farmers Market,קטיף יום ה,Standard,Yes
19/08/2019,Lettuce Generic Variety 29/05/2019 Ra.2 > C1 > Bed 209 12 bed m,Lettuce,,,Farmers Market,הדוכן יום ב,Full-Size,Yes
19/08/2019,Lettuce Generic Variety 29/05/2019 Ra.2 > C1 > Bed 209 12 bed m,Lettuce,,,,Unknown outlet,Full-Size,Yes
19/08/2019,Lettuce Generic Variety 29/05/2019 Ra.2 > C1 > Bed 209 12 bed m,Lettuce,,,Farmers Market,קטיף יום ה,Full-Size,Yes
22/08/2019,Amaranth (Vegetable) Generic Variety 20/02/2019 HH > C > Bed 18 12 bed m,Amaranth (Vegetable),0.0,Bunches,Farmers Market,קטיף יום ה,Full-Size,No
22/08/2019,Arugula Arugula 19/06/2019 Ra.2 > C1 > Bed 215 12 bed m,Arugula,0.0,Kilograms,Farmers Market,קטיף יום ה,Baby Leaf,No
22/08/2019,Arugula Wild Rocket 04/06/2019 Ra.1 > L2 > Bed 132 6 bed m,Arugula,0.0,Kilograms,Farmers Market,קטיף יום ה,Baby Leaf,No
22/08/2019,Arugula Wild Rocket 04/06/2019 Ra.1 > L2 > Bed 132 6 bed m,Arugula,,,Farmers Market,הדוכן יום ב,Baby Leaf,Yes
22/08/2019,Arugula Wild Rocket 04/06/2019 Ra.1 > L2 > Bed 132 6 bed m,Arugula,,,,Unknown outlet,Baby Leaf,Yes
22/08/2019,Arugula Wild Rocket 04/06/2019 Ra.1 > L2 > Bed 132 6 bed m,Arugula,,,Farmers Market,קטיף יום ה,Baby Leaf,Yes
22/08/2019,Basil Generic Variety 05/06/2019 Ra.1 > L1 > Bed 113 6 bed m,Basil,0.0,Bunches,Farmers Market,קטיף יום ה,Full-Size,No
22/08/2019,Beets Chioggia Guardsmark 22/05/2019 Ra.1 > L1 > Bed 110 10 bed m,Beets,0.0,Bunches,Farmers Market,קטיף יום ה,Full-Size Root,No
22/08/2019,Beets MIX עלי ביבי 14/11/2018 Ra.1 > L6m > Bed 105 6 bed m,Beets,0.0,Kilograms,Farmers Market,קטיף יום ה,Baby Leaf Greens,No
22/08/2019,Celery Generic Variety 22/05/2019 Ra.2 > C2 > Bed 221 12 bed m,Celery,0.0,Each,Farmers Market,קטיף יום ה,Full-Size,No
22/08/2019,Chives Generic Variety 20/03/2019 Ra.1 > L6m > Bed 104 3 bed m,Chives,0.0,Bunches,Farmers Market,קטיף יום ה,Full-Size,No
22/08/2019,Corn Vanila 06/05/2019 Ra.3 > R2 > Bed 324 12 bed m,Corn,0.0,Kilograms,Farmers Market,קטיף יום ה,Standard,No
22/08/2019,Corn Vanila 15/05/2019 Ra.3 > R2 > Bed 323 12 bed m,Corn,0.0,Kilograms,Farmers Market,קטיף יום ה,Standard,No
22/08/2019,Cucumbers Facus - פאקוס 03/04/2019 Ra.2 > C2 > Bed 224 12 bed m,Cucumbers,0.0,Kilograms,Farmers Market,קטיף יום ה,,No
22/08/2019,Eggplant Generic Variety 11/03/2019 Ra.2 > C1 > Bed 214 12 bed m,Eggplant,0.0,Kilograms,Farmers Market,קטיף יום ה,,No
22/08/2019,Eggplant Little Sailor 17/01/2019 Ra.1 > L1 > Bed 116 12 bed m,Eggplant,0.0,Kilograms,Farmers Market,קטיף יום ה,,No
22/08/2019,Eggplant Meatball 15/04/2019 Ra.1 > L1 > Bed 119 12 bed m,Eggplant,0.0,Kilograms,Farmers Market,קטיף יום ה,,No
22/08/2019,Eggplant Meatball 25/02/2019 Ra.1 > L1 > Bed 117 12 bed m,Eggplant,0.0,Kilograms,Farmers Market,קטיף יום ה,,No
22/08/2019,Lettuce: Salad Mix Mesclun Mix 10/07/2019 Ra.2 > C6m > Bed 201 6 bed m,Lettuce: Salad Mix,0.0,Kilograms,Farmers Market,קטיף יום ה,Full-Size,No
22/08/2019,"Lettuce: Salad Mix מיקס שלנו, דמוי בן שחר 03/06/2019 Ra.1 > L2 > Bed 126 6 bed m",Lettuce: Salad Mix,0.0,Kilograms,Farmers Market,קטיף יום ה,Full-Size,No
22/08/2019,"Lettuce: Salad Mix מיקס שלנו, דמוי בן שחר 10/07/2019 Ra.2 > C6m > Bed 202 6 bed m",Lettuce: Salad Mix,0.0,Kilograms,Farmers Market,קטיף יום ה,Full-Size,No
22/08/2019,"Lettuce: Salad Mix מיקס שלנו, דמוי בן שחר 19/06/2019 Ra.1 > L1 > Bed 114 12 bed m",Lettuce: Salad Mix,0.0,Kilograms,Farmers Market,קטיף יום ה,Full-Size,No
22/08/2019,Melons Hustan - הוסטאן 10/04/2019 Ra.3 > R2 > Bed 321 12 bed m,Melons,0.0,Kilograms,Farmers Market,קטיף יום ה,,No
22/08/2019,Mizuna Generic Variety 19/06/2019 Ra.2 > C1 > Bed 215 6 bed m,Mizuna,0.0,Kilograms,Farmers Market,קטיף יום ה,Baby Leaf,No
22/08/2019,Mustard Red Giant 04/06/2019 Ra.1 > L2 > Bed 132 3 bed m,Mustard,0.0,Kilograms,Farmers Market,קטיף יום ה,Full-Size,No
22/08/2019,Mustard Red Giant 04/06/2019 Ra.1 > L2 > Bed 132 3 bed m,Mustard,,,Farmers Market,הדוכן יום ב,Full-Size,Yes
22/08/2019,Mustard Red Giant 04/06/2019 Ra.1 > L2 > Bed 132 3 bed m,Mustard,,,,Unknown outlet,Full-Size,Yes
22/08/2019,Mustard Red Giant 04/06/2019 Ra.1 > L2 > Bed 132 3 bed m,Mustard,,,Farmers Market,קטיף יום ה,Full-Size,Yes
22/08/2019,New Zealand Spinach Generic Variety 19/02/2019 Ra.2 > C2 > Bed 220 12 bed m,New Zealand Spinach,0.0,Kilograms,Farmers Market,קטיף יום ה,,No
22/08/2019,Okra Generic Variety 22/05/2019 Ra.1 > L2 > Bed 128 12 bed m,Okra,0.0,Kilograms,Farmers Market,קטיף יום ה,,No
22/08/2019,Onions: Scallions Generic Variety 06/05/2019 Ra.1 > L2 > Bed 122 4 bed m,Onions: Scallions,0.0,Bunches,Farmers Market,קטיף יום ה,Full-Size,No
22/08/2019,Onions: Scallions Generic Variety 15/04/2019 Ra.2 > C6m > Bed 206 3 bed m,Onions: Scallions,0.0,Bunches,Farmers Market,קטיף יום ה,Full-Size,No
22/08/2019,Parsley Generic Variety 01/05/2019 Ra.2 > C6m > Bed 207 6 bed m,Parsley,0.0,Bunches,Farmers Market,קטיף יום ה,Full-Size,No
22/08/2019,Parsley Generic Variety 24/02/2019 Ra.1 > L1 > Bed 112 12 bed m,Parsley,0.0,Bunches,Farmers Market,קטיף יום ה,Full-Size,No
22/08/2019,Parsley Green Perle - מסולסלת 13/12/2018 Ra.2 > C6m > Bed 204 6 bed m,Parsley,0.0,Bunches,Farmers Market,קטיף יום ה,Full-Size,No
22/08/2019,Parsley Green Perle - מסולסלת 17/01/2019 Ra.1 > L2 > Bed 122 6 bed m,Parsley,0.0,Bunches,Farmers Market,קטיף יום ה,Full-Size,No
22/08/2019,Parsley Root Generic Variety 10/04/2019 Ra.3 > R6m > Bed 302 6 bed m,Parsley Root,0.0,Bunches,Farmers Market,קטיף יום ה,,No
22/08/2019,Peppers Cornito Rosso 05/06/2019 Ra.1 > L2 > Bed 121 12 bed m,Peppers,0.0,Kilograms,Farmers Market,קטיף יום ה,Early,No
22/08/2019,Peppers Cornito Rosso 08/04/2019 Ra.1 > L2 > Bed 124 12 bed m,Peppers,0.0,Kilograms,Farmers Market,קטיף יום ה,Ripe,No
22/08/2019,Peppers Padron 18/04/2019 Ra.2 > C1 > Bed 216 6 bed m,Peppers,0.0,Kilograms,Farmers Market,קטיף יום ה,Early,No
22/08/2019,Peppers Thai Red Chili 10/04/2019 Ra.1 > L1 > Bed 113 6 bed m,Peppers,0.0,Kilograms,Farmers Market,קטיף יום ה,Ripe,No
22/08/2019,Summer Squash Anton 29/05/2019 HH > C > Bed 15 12 bed m,Summer Squash,0.0,Kilograms,Farmers Market,קטיף יום ה,,No
22/08/2019,Summer Squash Benning's Green Tint Scallop 05/06/2019 Ra.1 > L2 > Bed 131 12 bed m,Summer Squash,0.0,Kilograms,Farmers Market,קטיף יום ה,,No
22/08/2019,Tomatoes Big Beef 08/01/2019 Ra.2 > C1 > Bed 213 + 1 more Block 24 bed m,Tomatoes,0.0,Kilograms,Farmers Market,קטיף יום ה,Ripe,No
22/08/2019,Tomatoes Galila - מסיימת 22/04/2019 Ra.3 > R3 > Bed 330 12 bed m,Tomatoes,0.0,Kilograms,Farmers Market,קטיף יום ה,Ripe,No
22/08/2019,Tomatoes Galila - מסיימת 27/03/2019 Ra.2 > C1 > Bed 211 12 bed m,Tomatoes,0.0,Kilograms,Farmers Market,קטיף יום ה,Ripe,No
22/08/2019,Tomatoes Red Pear 20/02/2019 Ra.2 > C2 > Bed 226 12 bed m,Tomatoes,0.0,Kilograms,Farmers Market,קטיף יום ה,Ripe,No
22/08/2019,Tomatoes Red Pearl 24/06/2019 Ra.1 > L2 > Bed 123 12 bed m,Tomatoes,0.0,Kilograms,Farmers Market,קטיף יום ה,Ripe,No
22/08/2019,Tomatoes Whitny - וויטני 04/04/2019 Ra.2 > C2 > Bed 219 12 bed m,Tomatoes,0.0,Kilograms,Farmers Market,קטיף יום ה,Ripe,No
22/08/2019,Winter Squash Generic Variety 18/04/2019 Ra.3 > R1 > Bed 316 + 1 more Block 22 bed m,Winter Squash,0.0,Kilograms,Farmers Market,קטיף יום ה,,No
22/08/2019,Winter Squash Generic Variety 29/01/2019 Ra.3 > R3 > Bed 332 12 bed m,Winter Squash,0.0,Kilograms,Farmers Market,קטיף יום ה,,No
25/08/2019,Cucumbers Facus - פאקוס 03/04/2019 Ra.2 > C2 > Bed 224 12 bed m,Cucumbers,,,Farmers Market,הדוכן יום ב,,Yes
25/08/2019,Cucumbers Facus - פאקוס 03/04/2019 Ra.2 > C2 > Bed 224 12 bed m,Cucumbers,,,,Unknown outlet,,Yes
25/08/2019,Cucumbers Facus - פאקוס 03/04/2019 Ra.2 > C2 > Bed 224 12 bed m,Cucumbers,,,Farmers Market,קטיף יום ה,,Yes
26/08/2019,Corn Vanila 06/05/2019 Ra.3 > R2 > Bed 324 12 bed m,Corn,,,Farmers Market,הדוכן יום ב,Standard,Yes
26/08/2019,Corn Vanila 06/05/2019 Ra.3 > R2 > Bed 324 12 bed m,Corn,,,,Unknown outlet,Standard,Yes
26/08/2019,Corn Vanila 06/05/2019 Ra.3 > R2 > Bed 324 12 bed m,Corn,,,Farmers Market,קטיף יום ה,Standard,Yes
26/08/2019,Parsley Root Generic Variety 10/04/2019 Ra.3 > R6m > Bed 302 6 bed m,Parsley Root,,,Farmers Market,הדוכן יום ב,,Yes
26/08/2019,Parsley Root Generic Variety 10/04/2019 Ra.3 > R6m > Bed 302 6 bed m,Parsley Root,,,,Unknown outlet,,Yes
26/08/2019,Parsley Root Generic Variety 10/04/2019 Ra.3 > R6m > Bed 302 6 bed m,Parsley Root,,,Farmers Market,קטיף יום ה,,Yes
28/08/2019,Corn Vanila 03/06/2019 Ra.3 > R2 > Bed 319 12 bed m,Corn,,,Farmers Market,הדוכן יום ב,Standard,Yes
28/08/2019,Corn Vanila 03/06/2019 Ra.3 > R2 > Bed 319 12 bed m,Corn,,,,Unknown outlet,Standard,Yes
28/08/2019,Corn Vanila 03/06/2019 Ra.3 > R2 > Bed 319 12 bed m,Corn,,,Farmers Market,קטיף יום ה,Standard,Yes
28/08/2019,Corn Vanila 12/06/2019 Ra.3 > R2 > Bed 327 12 bed m,Corn,,,Farmers Market,הדוכן יום ב,Standard,Yes
28/08/2019,Corn Vanila 12/06/2019 Ra.3 > R2 > Bed 327 12 bed m,Corn,,,,Unknown outlet,Standard,Yes
28/08/2019,Corn Vanila 12/06/2019 Ra.3 > R2 > Bed 327 12 bed m,Corn,,,Farmers Market,קטיף יום ה,Standard,Yes
28/08/2019,Corn Vanila 24/06/2019 Ra.3 > R2 > Bed 328 12 bed m,Corn,,,Farmers Market,הדוכן יום ב,Standard,Yes
28/08/2019,Corn Vanila 24/06/2019 Ra.3 > R2 > Bed 328 12 bed m,Corn,,,,Unknown outlet,Standard,Yes
28/08/2019,Corn Vanila 24/06/2019 Ra.3 > R2 > Bed 328 12 bed m,Corn,,,Farmers Market,קטיף יום ה,Standard,Yes
28/08/2019,Winter Squash Generic Variety 18/04/2019 Ra.3 > R1 > Bed 316 + 1 more Block 22 bed m,Winter Squash,,,Farmers Market,הדוכן יום ב,,Yes
28/08/2019,Winter Squash Generic Variety 18/04/2019 Ra.3 > R1 > Bed 316 + 1 more Block 22 bed m,Winter Squash,,,,Unknown outlet,,Yes
28/08/2019,Winter Squash Generic Variety 18/04/2019 Ra.3 > R1 > Bed 316 + 1 more Block 22 bed m,Winter Squash,,,Farmers Market,קטיף יום ה,,Yes
29/08/2019,Arugula Arugula 19/06/2019 Ra.2 > C1 > Bed 215 12 bed m,Arugula,0.0,Kilograms,Farmers Market,קטיף יום ה,Baby Leaf,No
29/08/2019,Basil Generic Variety 05/06/2019 Ra.1 > L1 > Bed 113 6 bed m,Basil,0.0,Bunches,Farmers Market,קטיף יום ה,Full-Size,No
29/08/2019,Beans: Bush & Pole California Black Eyed 19/06/2019 Ra.1 > L2 > Bed 130 12 bed m,Beans: Bush & Pole,0.0,Kilograms,Farmers Market,קטיף יום ה,Fresh,No
29/08/2019,Beets MIX עלי ביבי 14/11/2018 Ra.1 > L6m > Bed 105 6 bed m,Beets,0.0,Kilograms,Farmers Market,קטיף יום ה,Baby Leaf Greens,No
29/08/2019,Celery Generic Variety 22/05/2019 Ra.2 > C2 > Bed 221 12 bed m,Celery,0.0,Each,Farmers Market,קטיף יום ה,Full-Size,Yes
29/08/2019,Corn Vanila 15/05/2019 Ra.3 > R2 > Bed 323 12 bed m,Corn,0.0,Kilograms,Farmers Market,קטיף יום ה,Standard,Yes
29/08/2019,Corn Vanila 29/05/2019 Ra.3 > R2 > Bed 322 12 bed m,Corn,0.0,Kilograms,Farmers Market,קטיף יום ה,Standard,Yes
29/08/2019,Eggplant Generic Variety 11/03/2019 Ra.2 > C1 > Bed 214 12 bed m,Eggplant,0.0,Kilograms,Farmers Market,קטיף יום ה,,No
29/08/2019,Eggplant Little Sailor 17/01/2019 Ra.1 > L1 > Bed 116 12 bed m,Eggplant,0.0,Kilograms,Farmers Market,קטיף יום ה,,No
29/08/2019,Eggplant Meatball 15/04/2019 Ra.1 > L1 > Bed 119 12 bed m,Eggplant,0.0,Kilograms,Farmers Market,קטיף יום ה,,No
29/08/2019,Eggplant Meatball 25/02/2019 Ra.1 > L1 > Bed 117 12 bed m,Eggplant,0.0,Kilograms,Farmers Market,קטיף יום ה,,No
29/08/2019,Lettuce Generic Variety 20/06/2019 HH > C > Bed 13 12 bed m,Lettuce,20.0,Heads,Farmers Market,קטיף יום ה,Full-Size,No
29/08/2019,"Lettuce: Salad Mix מיקס שלנו, דמוי בן שחר 19/06/2019 Ra.1 > L1 > Bed 114 12 bed m",Lettuce: Salad Mix,0.0,Kilograms,Farmers Market,קטיף יום ה,Full-Size,No
29/08/2019,Melons Hustan - הוסטאן 10/04/2019 Ra.3 > R2 > Bed 321 12 bed m,Melons,0.0,Kilograms,Farmers Market,קטיף יום ה,,No
29/08/2019,Mizuna Generic Variety 19/06/2019 Ra.2 > C1 > Bed 215 6 bed m,Mizuna,0.0,Kilograms,Farmers Market,קטיף יום ה,Baby Leaf,No
29/08/2019,New Zealand Spinach Generic Variety 19/02/2019 Ra.2 > C2 > Bed 220 12 bed m,New Zealand Spinach,0.0,Kilograms,Farmers Market,קטיף יום ה,,No
29/08/2019,Okra Generic Variety 22/05/2019 Ra.1 > L2 > Bed 128 12 bed m,Okra,0.0,Kilograms,Farmers Market,קטיף יום ה,,No
29/08/2019,Onions: Scallions Generic Variety 06/05/2019 Ra.1 > L2 > Bed 122 4 bed m,Onions: Scallions,0.0,Bunches,Farmers Market,קטיף יום ה,Full-Size,No
29/08/2019,Onions: Scallions Generic Variety 15/04/2019 Ra.2 > C6m > Bed 206 3 bed m,Onions: Scallions,0.0,Bunches,Farmers Market,קטיף יום ה,Full-Size,No
29/08/2019,Parsley Generic Variety 01/05/2019 Ra.2 > C6m > Bed 207 6 bed m,Parsley,0.0,Bunches,Farmers Market,קטיף יום ה,Full-Size,No
29/08/2019,Parsley Green Perle - מסולסלת 13/12/2018 Ra.2 > C6m > Bed 204 6 bed m,Parsley,0.0,Bunches,Farmers Market,קטיף יום ה,Full-Size,No
29/08/2019,Peppers Cornito Rosso 05/06/2019 Ra.1 > L2 > Bed 121 12 bed m,Peppers,0.0,Kilograms,Farmers Market,קטיף יום ה,Early,No
29/08/2019,Peppers Cornito Rosso 08/04/2019 Ra.1 > L2 > Bed 124 12 bed m,Peppers,0.0,Kilograms,Farmers Market,קטיף יום ה,Ripe,No
29/08/2019,Peppers Padron 18/04/2019 Ra.2 > C1 > Bed 216 6 bed m,Peppers,0.0,Kilograms,Farmers Market,קטיף יום ה,Early,No
29/08/2019,Peppers Thai Red Chili 10/04/2019 Ra.1 > L1 > Bed 113 6 bed m,Peppers,0.0,Kilograms,Farmers Market,קטיף יום ה,Ripe,No
29/08/2019,Summer Squash Anton 29/05/2019 HH > C > Bed 15 12 bed m,Summer Squash,0.0,Kilograms,Farmers Market,קטיף יום ה,,No
29/08/2019,Tomatoes Big Beef 08/01/2019 Ra.2 > C1 > Bed 213 + 1 more Block 24 bed m,Tomatoes,0.0,Kilograms,Farmers Market,קטיף יום ה,Ripe,No
29/08/2019,Tomatoes Galila - מסיימת 22/04/2019 Ra.3 > R3 > Bed 330 12 bed m,Tomatoes,0.0,Kilograms,Farmers Market,קטיף יום ה,Ripe,No
29/08/2019,Tomatoes Galila - מסיימת 27/03/2019 Ra.2 > C1 > Bed 211 12 bed m,Tomatoes,0.0,Kilograms,Farmers Market,קטיף יום ה,Ripe,No
29/08/2019,Tomatoes Generic Variety 16/05/2019 Ra.3 > R3 > Bed 329 12 bed m,Tomatoes,0.0,Kilograms,Farmers Market,קטיף יום ה,Ripe,No
29/08/2019,Tomatoes Red Pear 20/02/2019 Ra.2 > C2 > Bed 226 12 bed m,Tomatoes,0.0,Kilograms,Farmers Market,קטיף יום ה,Ripe,No
29/08/2019,Tomatoes Red Pearl 07/06/2019 Ra.2 > C2 > Bed 218 12 bed m,Tomatoes,0.0,Kilograms,Farmers Market,קטיף יום ה,Ripe,No
29/08/2019,Tomatoes Red Pearl 24/06/2019 Ra.1 > L2 > Bed 123 12 bed m,Tomatoes,0.0,Kilograms,Farmers Market,קטיף יום ה,Ripe,No
29/08/2019,Tomatoes Whitny - וויטני 04/04/2019 Ra.2 > C2 > Bed 219 12 bed m,Tomatoes,0.0,Kilograms,Farmers Market,קטיף יום ה,Ripe,No
29/08/2019,Winter Squash Generic Variety 18/04/2019 Ra.3 > R1 > Bed 316 + 1 more Block 22 bed m,Winter Squash,0.0,Kilograms,Farmers Market,קטיף יום ה,,Yes
29/08/2019,Winter Squash Generic Variety 29/01/2019 Ra.3 > R3 > Bed 332 12 bed m,Winter Squash,0.0,Kilograms,Farmers Market,קטיף יום ה,,No
30/08/2019,Melons Hustan - הוסטאן 10/04/2019 Ra.3 > R2 > Bed 321 12 bed m,Melons,,,Farmers Market,הדוכן יום ב,,Yes
30/08/2019,Melons Hustan - הוסטאן 10/04/2019 Ra.3 > R2 > Bed 321 12 bed m,Melons,,,,Unknown outlet,,Yes
30/08/2019,Melons Hustan - הוסטאן 10/04/2019 Ra.3 > R2 > Bed 321 12 bed m,Melons,,,Farmers Market,קטיף יום ה,,Yes
01/09/2019,Artichokes Generic Variety 30/10/2018  12 bed m,Artichokes,,,Farmers Market,הדוכן יום ב,,Yes
01/09/2019,Artichokes Generic Variety 30/10/2018  12 bed m,Artichokes,,,,Unknown outlet,,Yes
01/09/2019,Artichokes Generic Variety 30/10/2018  12 bed m,Artichokes,,,Farmers Market,קטיף יום ה,,Yes
02/09/2019,Amaranth (Vegetable) Generic Variety 20/02/2019 HH > C > Bed 18 12 bed m,Amaranth (Vegetable),0.0,Bunches,Farmers Market,הדוכן יום ב,Full-Size,No
02/09/2019,Basil Generic Variety 05/06/2019 Ra.1 > L1 > Bed 113 6 bed m,Basil,0.0,Bunches,Farmers Market,הדוכן יום ב,Full-Size,No
02/09/2019,Beets MIX עלי ביבי 14/11/2018 Ra.1 > L6m > Bed 105 6 bed m,Beets,0.0,Kilograms,Farmers Market,הדוכן יום ב,Baby Leaf Greens,No
02/09/2019,Chives Generic Variety 22/05/2019 Ra.1 > L6m > Bed 106 4 bed m,Chives,0.0,Bunches,Farmers Market,הדוכן יום ב,Full-Size,No
02/09/2019,Lettuce Generic Variety 20/06/2019 HH > C > Bed 13 12 bed m,Lettuce,0.0,Heads,Farmers Market,הדוכן יום ב,Full-Size,No
02/09/2019,Lettuce: Salad Mix Mesclun Mix 10/07/2019 Ra.2 > C6m > Bed 201 6 bed m,Lettuce: Salad Mix,0.0,Kilograms,Farmers Market,הדוכן יום ב,Full-Size,No
02/09/2019,"Lettuce: Salad Mix מיקס שלנו, דמוי בן שחר 03/06/2019 Ra.1 > L2 > Bed 126 6 bed m",Lettuce: Salad Mix,0.0,Kilograms,Farmers Market,הדוכן יום ב,Full-Size,Yes
02/09/2019,"Lettuce: Salad Mix מיקס שלנו, דמוי בן שחר 10/07/2019 Ra.2 > C6m > Bed 202 6 bed m",Lettuce: Salad Mix,0.0,Kilograms,Farmers Market,הדוכן יום ב,Full-Size,No
02/09/2019,"Lettuce: Salad Mix מיקס שלנו, דמוי בן שחר 19/06/2019 Ra.1 > L1 > Bed 114 12 bed m",Lettuce: Salad Mix,0.0,Kilograms,Farmers Market,הדוכן יום ב,Full-Size,No
02/09/2019,Melons Hustan - הוסטאן 10/04/2019 Ra.3 > R2 > Bed 321 12 bed m,Melons,0.0,Kilograms,Farmers Market,הדוכן יום ב,,No
02/09/2019,Mizuna Generic Variety 19/06/2019 Ra.2 > C1 > Bed 215 6 bed m,Mizuna,0.0,Kilograms,Farmers Market,הדוכן יום ב,Baby Leaf,No
02/09/2019,New Zealand Spinach Generic Variety 19/02/2019 Ra.2 > C2 > Bed 220 12 bed m,New Zealand Spinach,0.0,Kilograms,Farmers Market,הדוכן יום ב,,No
02/09/2019,Okra Generic Variety 22/05/2019 Ra.1 > L2 > Bed 128 12 bed m,Okra,0.0,Kilograms,Farmers Market,הדוכן יום ב,,No
02/09/2019,Onions: Scallions Generic Variety 15/04/2019 Ra.2 > C6m > Bed 206 3 bed m,Onions: Scallions,0.0,Bunches,Farmers Market,הדוכן יום ב,Full-Size,No
02/09/2019,Parsley Green Perle - מסולסלת 17/01/2019 Ra.1 > L2 > Bed 122 6 bed m,Parsley,0.0,Bunches,Farmers Market,הדוכן יום ב,Full-Size,No
02/09/2019,Radishes French Breakfast 08/08/2019 Ra.1 > L1 > Bed 118 2 bed m,Radishes,0.0,Bunches,Farmers Market,הדוכן יום ב,Full-Size,No
02/09/2019,Summer Squash Anton 29/05/2019 HH > C > Bed 15 12 bed m,Summer Squash,0.0,Kilograms,Farmers Market,הדוכן יום ב,,No
02/09/2019,Summer Squash Benning's Green Tint Scallop 05/06/2019 Ra.1 > L2 > Bed 131 12 bed m,Summer Squash,0.0,Kilograms,Farmers Market,הדוכן יום ב,,No
02/09/2019,Tomatoes Big Beef 08/01/2019 Ra.2 > C1 > Bed 213 + 1 more Block 24 bed m,Tomatoes,0.0,Kilograms,Farmers Market,הדוכן יום ב,Ripe,No
02/09/2019,Tomatoes Galila - מסיימת 22/04/2019 Ra.3 > R3 > Bed 330 12 bed m,Tomatoes,0.0,Kilograms,Farmers Market,הדוכן יום ב,Ripe,No
02/09/2019,Tomatoes Galila - מסיימת 27/03/2019 Ra.2 > C1 > Bed 211 12 bed m,Tomatoes,0.0,Kilograms,Farmers Market,הדוכן יום ב,Ripe,No
02/09/2019,Tomatoes Generic Variety 16/05/2019 Ra.3 > R3 > Bed 329 12 bed m,Tomatoes,0.0,Kilograms,Farmers Market,הדוכן יום ב,Ripe,No
02/09/2019,Tomatoes Red Pear 20/02/2019 Ra.2 > C2 > Bed 226 12 bed m,Tomatoes,0.0,Kilograms,Farmers Market,הדוכן יום ב,Ripe,No
02/09/2019,Tomatoes Red Pearl 07/06/2019 Ra.2 > C2 > Bed 218 12 bed m,Tomatoes,0.0,Kilograms,Farmers Market,הדוכן יום ב,Ripe,No
02/09/2019,Tomatoes Red Pearl 24/06/2019 Ra.1 > L2 > Bed 123 12 bed m,Tomatoes,0.0,Kilograms,Farmers Market,הדוכן יום ב,Ripe,No
02/09/2019,Tomatoes Whitny - וויטני 04/04/2019 Ra.2 > C2 > Bed 219 12 bed m,Tomatoes,0.0,Kilograms,Farmers Market,הדוכן יום ב,Ripe,No
05/09/2019,Amaranth (Vegetable) Generic Variety 20/02/2019 HH > C > Bed 18 12 bed m,Amaranth (Vegetable),0.0,Bunches,Farmers Market,קטיף יום ה,Full-Size,No
05/09/2019,Beans: Bush & Pole California Black Eyed 19/06/2019 Ra.1 > L2 > Bed 130 12 bed m,Beans: Bush & Pole,0.5,Kilograms,Farmers Market,קטיף יום ה,Fresh,No
05/09/2019,Beans: Bush & Pole California Black Eyed 24/06/2019 Ra.1 > L1 > Bed 111 10 bed m,Beans: Bush & Pole,0.5,Kilograms,Farmers Market,קטיף יום ה,Fresh,No
05/09/2019,Chives Generic Variety 22/05/2019 Ra.1 > L6m > Bed 106 4 bed m,Chives,0.0,Bunches,Farmers Market,קטיף יום ה,Full-Size,No
05/09/2019,"Dill Generic Variety 04/07/2019 Ra.1 > L1 > Beds 118, 120 4 bed m",Dill,0.0,Bunches,Farmers Market,קטיף יום ה,Leaf,No
05/09/2019,Eggplant Generic Variety 11/03/2019 Ra.2 > C1 > Bed 214 12 bed m,Eggplant,0.0,Kilograms,Farmers Market,קטיף יום ה,,No
05/09/2019,Eggplant Little Sailor 17/01/2019 Ra.1 > L1 > Bed 116 12 bed m,Eggplant,5.0,Kilograms,Farmers Market,קטיף יום ה,,No
05/09/2019,Eggplant Meatball 15/04/2019 Ra.1 > L1 > Bed 119 12 bed m,Eggplant,0.0,Kilograms,Farmers Market,קטיף יום ה,,No
05/09/2019,Eggplant Meatball 25/02/2019 Ra.1 > L1 > Bed 117 12 bed m,Eggplant,6.0,Kilograms,Farmers Market,קטיף יום ה,,No
05/09/2019,Lettuce Generic Variety 20/06/2019 HH > C > Bed 13 12 bed m,Lettuce,0.0,Heads,Farmers Market,קטיף יום ה,Full-Size,No
05/09/2019,Lettuce: Salad Mix Mesclun Mix 10/07/2019 Ra.2 > C6m > Bed 201 6 bed m,Lettuce: Salad Mix,0.0,Kilograms,Farmers Market,קטיף יום ה,Full-Size,No
05/09/2019,"Lettuce: Salad Mix מיקס שלנו, דמוי בן שחר 10/07/2019 Ra.2 > C6m > Bed 202 6 bed m",Lettuce: Salad Mix,0.0,Kilograms,Farmers Market,קטיף יום ה,Full-Size,No
05/09/2019,Mizuna Generic Variety 19/06/2019 Ra.2 > C1 > Bed 215 6 bed m,Mizuna,0.0,Kilograms,Farmers Market,קטיף יום ה,Baby Leaf,No
05/09/2019,New Zealand Spinach Generic Variety 19/02/2019 Ra.2 > C2 > Bed 220 12 bed m,New Zealand Spinach,0.0,Kilograms,Farmers Market,קטיף יום ה,,No
05/09/2019,Okra Generic Variety 22/05/2019 Ra.1 > L2 > Bed 128 12 bed m,Okra,1.0,Kilograms,Farmers Market,קטיף יום ה,,No
05/09/2019,Onions: Scallions Generic Variety 06/05/2019 Ra.1 > L2 > Bed 122 4 bed m,Onions: Scallions,0.0,Bunches,Farmers Market,קטיף יום ה,Full-Size,Yes
05/09/2019,Onions: Scallions Generic Variety 15/04/2019 Ra.2 > C6m > Bed 206 3 bed m,Onions: Scallions,0.0,Bunches,Farmers Market,קטיף יום ה,Full-Size,No
05/09/2019,Parsley Generic Variety 24/02/2019 Ra.1 > L1 > Bed 112 12 bed m,Parsley,0.0,Bunches,Farmers Market,קטיף יום ה,Full-Size,No
05/09/2019,Parsley Green Perle - מסולסלת 17/01/2019 Ra.1 > L2 > Bed 122 6 bed m,Parsley,0.0,Bunches,Farmers Market,קטיף יום ה,Full-Size,No
05/09/2019,Peppers Cornito Rosso 05/06/2019 Ra.1 > L2 > Bed 121 12 bed m,Peppers,4.0,Kilograms,Farmers Market,קטיף יום ה,Early,No
05/09/2019,Peppers Cornito Rosso 08/04/2019 Ra.1 > L2 > Bed 124 12 bed m,Peppers,4.0,Kilograms,Farmers Market,קטיף יום ה,Ripe,No
05/09/2019,Peppers Padron 18/04/2019 Ra.2 > C1 > Bed 216 6 bed m,Peppers,0.0,Kilograms,Farmers Market,קטיף יום ה,Early,No
05/09/2019,Peppers Thai Red Chili 10/04/2019 Ra.1 > L1 > Bed 113 6 bed m,Peppers,0.0,Kilograms,Farmers Market,קטיף יום ה,Ripe,No
05/09/2019,Radishes French Breakfast 08/08/2019 Ra.1 > L1 > Bed 118 2 bed m,Radishes,0.0,Bunches,Farmers Market,קטיף יום ה,Full-Size,No
05/09/2019,Summer Squash Anton 29/05/2019 HH > C > Bed 15 12 bed m,Summer Squash,0.0,Kilograms,Farmers Market,קטיף יום ה,,No
05/09/2019,Summer Squash Benning's Green Tint Scallop 05/06/2019 Ra.1 > L2 > Bed 131 12 bed m,Summer Squash,0.0,Kilograms,Farmers Market,קטיף יום ה,,No
05/09/2019,Tomatoes Big Beef 08/01/2019 Ra.2 > C1 > Bed 213 + 1 more Block 24 bed m,Tomatoes,,,Farmers Market,הדוכן יום ב,Ripe,Yes
05/09/2019,Tomatoes Big Beef 08/01/2019 Ra.2 > C1 > Bed 213 + 1 more Block 24 bed m,Tomatoes,,,,Unknown outlet,Ripe,Yes
05/09/2019,Tomatoes Big Beef 08/01/2019 Ra.2 > C1 > Bed 213 + 1 more Block 24 bed m,Tomatoes,,,Farmers Market,קטיף יום ה,Ripe,Yes
05/09/2019,Tomatoes Galila - מסיימת 22/04/2019 Ra.3 > R3 > Bed 330 12 bed m,Tomatoes,0.0,Kilograms,Farmers Market,קטיף יום ה,Ripe,No
05/09/2019,Tomatoes Galila - מסיימת 27/03/2019 Ra.2 > C1 > Bed 211 12 bed m,Tomatoes,,,Farmers Market,הדוכן יום ב,Ripe,Yes
05/09/2019,Tomatoes Galila - מסיימת 27/03/2019 Ra.2 > C1 > Bed 211 12 bed m,Tomatoes,,,,Unknown outlet,Ripe,Yes
05/09/2019,Tomatoes Galila - מסיימת 27/03/2019 Ra.2 > C1 > Bed 211 12 bed m,Tomatoes,,,Farmers Market,קטיף יום ה,Ripe,Yes
05/09/2019,Tomatoes Generic Variety 16/05/2019 Ra.3 > R3 > Bed 329 12 bed m,Tomatoes,1.0,Kilograms,Farmers Market,קטיף יום ה,Ripe,No
05/09/2019,Tomatoes Red Pearl 07/06/2019 Ra.2 > C2 > Bed 218 12 bed m,Tomatoes,0.5,Kilograms,Farmers Market,קטיף יום ה,Ripe,No
05/09/2019,Tomatoes Red Pearl 24/06/2019 Ra.1 > L2 > Bed 123 12 bed m,Tomatoes,0.5,Kilograms,Farmers Market,קטיף יום ה,Ripe,No
08/09/2019,Onions: Scallions Generic Variety 18/02/2019 Ra.1 > L6m > Bed 104 2 bed m,Onions: Scallions,,,Farmers Market,הדוכן יום ב,Full-Size,Yes
08/09/2019,Onions: Scallions Generic Variety 18/02/2019 Ra.1 > L6m > Bed 104 2 bed m,Onions: Scallions,,,,Unknown outlet,Full-Size,Yes
08/09/2019,Onions: Scallions Generic Variety 18/02/2019 Ra.1 > L6m > Bed 104 2 bed m,Onions: Scallions,,,Farmers Market,קטיף יום ה,Full-Size,Yes
09/09/2019,Amaranth (Vegetable) Generic Variety 20/02/2019 HH > C > Bed 18 12 bed m,Amaranth (Vegetable),0.0,Bunches,Farmers Market,הדוכן יום ב,Full-Size,No
09/09/2019,Basil Generic Variety 05/06/2019 Ra.1 > L1 > Bed 113 6 bed m,Basil,6.0,Bunches,Farmers Market,הדוכן יום ב,Full-Size,No
09/09/2019,Beans: Bush & Pole California Black Eyed 19/06/2019 Ra.1 > L2 > Bed 130 12 bed m,Beans: Bush & Pole,1.5,Kilograms,Farmers Market,הדוכן יום ב,Fresh,No
09/09/2019,Beans: Bush & Pole California Black Eyed 24/06/2019 Ra.1 > L1 > Bed 111 10 bed m,Beans: Bush & Pole,1.5,Kilograms,Farmers Market,הדוכן יום ב,Fresh,No
09/09/2019,Beets MIX עלי ביבי 14/11/2018 Ra.1 > L6m > Bed 105 6 bed m,Beets,0.5,Kilograms,Farmers Market,הדוכן יום ב,Baby Leaf Greens,No
09/09/2019,Chives Generic Variety 22/05/2019 Ra.1 > L6m > Bed 106 4 bed m,Chives,6.0,Bunches,Farmers Market,הדוכן יום ב,Full-Size,No
09/09/2019,Cilantro Santirini - נטע 20/06/2019 Ra.1 > L1 > Bed 118 6 bed m,Cilantro,8.0,Bunches,Farmers Market,הדוכן יום ב,Leaf,No
09/09/2019,"Dill Generic Variety 04/07/2019 Ra.1 > L1 > Beds 118, 120 4 bed m",Dill,4.0,Bunches,Farmers Market,הדוכן יום ב,Leaf,No
09/09/2019,Eggplant Generic Variety 11/03/2019 Ra.2 > C1 > Bed 214 12 bed m,Eggplant,1.0,Kilograms,Farmers Market,הדוכן יום ב,,No
09/09/2019,Eggplant Little Sailor 17/01/2019 Ra.1 > L1 > Bed 116 12 bed m,Eggplant,5.0,Kilograms,Farmers Market,הדוכן יום ב,,No
09/09/2019,Eggplant Meatball 15/04/2019 Ra.1 > L1 > Bed 119 12 bed m,Eggplant,5.0,Kilograms,Farmers Market,הדוכן יום ב,,No
09/09/2019,Eggplant Meatball 25/02/2019 Ra.1 > L1 > Bed 117 12 bed m,Eggplant,5.0,Kilograms,Farmers Market,הדוכן יום ב,,No
09/09/2019,Lettuce Generic Variety 20/06/2019 HH > C > Bed 13 12 bed m,Lettuce,12.0,Heads,Farmers Market,הדוכן יום ב,Full-Size,No
09/09/2019,"Lettuce: Salad Mix מיקס שלנו, דמוי בן שחר 10/07/2019 Ra.2 > C6m > Bed 202 6 bed m",Lettuce: Salad Mix,2.5,Kilograms,Farmers Market,הדוכן יום ב,Full-Size,No
09/09/2019,"Lettuce: Salad Mix מיקס שלנו, דמוי בן שחר 12/08/2019 Ra.1 > L6m > Bed 107 6 bed m",Lettuce: Salad Mix,2.7,Kilograms,Farmers Market,הדוכן יום ב,Full-Size,No
09/09/2019,"Lettuce: Salad Mix מיקס שלנו, דמוי בן שחר 19/06/2019 Ra.1 > L1 > Bed 114 12 bed m",Lettuce: Salad Mix,2.0,Kilograms,Farmers Market,הדוכן יום ב,Full-Size,No
09/09/2019,Melons Hustan - הוסטאן 28/03/2019 Ra.3 > R2 > Bed 325 10 bed m,Melons,,,Farmers Market,הדוכן יום ב,,Yes
09/09/2019,Melons Hustan - הוסטאן 28/03/2019 Ra.3 > R2 > Bed 325 10 bed m,Melons,,,,Unknown outlet,,Yes
09/09/2019,Melons Hustan - הוסטאן 28/03/2019 Ra.3 > R2 > Bed 325 10 bed m,Melons,,,Farmers Market,קטיף יום ה,,Yes
09/09/2019,New Zealand Spinach Generic Variety 19/02/2019 Ra.2 > C2 > Bed 220 12 bed m,New Zealand Spinach,4.0,Kilograms,Farmers Market,הדוכן יום ב,,No
09/09/2019,Okra Generic Variety 22/05/2019 Ra.1 > L2 > Bed 128 12 bed m,Okra,2.0,Kilograms,Farmers Market,הדוכן יום ב,,No
09/09/2019,Onions: Scallions Generic Variety 15/04/2019 Ra.2 > C6m > Bed 206 3 bed m,Onions: Scallions,10.0,Bunches,Farmers Market,הדוכן יום ב,Full-Size,No
09/09/2019,Parsley Generic Variety 24/02/2019 Ra.1 > L1 > Bed 112 12 bed m,Parsley,12.0,Bunches,Farmers Market,הדוכן יום ב,Full-Size,No
09/09/2019,Parsley Green Perle - מסולסלת 17/01/2019 Ra.1 > L2 > Bed 122 6 bed m,Parsley,0.0,Bunches,Farmers Market,הדוכן יום ב,Full-Size,No
09/09/2019,Peppers Cornito Rosso 05/06/2019 Ra.1 > L2 > Bed 121 12 bed m,Peppers,1.0,Kilograms,Farmers Market,הדוכן יום ב,Early,No
09/09/2019,Peppers Cornito Rosso 08/04/2019 Ra.1 > L2 > Bed 124 12 bed m,Peppers,1.0,Kilograms,Farmers Market,הדוכן יום ב,Ripe,No
09/09/2019,Peppers Padron 18/04/2019 Ra.2 > C1 > Bed 216 6 bed m,Peppers,1.0,Kilograms,Farmers Market,הדוכן יום ב,Early,No
09/09/2019,Peppers Thai Red Chili 10/04/2019 Ra.1 > L1 > Bed 113 6 bed m,Peppers,1.0,Kilograms,Farmers Market,הדוכן יום ב,Ripe,No
09/09/2019,Radishes French Breakfast 08/08/2019 Ra.1 > L1 > Bed 118 2 bed m,Radishes,6.0,Bunches,Farmers Market,הדוכן יום ב,Full-Size,No
09/09/2019,Tomatoes Galila - מסיימת 22/04/2019 Ra.3 > R3 > Bed 330 12 bed m,Tomatoes,1.0,Kilograms,Farmers Market,הדוכן יום ב,Ripe,No
09/09/2019,Tomatoes Generic Variety 16/05/2019 Ra.3 > R3 > Bed 329 12 bed m,Tomatoes,0.0,Kilograms,Farmers Market,הדוכן יום ב,Ripe,No
09/09/2019,Tomatoes Red Pear 20/02/2019 Ra.2 > C2 > Bed 226 12 bed m,Tomatoes,0.0,Kilograms,Farmers Market,הדוכן יום ב,Ripe,No
09/09/2019,Tomatoes Red Pearl 07/06/2019 Ra.2 > C2 > Bed 218 12 bed m,Tomatoes,1.5,Kilograms,Farmers Market,הדוכן יום ב,Ripe,No
09/09/2019,Tomatoes Red Pearl 24/06/2019 Ra.1 > L2 > Bed 123 12 bed m,Tomatoes,2.0,Kilograms,Farmers Market,הדוכן יום ב,Ripe,No
09/09/2019,Winter Squash Generic Variety 29/01/2019 Ra.3 > R3 > Bed 332 12 bed m,Winter Squash,,,Farmers Market,הדוכן יום ב,,Yes
09/09/2019,Winter Squash Generic Variety 29/01/2019 Ra.3 > R3 > Bed 332 12 bed m,Winter Squash,,,,Unknown outlet,,Yes
09/09/2019,Winter Squash Generic Variety 29/01/2019 Ra.3 > R3 > Bed 332 12 bed m,Winter Squash,,,Farmers Market,קטיף יום ה,,Yes
10/09/2019,Amaranth (Vegetable) Generic Variety 20/02/2019 HH > C > Bed 18 12 bed m,Amaranth (Vegetable),,,Farmers Market,הדוכן יום ב,Full-Size,Yes
10/09/2019,Amaranth (Vegetable) Generic Variety 20/02/2019 HH > C > Bed 18 12 bed m,Amaranth (Vegetable),,,,Unknown outlet,Full-Size,Yes
10/09/2019,Amaranth (Vegetable) Generic Variety 20/02/2019 HH > C > Bed 18 12 bed m,Amaranth (Vegetable),,,Farmers Market,קטיף יום ה,Full-Size,Yes
10/09/2019,Summer Squash Anton 29/05/2019 HH > C > Bed 15 12 bed m,Summer Squash,,,Farmers Market,הדוכן יום ב,,Yes
10/09/2019,Summer Squash Anton 29/05/2019 HH > C > Bed 15 12 bed m,Summer Squash,,,,Unknown outlet,,Yes
10/09/2019,Summer Squash Anton 29/05/2019 HH > C > Bed 15 12 bed m,Summer Squash,,,Farmers Market,קטיף יום ה,,Yes
12/09/2019,Lettuce Generic Variety 20/06/2019 HH > C > Bed 13 12 bed m,Lettuce,,,Farmers Market,הדוכן יום ב,Full-Size,Yes
12/09/2019,Lettuce Generic Variety 20/06/2019 HH > C > Bed 13 12 bed m,Lettuce,,,,Unknown outlet,Full-Size,Yes
12/09/2019,Lettuce Generic Variety 20/06/2019 HH > C > Bed 13 12 bed m,Lettuce,,,Farmers Market,קטיף יום ה,Full-Size,Yes
16/09/2019,Radishes French Breakfast 08/08/2019 Ra.1 > L1 > Bed 118 2 bed m,Radishes,,,Farmers Market,הדוכן יום ב,Full-Size,Yes
16/09/2019,Radishes French Breakfast 08/08/2019 Ra.1 > L1 > Bed 118 2 bed m,Radishes,,,,Unknown outlet,Full-Size,Yes
16/09/2019,Radishes French Breakfast 08/08/2019 Ra.1 > L1 > Bed 118 2 bed m,Radishes,,,Farmers Market,קטיף יום ה,Full-Size,Yes
19/09/2019,"Lettuce: Salad Mix מיקס שלנו, דמוי בן שחר 19/06/2019 Ra.1 > L1 > Bed 114 12 bed m",Lettuce: Salad Mix,,,Farmers Market,הדוכן יום ב,Full-Size,Yes
19/09/2019,"Lettuce: Salad Mix מיקס שלנו, דמוי בן שחר 19/06/2019 Ra.1 > L1 > Bed 114 12 bed m",Lettuce: Salad Mix,,,,Unknown outlet,Full-Size,Yes
19/09/2019,"Lettuce: Salad Mix מיקס שלנו, דמוי בן שחר 19/06/2019 Ra.1 > L1 > Bed 114 12 bed m",Lettuce: Salad Mix,,,Farmers Market,קטיף יום ה,Full-Size,Yes
19/09/2019,Onions: Scallions Generic Variety 15/04/2019 Ra.2 > C6m > Bed 206 3 bed m,Onions: Scallions,,,Farmers Market,הדוכן יום ב,Full-Size,Yes
19/09/2019,Onions: Scallions Generic Variety 15/04/2019 Ra.2 > C6m > Bed 206 3 bed m,Onions: Scallions,,,,Unknown outlet,Full-Size,Yes
19/09/2019,Onions: Scallions Generic Variety 15/04/2019 Ra.2 > C6m > Bed 206 3 bed m,Onions: Scallions,,,Farmers Market,קטיף יום ה,Full-Size,Yes
19/09/2019,Tomatoes Galila - מסיימת 22/04/2019 Ra.3 > R3 > Bed 330 12 bed m,Tomatoes,,,Farmers Market,הדוכן יום ב,Ripe,Yes
19/09/2019,Tomatoes Galila - מסיימת 22/04/2019 Ra.3 > R3 > Bed 330 12 bed m,Tomatoes,,,,Unknown outlet,Ripe,Yes
19/09/2019,Tomatoes Galila - מסיימת 22/04/2019 Ra.3 > R3 > Bed 330 12 bed m,Tomatoes,,,Farmers Market,קטיף יום ה,Ripe,Yes
25/09/2019,Lettuce Generic Variety 07/08/2019 HH > C > Bed 14 8 bed m,Lettuce,,,Farmers Market,הדוכן יום ב,Full-Size,Yes
25/09/2019,Lettuce Generic Variety 07/08/2019 HH > C > Bed 14 8 bed m,Lettuce,,,,Unknown outlet,Full-Size,Yes
25/09/2019,Lettuce Generic Variety 07/08/2019 HH > C > Bed 14 8 bed m,Lettuce,,,Farmers Market,קטיף יום ה,Full-Size,Yes
26/09/2019,Tomatoes Generic Variety 16/05/2019 Ra.3 > R3 > Bed 329 12 bed m,Tomatoes,,,Farmers Market,הדוכן יום ב,Ripe,Yes
26/09/2019,Tomatoes Generic Variety 16/05/2019 Ra.3 > R3 > Bed 329 12 bed m,Tomatoes,,,,Unknown outlet,Ripe,Yes
26/09/2019,Tomatoes Generic Variety 16/05/2019 Ra.3 > R3 > Bed 329 12 bed m,Tomatoes,,,Farmers Market,קטיף יום ה,Ripe,Yes
26/09/2019,Tomatoes Red Pearl 07/06/2019 Ra.2 > C2 > Bed 218 12 bed m,Tomatoes,,,Farmers Market,הדוכן יום ב,Ripe,Yes
26/09/2019,Tomatoes Red Pearl 07/06/2019 Ra.2 > C2 > Bed 218 12 bed m,Tomatoes,,,,Unknown outlet,Ripe,Yes
26/09/2019,Tomatoes Red Pearl 07/06/2019 Ra.2 > C2 > Bed 218 12 bed m,Tomatoes,,,Farmers Market,קטיף יום ה,Ripe,Yes
30/09/2019,Arugula Arugula 12/08/2019 Ra.1 > L6m > Bed 101 6 bed m,Arugula,,,Farmers Market,הדוכן יום ב,Baby Leaf,Yes
30/09/2019,Arugula Arugula 12/08/2019 Ra.1 > L6m > Bed 101 6 bed m,Arugula,,,,Unknown outlet,Baby Leaf,Yes
30/09/2019,Arugula Arugula 12/08/2019 Ra.1 > L6m > Bed 101 6 bed m,Arugula,,,Farmers Market,קטיף יום ה,Baby Leaf,Yes
01/10/2019,"Dill Generic Variety 04/07/2019 Ra.1 > L1 > Beds 118, 120 4 bed m",Dill,,,Farmers Market,הדוכן יום ב,Leaf,Yes
01/10/2019,"Dill Generic Variety 04/07/2019 Ra.1 > L1 > Beds 118, 120 4 bed m",Dill,,,,Unknown outlet,Leaf,Yes
01/10/2019,"Dill Generic Variety 04/07/2019 Ra.1 > L1 > Beds 118, 120 4 bed m",Dill,,,Farmers Market,קטיף יום ה,Leaf,Yes
03/10/2019,Radishes French Breakfast 28/08/2019 Ra.1 > L6m > Bed 103 6 bed m,Radishes,,,Farmers Market,הדוכן יום ב,Full-Size,Yes
03/10/2019,Radishes French Breakfast 28/08/2019 Ra.1 > L6m > Bed 103 6 bed m,Radishes,,,,Unknown outlet,Full-Size,Yes
03/10/2019,Radishes French Breakfast 28/08/2019 Ra.1 > L6m > Bed 103 6 bed m,Radishes,,,Farmers Market,קטיף יום ה,Full-Size,Yes
03/10/2019,Summer Squash Benning's Green Tint Scallop 05/06/2019 Ra.1 > L2 > Bed 131 12 bed m,Summer Squash,,,Farmers Market,הדוכן יום ב,,Yes
03/10/2019,Summer Squash Benning's Green Tint Scallop 05/06/2019 Ra.1 > L2 > Bed 131 12 bed m,Summer Squash,,,,Unknown outlet,,Yes
03/10/2019,Summer Squash Benning's Green Tint Scallop 05/06/2019 Ra.1 > L2 > Bed 131 12 bed m,Summer Squash,,,Farmers Market,קטיף יום ה,,Yes
06/10/2019,Chives Generic Variety 20/03/2019 Ra.1 > L6m > Bed 104 3 bed m,Chives,,,Farmers Market,הדוכן יום ב,Full-Size,Yes
06/10/2019,Chives Generic Variety 20/03/2019 Ra.1 > L6m > Bed 104 3 bed m,Chives,,,,Unknown outlet,Full-Size,Yes
06/10/2019,Chives Generic Variety 20/03/2019 Ra.1 > L6m > Bed 104 3 bed m,Chives,,,Farmers Market,קטיף יום ה,Full-Size,Yes
06/10/2019,Tomatoes Red Pearl 24/06/2019 Ra.1 > L2 > Bed 123 12 bed m,Tomatoes,,,Farmers Market,הדוכן יום ב,Ripe,Yes
06/10/2019,Tomatoes Red Pearl 24/06/2019 Ra.1 > L2 > Bed 123 12 bed m,Tomatoes,,,,Unknown outlet,Ripe,Yes
06/10/2019,Tomatoes Red Pearl 24/06/2019 Ra.1 > L2 > Bed 123 12 bed m,Tomatoes,,,Farmers Market,קטיף יום ה,Ripe,Yes
07/10/2019,Cilantro Santirini - נטע 20/06/2019 Ra.1 > L1 > Bed 118 6 bed m,Cilantro,,,Farmers Market,הדוכן יום ב,Leaf,Yes
07/10/2019,Cilantro Santirini - נטע 20/06/2019 Ra.1 > L1 > Bed 118 6 bed m,Cilantro,,,,Unknown outlet,Leaf,Yes
07/10/2019,Cilantro Santirini - נטע 20/06/2019 Ra.1 > L1 > Bed 118 6 bed m,Cilantro,,,Farmers Market,קטיף יום ה,Leaf,Yes
09/10/2019,Mizuna Generic Variety 12/08/2019 Ra.1 > L6m > Bed 102 6 bed m,Mizuna,,,Farmers Market,הדוכן יום ב,Baby Leaf,Yes
09/10/2019,Mizuna Generic Variety 12/08/2019 Ra.1 > L6m > Bed 102 6 bed m,Mizuna,,,,Unknown outlet,Baby Leaf,Yes
09/10/2019,Mizuna Generic Variety 12/08/2019 Ra.1 > L6m > Bed 102 6 bed m,Mizuna,,,Farmers Market,קטיף יום ה,Baby Leaf,Yes
09/10/2019,Okra Generic Variety 22/05/2019 Ra.1 > L2 > Bed 128 12 bed m,Okra,,,Farmers Market,הדוכן יום ב,,Yes
09/10/2019,Okra Generic Variety 22/05/2019 Ra.1 > L2 > Bed 128 12 bed m,Okra,,,,Unknown outlet,,Yes
09/10/2019,Okra Generic Variety 22/05/2019 Ra.1 > L2 > Bed 128 12 bed m,Okra,,,Farmers Market,קטיף יום ה,,Yes
13/10/2019,Arugula Arugula 19/06/2019 Ra.2 > C1 > Bed 215 12 bed m,Arugula,,,Farmers Market,הדוכן יום ב,Baby Leaf,Yes
13/10/2019,Arugula Arugula 19/06/2019 Ra.2 > C1 > Bed 215 12 bed m,Arugula,,,,Unknown outlet,Baby Leaf,Yes
13/10/2019,Arugula Arugula 19/06/2019 Ra.2 > C1 > Bed 215 12 bed m,Arugula,,,Farmers Market,קטיף יום ה,Baby Leaf,Yes
13/10/2019,Eggplant Generic Variety 11/03/2019 Ra.2 > C1 > Bed 214 12 bed m,Eggplant,,,Farmers Market,הדוכן יום ב,,Yes
13/10/2019,Eggplant Generic Variety 11/03/2019 Ra.2 > C1 > Bed 214 12 bed m,Eggplant,,,,Unknown outlet,,Yes
13/10/2019,Eggplant Generic Variety 11/03/2019 Ra.2 > C1 > Bed 214 12 bed m,Eggplant,,,Farmers Market,קטיף יום ה,,Yes
13/10/2019,Mizuna Generic Variety 19/06/2019 Ra.2 > C1 > Bed 215 6 bed m,Mizuna,,,Farmers Market,הדוכן יום ב,Baby Leaf,Yes
13/10/2019,Mizuna Generic Variety 19/06/2019 Ra.2 > C1 > Bed 215 6 bed m,Mizuna,,,,Unknown outlet,Baby Leaf,Yes
13/10/2019,Mizuna Generic Variety 19/06/2019 Ra.2 > C1 > Bed 215 6 bed m,Mizuna,,,Farmers Market,קטיף יום ה,Baby Leaf,Yes
13/10/2019,Peppers Padron 18/04/2019 Ra.2 > C1 > Bed 216 6 bed m,Peppers,,,Farmers Market,הדוכן יום ב,Early,Yes
13/10/2019,Peppers Padron 18/04/2019 Ra.2 > C1 > Bed 216 6 bed m,Peppers,,,,Unknown outlet,Early,Yes
13/10/2019,Peppers Padron 18/04/2019 Ra.2 > C1 > Bed 216 6 bed m,Peppers,,,Farmers Market,קטיף יום ה,Early,Yes
15/10/2019,Onions: Scallions Generic Variety 26/06/2019 Ra.2 > C6m > Bed 206 2 bed m,Onions: Scallions,,,Farmers Market,הדוכן יום ב,Full-Size,Yes
15/10/2019,Onions: Scallions Generic Variety 26/06/2019 Ra.2 > C6m > Bed 206 2 bed m,Onions: Scallions,,,,Unknown outlet,Full-Size,Yes
15/10/2019,Onions: Scallions Generic Variety 26/06/2019 Ra.2 > C6m > Bed 206 2 bed m,Onions: Scallions,,,Farmers Market,קטיף יום ה,Full-Size,Yes
16/10/2019,Parsley Green Perle - מסולסלת 17/01/2019 Ra.1 > L2 > Bed 122 6 bed m,Parsley,,,Farmers Market,הדוכן יום ב,Full-Size,Yes
16/10/2019,Parsley Green Perle - מסולסלת 17/01/2019 Ra.1 > L2 > Bed 122 6 bed m,Parsley,,,,Unknown outlet,Full-Size,Yes
16/10/2019,Parsley Green Perle - מסולסלת 17/01/2019 Ra.1 > L2 > Bed 122 6 bed m,Parsley,,,Farmers Market,קטיף יום ה,Full-Size,Yes
17/10/2019,Arugula Arugula 28/08/2019 Ra.2 > C1 > Bed 209 6 bed m,Arugula,0.0,Kilograms,Farmers Market,קטיף יום ה,Baby Leaf,No
17/10/2019,Beans: Bush & Pole California Black Eyed 19/06/2019 Ra.1 > L2 > Bed 130 12 bed m,Beans: Bush & Pole,0.0,Kilograms,Farmers Market,קטיף יום ה,Fresh,No
17/10/2019,Beans: Bush & Pole California Black Eyed 24/06/2019 Ra.1 > L1 > Bed 111 10 bed m,Beans: Bush & Pole,0.0,Kilograms,Farmers Market,קטיף יום ה,Fresh,No
17/10/2019,Beets MIX עלי ביבי 14/11/2018 Ra.1 > L6m > Bed 105 6 bed m,Beets,0.0,Kilograms,Farmers Market,קטיף יום ה,Baby Leaf Greens,No
17/10/2019,Beets MIX עלי ביבי 28/08/2019 Ra.2 > C6m > Bed 208 6 bed m,Beets,0.0,Kilograms,Farmers Market,קטיף יום ה,Baby Leaf Greens,No
17/10/2019,Chives Generic Variety 22/05/2019 Ra.1 > L6m > Bed 106 4 bed m,Chives,0.0,Bunches,Farmers Market,קטיף יום ה,Full-Size,No
17/10/2019,Eggplant Little Sailor 17/01/2019 Ra.1 > L1 > Bed 116 12 bed m,Eggplant,0.0,Kilograms,Farmers Market,קטיף יום ה,,No
17/10/2019,Eggplant Meatball 15/04/2019 Ra.1 > L1 > Bed 119 12 bed m,Eggplant,0.0,Kilograms,Farmers Market,קטיף יום ה,,No
17/10/2019,Eggplant Meatball 25/02/2019 Ra.1 > L1 > Bed 117 12 bed m,Eggplant,0.0,Kilograms,Farmers Market,קטיף יום ה,,No
17/10/2019,Gourds Generic Variety 24/02/2019 Ra.3 > R1 > Bed 312 12 bed m,Gourds,0.0,Kilograms,Farmers Market,קטיף יום ה,,No
17/10/2019,Lettuce Generic Variety 01/08/2019 HH > B > Bed 10 12 bed m,Lettuce,12.0,Heads,Farmers Market,קטיף יום ה,Full-Size,No
17/10/2019,Lettuce Generic Variety 18/07/2019 HH > C > Bed 15 12 bed m,Lettuce,0.0,Heads,Farmers Market,קטיף יום ה,Full-Size,Yes
17/10/2019,Lettuce: Salad Mix Mesclun Mix 10/07/2019 Ra.2 > C6m > Bed 201 6 bed m,Lettuce: Salad Mix,0.0,Kilograms,Farmers Market,קטיף יום ה,Full-Size,Yes
17/10/2019,"Lettuce: Salad Mix מיקס שלנו, דמוי בן שחר 10/07/2019 Ra.2 > C6m > Bed 202 6 bed m",Lettuce: Salad Mix,0.0,Kilograms,Farmers Market,קטיף יום ה,Full-Size,Yes
17/10/2019,Mustard Red Giant 28/08/2019 Ra.2 > C1 > Bed 209 6 bed m,Mustard,0.0,Kilograms,Farmers Market,קטיף יום ה,Full-Size,No
17/10/2019,New Zealand Spinach Generic Variety 01/08/2019 Ra.2 > C2 > Bed 222 12 bed m,New Zealand Spinach,0.0,Kilograms,Farmers Market,קטיף יום ה,,No
17/10/2019,Pac Choi (Bok Choy) Generic Variety 15/08/2019 Ra.1 > L6m > Bed 108 3 bed m,Pac Choi (Bok Choy),0.0,Kilograms,Farmers Market,קטיף יום ה,Full-Size,No
17/10/2019,Parsley Generic Variety 01/05/2019 Ra.2 > C6m > Bed 207 6 bed m,Parsley,0.0,Bunches,Farmers Market,קטיף יום ה,Full-Size,Yes
17/10/2019,Parsley Green Perle - מסולסלת 13/12/2018 Ra.2 > C6m > Bed 204 6 bed m,Parsley,0.0,Bunches,Farmers Market,קטיף יום ה,Full-Size,Yes
17/10/2019,Peppers Cornito Rosso 05/06/2019 Ra.1 > L2 > Bed 121 12 bed m,Peppers,0.0,Kilograms,Farmers Market,קטיף יום ה,Early,No
17/10/2019,Peppers Cornito Rosso 08/04/2019 Ra.1 > L2 > Bed 124 12 bed m,Peppers,0.0,Kilograms,Farmers Market,קטיף יום ה,Ripe,No
17/10/2019,Radishes Daikon Long 08/08/2019 Ra.2 > C6m > Bed 203 3 bed m,Radishes,0.0,Bunches,Farmers Market,קטיף יום ה,Full-Size,Yes
17/10/2019,Radishes Nero Tondo 08/08/2019 Ra.2 > C6m > Bed 203 3 bed m,Radishes,0.0,Bunches,Farmers Market,קטיף יום ה,Full-Size,Yes
17/10/2019,Sorrel Red Veined 26/08/2019 Ra.2 > C1 > Bed 210 6 bed m,Sorrel,0.0,Kilograms,Farmers Market,קטיף יום ה,Baby Leaf,No
17/10/2019,Tatsoi Generic Variety 26/08/2019 Ra.2 > C1 > Bed 210 6 bed m,Tatsoi,0.0,Kilograms,Farmers Market,קטיף יום ה,Baby Leaf,No
17/10/2019,Tomatoes Red Pear 20/02/2019 Ra.2 > C2 > Bed 226 12 bed m,Tomatoes,0.0,Kilograms,Farmers Market,קטיף יום ה,Ripe,No
17/10/2019,Tomatoes Whitny - וויטני 04/04/2019 Ra.2 > C2 > Bed 219 12 bed m,Tomatoes,0.0,Kilograms,Farmers Market,קטיף יום ה,Ripe,No
18/10/2019,Lettuce Generic Variety 01/08/2019 HH > B > Bed 10 12 bed m,Lettuce,0.0,Heads,Farmers Market,הדוכן יום ב,Full-Size,Yes
18/10/2019,Lettuce Generic Variety 01/08/2019 HH > B > Bed 10 12 bed m,Lettuce,0.0,Heads,,Unknown outlet,Full-Size,Yes
18/10/2019,Lettuce Generic Variety 01/08/2019 HH > B > Bed 10 12 bed m,Lettuce,0.0,Heads,Farmers Market,קטיף יום ה,Full-Size,Yes
23/10/2019,Beans: Bush & Pole California Black Eyed 24/06/2019 Ra.1 > L1 > Bed 111 10 bed m,Beans: Bush & Pole,,,Farmers Market,הדוכן יום ב,Fresh,Yes
23/10/2019,Beans: Bush & Pole California Black Eyed 24/06/2019 Ra.1 > L1 > Bed 111 10 bed m,Beans: Bush & Pole,,,,Unknown outlet,Fresh,Yes
23/10/2019,Beans: Bush & Pole California Black Eyed 24/06/2019 Ra.1 > L1 > Bed 111 10 bed m,Beans: Bush & Pole,,,Farmers Market,קטיף יום ה,Fresh,Yes
23/10/2019,Tomatoes Whitny - וויטני 04/04/2019 Ra.2 > C2 > Bed 219 12 bed m,Tomatoes,,,Farmers Market,הדוכן יום ב,Ripe,Yes
23/10/2019,Tomatoes Whitny - וויטני 04/04/2019 Ra.2 > C2 > Bed 219 12 bed m,Tomatoes,,,,Unknown outlet,Ripe,Yes
23/10/2019,Tomatoes Whitny - וויטני 04/04/2019 Ra.2 > C2 > Bed 219 12 bed m,Tomatoes,,,Farmers Market,קטיף יום ה,Ripe,Yes
24/10/2019,Anise Hyssop אזוב מצוי 17/07/2018 HH > A > Bed 4 4 bed m,Anise Hyssop,0.0,Bunches,Farmers Market,קטיף יום ה,Full-Size,No
24/10/2019,Arugula Arugula 28/08/2019 Ra.2 > C1 > Bed 209 6 bed m,Arugula,0.0,Kilograms,Farmers Market,קטיף יום ה,Baby Leaf,No
24/10/2019,Beans: Bush & Pole California Black Eyed 19/06/2019 Ra.1 > L2 > Bed 130 12 bed m,Beans: Bush & Pole,0.0,Kilograms,Farmers Market,קטיף יום ה,Fresh,No
24/10/2019,Beans: Bush & Pole California Black Eyed 24/06/2019 Ra.1 > L1 > Bed 111 10 bed m,Beans: Bush & Pole,0.0,Kilograms,Farmers Market,קטיף יום ה,Fresh,No
24/10/2019,Beets MIX עלי ביבי 28/08/2019 Ra.2 > C6m > Bed 208 6 bed m,Beets,0.0,Kilograms,Farmers Market,קטיף יום ה,Baby Leaf Greens,No
24/10/2019,Chives Generic Variety 22/05/2019 Ra.1 > L6m > Bed 106 4 bed m,Chives,0.0,Bunches,Farmers Market,קטיף יום ה,Full-Size,No
24/10/2019,Cilantro Santirini - נטע 01/08/2019 Ra.1 > L1 > Bed 110 10 bed m,Cilantro,0.0,Bunches,Farmers Market,קטיף יום ה,Leaf,Yes
24/10/2019,Cilantro Santirini - נטע 15/07/2019 Ra.1 > L1 > Bed 120 8 bed m,Cilantro,0.0,Bunches,Farmers Market,קטיף יום ה,Leaf,No
24/10/2019,Eggplant Little Sailor 17/01/2019 Ra.1 > L1 > Bed 116 12 bed m,Eggplant,0.0,Kilograms,Farmers Market,קטיף יום ה,,No
24/10/2019,Eggplant Meatball 15/04/2019 Ra.1 > L1 > Bed 119 12 bed m,Eggplant,0.0,Kilograms,Farmers Market,קטיף יום ה,,No
24/10/2019,Eggplant Meatball 25/02/2019 Ra.1 > L1 > Bed 117 12 bed m,Eggplant,0.0,Kilograms,Farmers Market,קטיף יום ה,,No
24/10/2019,Gourds Generic Variety 24/02/2019 Ra.3 > R1 > Bed 312 12 bed m,Gourds,0.0,Kilograms,Farmers Market,קטיף יום ה,,No
24/10/2019,Jicama Generic Variety 08/05/2019 Ra.1 > L2 > Bed 129 12 bed m,Jicama,0.0,Kilograms,Farmers Market,קטיף יום ה,,No
24/10/2019,Kohlrabi Generic Variety 26/08/2019 Ra.2 > C2 > Bed 225 12 bed m,Kohlrabi,0.0,Kilograms,Farmers Market,קטיף יום ה,Full-Size,No
24/10/2019,Lettuce ערבית - רם שחר 12/09/2019 Ra.2 > C2 > Bed 221 12 bed m,Lettuce,0.0,Heads,Farmers Market,קטיף יום ה,Full-Size,No
24/10/2019,"Lettuce: Salad Mix מיקס שלנו, דמוי בן שחר 12/08/2019 Ra.1 > L6m > Bed 107 6 bed m",Lettuce: Salad Mix,0.0,Kilograms,Farmers Market,קטיף יום ה,Full-Size,No
24/10/2019,Mustard Red Giant 28/08/2019 Ra.2 > C1 > Bed 209 6 bed m,Mustard,0.0,Kilograms,Farmers Market,קטיף יום ה,Full-Size,No
24/10/2019,New Zealand Spinach Generic Variety 19/02/2019 Ra.2 > C2 > Bed 220 12 bed m,New Zealand Spinach,0.0,Kilograms,Farmers Market,קטיף יום ה,,No
24/10/2019,Pac Choi (Bok Choy) Generic Variety 15/08/2019 Ra.1 > L6m > Bed 108 3 bed m,Pac Choi (Bok Choy),0.0,Kilograms,Farmers Market,קטיף יום ה,Full-Size,No
24/10/2019,Parsley Generic Variety 12/08/2019 Ra.1 > L1 > Bed 120 3 bed m,Parsley,0.0,Bunches,Farmers Market,קטיף יום ה,Full-Size,No
24/10/2019,Parsley Generic Variety 24/02/2019 Ra.1 > L1 > Bed 112 12 bed m,Parsley,0.0,Bunches,Farmers Market,קטיף יום ה,Full-Size,No
24/10/2019,Peppers Cornito Rosso 05/06/2019 Ra.1 > L2 > Bed 121 12 bed m,Peppers,0.0,Kilograms,Farmers Market,קטיף יום ה,Early,No
24/10/2019,Peppers Cornito Rosso 08/04/2019 Ra.1 > L2 > Bed 124 12 bed m,Peppers,0.0,Kilograms,Farmers Market,קטיף יום ה,Ripe,No
24/10/2019,Peppers Thai Red Chili 10/04/2019 Ra.1 > L1 > Bed 113 6 bed m,Peppers,0.0,Kilograms,Farmers Market,קטיף יום ה,Ripe,No
24/10/2019,Sage Common 17/07/2018 Ra.1 > L1 > Bed 109 8 bed m,Sage,0.0,Bunches,Farmers Market,קטיף יום ה,,No
24/10/2019,Sorrel Red Veined 26/08/2019 Ra.2 > C1 > Bed 210 6 bed m,Sorrel,0.0,Kilograms,Farmers Market,קטיף יום ה,Baby Leaf,No
24/10/2019,Tatsoi Generic Variety 26/08/2019 Ra.2 > C1 > Bed 210 6 bed m,Tatsoi,0.0,Kilograms,Farmers Market,קטיף יום ה,Baby Leaf,No
24/10/2019,Tomatoes Red Pear 20/02/2019 Ra.2 > C2 > Bed 226 12 bed m,Tomatoes,0.0,Kilograms,Farmers Market,קטיף יום ה,Ripe,No
24/10/2019,Tomatoes Whitny - וויטני 04/04/2019 Ra.2 > C2 > Bed 219 12 bed m,Tomatoes,0.0,Kilograms,Farmers Market,קטיף יום ה,Ripe,No
27/10/2019,Basil Generic Variety 05/06/2019 Ra.1 > L1 > Bed 113 6 bed m,Basil,,,Farmers Market,הדוכן יום ב,Full-Size,Yes
27/10/2019,Basil Generic Variety 05/06/2019 Ra.1 > L1 > Bed 113 6 bed m,Basil,,,,Unknown outlet,Full-Size,Yes
27/10/2019,Basil Generic Variety 05/06/2019 Ra.1 > L1 > Bed 113 6 bed m,Basil,,,Farmers Market,קטיף יום ה,Full-Size,Yes
28/10/2019,Jicama Generic Variety 08/05/2019 Ra.1 > L2 > Bed 129 12 bed m,Jicama,,,Farmers Market,הדוכן יום ב,,Yes
28/10/2019,Jicama Generic Variety 08/05/2019 Ra.1 > L2 > Bed 129 12 bed m,Jicama,,,,Unknown outlet,,Yes
28/10/2019,Jicama Generic Variety 08/05/2019 Ra.1 > L2 > Bed 129 12 bed m,Jicama,,,Farmers Market,קטיף יום ה,,Yes
28/10/2019,Jicama Generic Variety 08/05/2019 Ra.1 > L2 > Bed 129 12 bed m,Jicama,12.0,Kilograms,,Unknown outlet,,No
31/10/2019,Anise Hyssop אזוב מצוי 17/07/2018 Ra.1 > L1 > Bed 109 4 bed m,Anise Hyssop,2.0,Bunches,Farmers Market,קטיף יום ה,Full-Size,No
31/10/2019,Arugula Arugula 28/08/2019 Ra.2 > C1 > Bed 209 6 bed m,Arugula,1.0,Kilograms,Farmers Market,קטיף יום ה,Baby Leaf,No
31/10/2019,Beans: Bush & Pole California Black Eyed 19/06/2019 Ra.1 > L2 > Bed 130 12 bed m,Beans: Bush & Pole,0.5,Kilograms,Farmers Market,קטיף יום ה,Fresh,No
31/10/2019,Beets MIX עלי ביבי 14/11/2018 Ra.1 > L6m > Bed 105 6 bed m,Beets,0.25,Kilograms,Farmers Market,קטיף יום ה,Baby Leaf Greens,No
31/10/2019,Beets MIX עלי ביבי 28/08/2019 Ra.2 > C6m > Bed 208 6 bed m,Beets,4.0,Bunches,Farmers Market,קטיף יום ה,Baby Leaf Greens,No
31/10/2019,Chives Generic Variety 22/05/2019 Ra.1 > L6m > Bed 106 4 bed m,Chives,6.0,Bunches,Farmers Market,קטיף יום ה,Full-Size,No
31/10/2019,Cilantro Santirini - נטע 15/07/2019 Ra.1 > L1 > Bed 120 8 bed m,Cilantro,0.0,Bunches,Farmers Market,הדוכן יום ב,Leaf,Yes
31/10/2019,Cilantro Santirini - נטע 15/07/2019 Ra.1 > L1 > Bed 120 8 bed m,Cilantro,0.0,Bunches,,Unknown outlet,Leaf,Yes
31/10/2019,Cilantro Santirini - נטע 15/07/2019 Ra.1 > L1 > Bed 120 8 bed m,Cilantro,5.0,Bunches,Farmers Market,קטיף יום ה,Leaf,Yes
31/10/2019,Cilantro Santirini - נטע 26/08/2019 Ra.1 > L1 > Bed 114 12 bed m,Cilantro,8.0,Bunches,Farmers Market,קטיף יום ה,Leaf,No
31/10/2019,Cress Garden Broadleaf 02/10/2019 HH > C > Bed 14 12 bed m,Cress,8.0,Cases,Farmers Market,קטיף יום ה,Full-Size,No
31/10/2019,Eggplant Little Sailor 17/01/2019 Ra.1 > L1 > Bed 116 12 bed m,Eggplant,1.0,Kilograms,Farmers Market,קטיף יום ה,,No
31/10/2019,Eggplant Meatball 15/04/2019 Ra.1 > L1 > Bed 119 12 bed m,Eggplant,2.0,Kilograms,Farmers Market,קטיף יום ה,,No
31/10/2019,Eggplant Meatball 25/02/2019 Ra.1 > L1 > Bed 117 12 bed m,Eggplant,1.0,Kilograms,Farmers Market,קטיף יום ה,,No
31/10/2019,Kohlrabi Generic Variety 26/08/2019 Ra.2 > C2 > Bed 225 12 bed m,Kohlrabi,6.0,Kilograms,Farmers Market,קטיף יום ה,Full-Size,No
31/10/2019,Lettuce ערבית - רם שחר 12/09/2019 Ra.2 > C2 > Bed 221 12 bed m,Lettuce,35.0,Heads,Farmers Market,קטיף יום ה,Full-Size,No
31/10/2019,Lettuce: Salad Mix Mesclun Mix 02/10/2019 HH > C > Bed 15 12 bed m,Lettuce: Salad Mix,2.0,Kilograms,Farmers Market,קטיף יום ה,Full-Size,No
31/10/2019,Lettuce: Salad Mix Mesclun Mix 28/08/2019 Ra.2 > C1 > Bed 212 12 bed m,Lettuce: Salad Mix,2.0,Kilograms,Farmers Market,קטיף יום ה,Full-Size,No
31/10/2019,Mustard Red Giant 28/08/2019 Ra.2 > C1 > Bed 209 6 bed m,Mustard,0.0,Kilograms,Farmers Market,קטיף יום ה,Full-Size,No
31/10/2019,New Zealand Spinach Generic Variety 01/08/2019 Ra.2 > C2 > Bed 222 12 bed m,New Zealand Spinach,8.0,Cases,Farmers Market,קטיף יום ה,,No
31/10/2019,New Zealand Spinach Generic Variety 19/02/2019 Ra.2 > C2 > Bed 220 12 bed m,New Zealand Spinach,0.0,Kilograms,Farmers Market,קטיף יום ה,,No
31/10/2019,Pac Choi (Bok Choy) Generic Variety 15/08/2019 Ra.1 > L6m > Bed 108 3 bed m,Pac Choi (Bok Choy),8.0,Heads,Farmers Market,קטיף יום ה,Full-Size,No
31/10/2019,Parsley Generic Variety 12/08/2019 Ra.1 > L1 > Bed 120 3 bed m,Parsley,0.0,Bunches,Farmers Market,הדוכן יום ב,Full-Size,Yes
31/10/2019,Parsley Generic Variety 12/08/2019 Ra.1 > L1 > Bed 120 3 bed m,Parsley,0.0,Bunches,,Unknown outlet,Full-Size,Yes
31/10/2019,Parsley Generic Variety 12/08/2019 Ra.1 > L1 > Bed 120 3 bed m,Parsley,5.0,Bunches,Farmers Market,קטיף יום ה,Full-Size,Yes
31/10/2019,Peppers Cornito Rosso 05/06/2019 Ra.1 > L2 > Bed 121 12 bed m,Peppers,6.0,Kilograms,Farmers Market,קטיף יום ה,Early,No
31/10/2019,Peppers Cornito Rosso 08/04/2019 Ra.1 > L2 > Bed 124 12 bed m,Peppers,6.0,Kilograms,Farmers Market,קטיף יום ה,Ripe,No
31/10/2019,Peppers Thai Red Chili 10/04/2019 Ra.1 > L1 > Bed 113 6 bed m,Peppers,2.0,Kilograms,Farmers Market,קטיף יום ה,Ripe,No
31/10/2019,Sage Common 17/07/2018 Ra.1 > L1 > Bed 109 8 bed m,Sage,2.0,Bunches,Farmers Market,קטיף יום ה,,No
31/10/2019,Sage Generic Variety 17/07/2018 HH > A > Bed 4 4 bed m,Sage,2.0,Bunches,Farmers Market,קטיף יום ה,,No
31/10/2019,Sorrel Red Veined 26/08/2019 Ra.2 > C1 > Bed 210 6 bed m,Sorrel,0.0,Kilograms,Farmers Market,הדוכן יום ב,Baby Leaf,Yes
31/10/2019,Sorrel Red Veined 26/08/2019 Ra.2 > C1 > Bed 210 6 bed m,Sorrel,0.0,Kilograms,,Unknown outlet,Baby Leaf,Yes
31/10/2019,Sorrel Red Veined 26/08/2019 Ra.2 > C1 > Bed 210 6 bed m,Sorrel,0.5,Kilograms,Farmers Market,קטיף יום ה,Baby Leaf,Yes
31/10/2019,Tarragon שיבה 17/07/2018 Ra.1 > L1 > Bed 109 2 bed m,Tarragon,2.0,Bunches,Farmers Market,קטיף יום ה,Full-Size,No
31/10/2019,Tatsoi Generic Variety 26/08/2019 Ra.2 > C1 > Bed 210 6 bed m,Tatsoi,0.0,Kilograms,Farmers Market,הדוכן יום ב,Baby Leaf,Yes
31/10/2019,Tatsoi Generic Variety 26/08/2019 Ra.2 > C1 > Bed 210 6 bed m,Tatsoi,0.0,Kilograms,,Unknown outlet,Baby Leaf,Yes
31/10/2019,Tatsoi Generic Variety 26/08/2019 Ra.2 > C1 > Bed 210 6 bed m,Tatsoi,0.5,Kilograms,Farmers Market,קטיף יום ה,Baby Leaf,Yes
31/10/2019,Tomatoes Red Pear 20/02/2019 Ra.2 > C2 > Bed 226 12 bed m,Tomatoes,1.0,Kilograms,Farmers Market,קטיף יום ה,Ripe,No
04/11/2019,Arugula Arugula 28/08/2019 Ra.2 > C1 > Bed 209 6 bed m,Arugula,1.5,Kilograms,Farmers Market,הדוכן יום ב,Baby Leaf,No
04/11/2019,Beans: Bush & Pole California Black Eyed 19/06/2019 Ra.1 > L2 > Bed 130 12 bed m,Beans: Bush & Pole,5.0,Bunches,Farmers Market,הדוכן יום ב,Fresh,No
04/11/2019,Beets Generic Variety 04/09/2019 Ra.1 > L2 > Bed 132 6 bed m,Beets,0.0,Bunches,Farmers Market,הדוכן יום ב,Full-Size Root,Yes
04/11/2019,Beets Generic Variety 26/08/2019 Ra.1 > L2 > Bed 132 6 bed m,Beets,0.0,Bunches,Farmers Market,הדוכן יום ב,Full-Size Root,Yes
04/11/2019,Beets MIX עלי ביבי 28/08/2019 Ra.2 > C6m > Bed 208 6 bed m,Beets,0.2,Kilograms,Farmers Market,הדוכן יום ב,Baby Leaf Greens,No
04/11/2019,Chives Generic Variety 22/05/2019 Ra.1 > L6m > Bed 106 4 bed m,Chives,6.0,Bunches,Farmers Market,הדוכן יום ב,Full-Size,No
04/11/2019,Cress Garden Broadleaf 02/10/2019 HH > C > Bed 14 12 bed m,Cress,6.0,Cases,Farmers Market,הדוכן יום ב,Full-Size,No
04/11/2019,Eggplant Little Sailor 17/01/2019 Ra.1 > L1 > Bed 116 12 bed m,Eggplant,0.5,Kilograms,Farmers Market,הדוכן יום ב,,No
04/11/2019,Eggplant Meatball 15/04/2019 Ra.1 > L1 > Bed 119 12 bed m,Eggplant,0.5,Kilograms,Farmers Market,הדוכן יום ב,,No
04/11/2019,Eggplant Meatball 25/02/2019 Ra.1 > L1 > Bed 117 12 bed m,Eggplant,0.5,Kilograms,Farmers Market,הדוכן יום ב,,No
04/11/2019,Lettuce ערבית - רם שחר 12/09/2019 Ra.2 > C2 > Bed 221 12 bed m,Lettuce,20.0,Heads,Farmers Market,הדוכן יום ב,Full-Size,No
04/11/2019,Lettuce: Salad Mix Mesclun Mix 28/08/2019 Ra.2 > C1 > Bed 212 12 bed m,Lettuce: Salad Mix,3.0,Kilograms,Farmers Market,הדוכן יום ב,Full-Size,No
04/11/2019,"Lettuce: Salad Mix מיקס שלנו, דמוי בן שחר 12/08/2019 Ra.1 > L6m > Bed 107 6 bed m",Lettuce: Salad Mix,0.5,Kilograms,Farmers Market,הדוכן יום ב,Full-Size,No
04/11/2019,Mustard Red Giant 28/08/2019 Ra.2 > C1 > Bed 209 6 bed m,Mustard,1.5,Kilograms,Farmers Market,הדוכן יום ב,Full-Size,No
04/11/2019,New Zealand Spinach Generic Variety 19/02/2019 Ra.2 > C2 > Bed 220 12 bed m,New Zealand Spinach,6.0,Cases,Farmers Market,הדוכן יום ב,,No
04/11/2019,Pac Choi (Bok Choy) Generic Variety 15/08/2019 Ra.1 > L6m > Bed 108 3 bed m,Pac Choi (Bok Choy),6.0,Heads,Farmers Market,הדוכן יום ב,Full-Size,No
04/11/2019,Peppers Cornito Rosso 05/06/2019 Ra.1 > L2 > Bed 121 12 bed m,Peppers,2.0,Kilograms,Farmers Market,הדוכן יום ב,Early,No
04/11/2019,Peppers Cornito Rosso 08/04/2019 Ra.1 > L2 > Bed 124 12 bed m,Peppers,2.0,Kilograms,Farmers Market,הדוכן יום ב,Ripe,No
04/11/2019,Peppers Thai Red Chili 10/04/2019 Ra.1 > L1 > Bed 113 6 bed m,Peppers,1.0,Kilograms,Farmers Market,הדוכן יום ב,Ripe,No
04/11/2019,Tomatoes Red Pear 20/02/2019 Ra.2 > C2 > Bed 226 12 bed m,Tomatoes,1.0,Kilograms,Farmers Market,הדוכן יום ב,Ripe,No
06/11/2019,Beans: Bush & Pole California Black Eyed 19/06/2019 Ra.1 > L2 > Bed 130 12 bed m,Beans: Bush & Pole,,,Farmers Market,הדוכן יום ב,Fresh,Yes
06/11/2019,Beans: Bush & Pole California Black Eyed 19/06/2019 Ra.1 > L2 > Bed 130 12 bed m,Beans: Bush & Pole,,,,Unknown outlet,Fresh,Yes
06/11/2019,Beans: Bush & Pole California Black Eyed 19/06/2019 Ra.1 > L2 > Bed 130 12 bed m,Beans: Bush & Pole,,,Farmers Market,קטיף יום ה,Fresh,Yes
06/11/2019,Cilantro Santirini - נטע 26/08/2019 Ra.1 > L1 > Bed 114 12 bed m,Cilantro,11.0,Bunches,,Unknown outlet,Leaf,No
06/11/2019,Parsley Generic Variety 02/10/2019 Ra.1 > L6m > Bed 101 6 bed m,Parsley,11.0,Bunches,,Unknown outlet,Full-Size,No
07/11/2019,Arugula Arugula 28/08/2019 Ra.2 > C1 > Bed 209 6 bed m,Arugula,2.0,Kilograms,Farmers Market,קטיף יום ה,Baby Leaf,No
07/11/2019,Beans: Bush & Pole California Black Eyed 19/06/2019 Ra.1 > L2 > Bed 130 12 bed m,Beans: Bush & Pole,6.0,Bunches,Farmers Market,קטיף יום ה,Fresh,Yes
07/11/2019,Beets MIX עלי ביבי 14/11/2018 Ra.1 > L6m > Bed 105 6 bed m,Beets,0.0,Kilograms,Farmers Market,קטיף יום ה,Baby Leaf Greens,No
07/11/2019,Beets MIX עלי ביבי 28/08/2019 Ra.2 > C6m > Bed 208 6 bed m,Beets,0.5,Kilograms,Farmers Market,קטיף יום ה,Baby Leaf Greens,No
07/11/2019,Chives Generic Variety 22/05/2019 Ra.1 > L6m > Bed 106 4 bed m,Chives,7.0,Bunches,Farmers Market,קטיף יום ה,Full-Size,No
07/11/2019,Cilantro Santirini - נטע 26/08/2019 Ra.1 > L1 > Bed 114 12 bed m,Cilantro,25.0,Bunches,Farmers Market,קטיף יום ה,Leaf,No
07/11/2019,Cress Garden Broadleaf 02/10/2019 HH > C > Bed 14 12 bed m,Cress,20.0,Cases,Farmers Market,קטיף יום ה,Full-Size,No
07/11/2019,Kohlrabi Generic Variety 26/08/2019 Ra.2 > C2 > Bed 225 12 bed m,Kohlrabi,10.0,Kilograms,Farmers Market,קטיף יום ה,Full-Size,Yes
07/11/2019,Lettuce: Salad Mix Mesclun Mix 02/10/2019 HH > C > Bed 15 12 bed m,Lettuce: Salad Mix,1.5,Kilograms,Farmers Market,קטיף יום ה,Full-Size,No
07/11/2019,Lettuce: Salad Mix Mesclun Mix 28/08/2019 Ra.2 > C1 > Bed 212 12 bed m,Lettuce: Salad Mix,1.5,Kilograms,Farmers Market,קטיף יום ה,Full-Size,No
07/11/2019,Lettuce: Salad Mix Salanova® Foundation Collection 05/10/2019 HH > C > Bed 13 12 bed m,Lettuce: Salad Mix,500.0,Grams,Farmers Market,קטיף יום ה,Full-Size,No
07/11/2019,New Zealand Spinach Generic Variety 19/02/2019 Ra.2 > C2 > Bed 220 12 bed m,New Zealand Spinach,7.0,Cases,Farmers Market,קטיף יום ה,,No
07/11/2019,Pac Choi (Bok Choy) Generic Variety 15/08/2019 Ra.1 > L6m > Bed 108 3 bed m,Pac Choi (Bok Choy),8.0,Heads,Farmers Market,קטיף יום ה,Full-Size,Yes
07/11/2019,Parsley Generic Variety 02/10/2019 Ra.1 > L6m > Bed 101 6 bed m,Parsley,25.0,Bunches,Farmers Market,קטיף יום ה,Full-Size,No
07/11/2019,Sunflower Generic Variety 28/10/2019  0 ,Sunflower,6.0,Cases,Farmers Market,קטיף יום ה,Microgreen,No
07/11/2019,Tomatoes Red Pear 20/02/2019 Ra.2 > C2 > Bed 226 12 bed m,Tomatoes,1.0,Kilograms,Farmers Market,קטיף יום ה,Ripe,No
08/11/2019,Sunflower Generic Variety 28/10/2019  0 ,Sunflower,,,Farmers Market,הדוכן יום ב,Microgreen,Yes
08/11/2019,Sunflower Generic Variety 28/10/2019  0 ,Sunflower,,,,Unknown outlet,Microgreen,Yes
08/11/2019,Sunflower Generic Variety 28/10/2019  0 ,Sunflower,,,Farmers Market,קטיף יום ה,Microgreen,Yes
11/11/2019,Arugula Arugula 13/10/2019 HH > B > Bed 11 8 bed m,Arugula,1.0,Kilograms,Farmers Market,הדוכן יום ב,Baby Leaf,No
11/11/2019,Beets MIX עלי ביבי 14/11/2018 Ra.1 > L6m > Bed 105 6 bed m,Beets,4.0,Bunches,Farmers Market,הדוכן יום ב,Baby Leaf Greens,No
11/11/2019,Beets MIX עלי ביבי 28/08/2019 Ra.2 > C6m > Bed 208 6 bed m,Beets,0.2,Kilograms,Farmers Market,הדוכן יום ב,Baby Leaf Greens,No
11/11/2019,Chives Generic Variety 22/05/2019 Ra.1 > L6m > Bed 106 4 bed m,Chives,6.0,Bunches,Farmers Market,הדוכן יום ב,Full-Size,No
11/11/2019,Cilantro Santirini - נטע 26/08/2019 Ra.1 > L1 > Bed 114 12 bed m,Cilantro,12.0,Bunches,Farmers Market,הדוכן יום ב,Leaf,No
11/11/2019,Cress Garden Broadleaf 02/10/2019 HH > C > Bed 14 12 bed m,Cress,4.0,Cases,Farmers Market,הדוכן יום ב,Full-Size,No
11/11/2019,Eggplant Little Sailor 17/01/2019 Ra.1 > L1 > Bed 116 12 bed m,Eggplant,2.5,Kilograms,Farmers Market,הדוכן יום ב,,Yes
11/11/2019,Eggplant Meatball 25/02/2019 Ra.1 > L1 > Bed 117 12 bed m,Eggplant,2.5,Kilograms,Farmers Market,הדוכן יום ב,,No
11/11/2019,Gourds Generic Variety 24/02/2019 Ra.3 > R1 > Bed 312 12 bed m,Gourds,0.0,Kilograms,Farmers Market,הדוכן יום ב,,No
11/11/2019,Lettuce: Salad Mix Mesclun Mix 13/10/2019 HH > B > Bed 12 12 bed m,Lettuce: Salad Mix,3.6,Kilograms,Farmers Market,הדוכן יום ב,Full-Size,No
11/11/2019,New Zealand Spinach Generic Variety 19/02/2019 Ra.2 > C2 > Bed 220 12 bed m,New Zealand Spinach,6.0,Cases,Farmers Market,הדוכן יום ב,,No
11/11/2019,Pac Choi (Bok Choy) Generic Variety 28/08/2019 Ra.1 > L6m > Bed 108 3 bed m,Pac Choi (Bok Choy),3.0,Heads,Farmers Market,הדוכן יום ב,Full-Size,No
11/11/2019,Parsley Generic Variety 02/10/2019 Ra.1 > L6m > Bed 101 6 bed m,Parsley,6.0,Bunches,Farmers Market,הדוכן יום ב,Full-Size,No
11/11/2019,Peppers Cornito Rosso 05/06/2019 Ra.1 > L2 > Bed 121 12 bed m,Peppers,13.5,Kilograms,Farmers Market,הדוכן יום ב,Early,No
11/11/2019,Peppers Thai Red Chili 10/04/2019 Ra.1 > L1 > Bed 113 6 bed m,Peppers,5.0,Kilograms,Farmers Market,הדוכן יום ב,Ripe,Yes
11/11/2019,Tomatoes Red Pear 20/02/2019 Ra.2 > C2 > Bed 226 12 bed m,Tomatoes,3.0,Kilograms,Farmers Market,הדוכן יום ב,Ripe,No
13/11/2019,Arugula Arugula 13/10/2019 HH > B > Bed 11 8 bed m,Arugula,2.0,Kilograms,Farmers Market,הדוכן יום ב,Baby Leaf,No
13/11/2019,Beets MIX עלי ביבי 14/11/2018 Ra.1 > L6m > Bed 105 6 bed m,Beets,8.0,Bunches,Farmers Market,הדוכן יום ב,Baby Leaf Greens,No
13/11/2019,Beets MIX עלי ביבי 28/08/2019 Ra.2 > C6m > Bed 208 6 bed m,Beets,0.2,Kilograms,Farmers Market,הדוכן יום ב,Baby Leaf Greens,No
13/11/2019,Chives Generic Variety 22/05/2019 Ra.1 > L6m > Bed 106 4 bed m,Chives,6.0,Bunches,Farmers Market,הדוכן יום ב,Full-Size,No
13/11/2019,Cilantro Santirini - נטע 26/08/2019 Ra.1 > L1 > Bed 114 12 bed m,Cilantro,25.0,Bunches,Farmers Market,הדוכן יום ב,Leaf,No
13/11/2019,Cress Garden Broadleaf 02/10/2019 HH > C > Bed 14 12 bed m,Cress,6.0,Cases,Farmers Market,הדוכן יום ב,Full-Size,No
13/11/2019,Eggplant Meatball 15/04/2019 Ra.1 > L1 > Bed 119 12 bed m,Eggplant,2.0,Kilograms,Farmers Market,הדוכן יום ב,,No
13/11/2019,Gourds Generic Variety 24/02/2019 Ra.3 > R1 > Bed 312 12 bed m,Gourds,0.0,Kilograms,Farmers Market,הדוכן יום ב,,No
13/11/2019,Lettuce: Salad Mix Mesclun Mix 02/10/2019 HH > C > Bed 15 12 bed m,Lettuce: Salad Mix,1.5,Kilograms,Farmers Market,קטיף יום ה,Full-Size,No
13/11/2019,Lettuce: Salad Mix Mesclun Mix 13/10/2019 HH > B > Bed 12 12 bed m,Lettuce: Salad Mix,1.5,Kilograms,Farmers Market,הדוכן יום ב,Full-Size,No
13/11/2019,Lettuce: Salad Mix Mesclun Mix 28/08/2019 Ra.2 > C1 > Bed 212 12 bed m,Lettuce: Salad Mix,0.5,Kilograms,Farmers Market,קטיף יום ה,Full-Size,No
13/11/2019,Lettuce: Salad Mix Salanova® Foundation Collection 05/10/2019 HH > C > Bed 13 12 bed m,Lettuce: Salad Mix,1.1,Kilograms,Farmers Market,קטיף יום ה,Full-Size,No
13/11/2019,New Zealand Spinach Generic Variety 19/02/2019 Ra.2 > C2 > Bed 220 12 bed m,New Zealand Spinach,8.0,Cases,Farmers Market,הדוכן יום ב,,No
13/11/2019,Pac Choi (Bok Choy) Generic Variety 28/08/2019 Ra.1 > L6m > Bed 108 3 bed m,Pac Choi (Bok Choy),5.0,Heads,Farmers Market,הדוכן יום ב,Full-Size,No
13/11/2019,Parsley Generic Variety 02/10/2019 Ra.1 > L6m > Bed 101 6 bed m,Parsley,35.0,Bunches,Farmers Market,הדוכן יום ב,Full-Size,No
13/11/2019,Peppers Cornito Rosso 05/06/2019 Ra.1 > L2 > Bed 121 12 bed m,Peppers,1.0,Kilograms,Farmers Market,הדוכן יום ב,Early,No
13/11/2019,Tomatoes Red Pear 20/02/2019 Ra.2 > C2 > Bed 226 12 bed m,Tomatoes,1.0,Kilograms,Farmers Market,הדוכן יום ב,Ripe,No
14/11/2019,Sunflower Generic Variety 06/11/2019  0 ,Sunflower,,,Farmers Market,הדוכן יום ב,Microgreen,Yes
14/11/2019,Sunflower Generic Variety 06/11/2019  0 ,Sunflower,,,,Unknown outlet,Microgreen,Yes
14/11/2019,Sunflower Generic Variety 06/11/2019  0 ,Sunflower,,,Farmers Market,קטיף יום ה,Microgreen,Yes
15/11/2019,Arugula Arugula 13/10/2019 HH > B > Bed 11 8 bed m,Arugula,8.0,Cases,,Unknown outlet,Baby Leaf,No
15/11/2019,Cilantro Santirini - נטע 26/08/2019 Ra.1 > L1 > Bed 114 12 bed m,Cilantro,3.0,Bunches,,Unknown outlet,Leaf,No
15/11/2019,Eggplant Meatball 25/02/2019 Ra.1 > L1 > Bed 117 12 bed m,Eggplant,,,Farmers Market,הדוכן יום ב,,Yes
15/11/2019,Eggplant Meatball 25/02/2019 Ra.1 > L1 > Bed 117 12 bed m,Eggplant,,,,Unknown outlet,,Yes
15/11/2019,Eggplant Meatball 25/02/2019 Ra.1 > L1 > Bed 117 12 bed m,Eggplant,,,Farmers Market,קטיף יום ה,,Yes
15/11/2019,Peppers Cornito Rosso 08/04/2019 Ra.1 > L2 > Bed 124 12 bed m,Peppers,,,Farmers Market,הדוכן יום ב,Ripe,Yes
15/11/2019,Peppers Cornito Rosso 08/04/2019 Ra.1 > L2 > Bed 124 12 bed m,Peppers,,,,Unknown outlet,Ripe,Yes
15/11/2019,Peppers Cornito Rosso 08/04/2019 Ra.1 > L2 > Bed 124 12 bed m,Peppers,,,Farmers Market,קטיף יום ה,Ripe,Yes
18/11/2019,Arugula Arugula 13/10/2019 HH > B > Bed 11 8 bed m,Arugula,0.9,Kilograms,Farmers Market,הדוכן יום ב,Baby Leaf,No
18/11/2019,Beets MIX עלי ביבי 14/11/2018 Ra.1 > L6m > Bed 105 6 bed m,Beets,6.0,Bunches,Farmers Market,הדוכן יום ב,Baby Leaf Greens,No
18/11/2019,Cress Garden Broadleaf 02/10/2019 HH > C > Bed 14 12 bed m,Cress,5.0,Cases,Farmers Market,הדוכן יום ב,Full-Size,No
18/11/2019,Lettuce: Salad Mix Mesclun Mix 28/08/2019 Ra.2 > C1 > Bed 212 12 bed m,Lettuce: Salad Mix,2.5,Kilograms,Farmers Market,הדוכן יום ב,Full-Size,No
18/11/2019,"Lettuce: Salad Mix מיקס שלנו, דמוי בן שחר 12/08/2019 Ra.1 > L6m > Bed 107 6 bed m",Lettuce: Salad Mix,,,Farmers Market,הדוכן יום ב,Full-Size,Yes
18/11/2019,"Lettuce: Salad Mix מיקס שלנו, דמוי בן שחר 12/08/2019 Ra.1 > L6m > Bed 107 6 bed m",Lettuce: Salad Mix,,,,Unknown outlet,Full-Size,Yes
18/11/2019,"Lettuce: Salad Mix מיקס שלנו, דמוי בן שחר 12/08/2019 Ra.1 > L6m > Bed 107 6 bed m",Lettuce: Salad Mix,,,Farmers Market,קטיף יום ה,Full-Size,Yes
18/11/2019,"Lettuce: Salad Mix מיקס שלנו, דמוי בן שחר 16/10/2019 Ra.1 > L6m > Bed 104 6 bed m",Lettuce: Salad Mix,2.5,Kilograms,Farmers Market,הדוכן יום ב,Full-Size,No
18/11/2019,New Zealand Spinach Generic Variety 01/08/2019 Ra.2 > C2 > Bed 222 12 bed m,New Zealand Spinach,6.0,Cases,Farmers Market,הדוכן יום ב,,No
18/11/2019,Pac Choi (Bok Choy) Generic Variety 28/08/2019 Ra.1 > L6m > Bed 108 3 bed m,Pac Choi (Bok Choy),8.0,Heads,Farmers Market,הדוכן יום ב,Full-Size,No
18/11/2019,Parsley Generic Variety 17/10/2019 Ra.1 > L6m > Bed 102 + 1 more Block 12 bed m,Parsley,12.0,Bunches,Farmers Market,הדוכן יום ב,Full-Size,No
18/11/2019,Tomatoes Red Pear 20/02/2019 Ra.2 > C2 > Bed 226 12 bed m,Tomatoes,0.5,Kilograms,Farmers Market,הדוכן יום ב,Ripe,No
20/11/2019,Peppers Cornito Rosso 05/06/2019 Ra.1 > L2 > Bed 121 12 bed m,Peppers,,,Farmers Market,הדוכן יום ב,Early,Yes
20/11/2019,Peppers Cornito Rosso 05/06/2019 Ra.1 > L2 > Bed 121 12 bed m,Peppers,,,,Unknown outlet,Early,Yes
20/11/2019,Peppers Cornito Rosso 05/06/2019 Ra.1 > L2 > Bed 121 12 bed m,Peppers,,,Farmers Market,קטיף יום ה,Early,Yes
21/11/2019,Anise Hyssop אזוב מצוי 17/07/2018 HH > A > Bed 4 4 bed m,Anise Hyssop,3.0,Bunches,Farmers Market,קטיף יום ה,Full-Size,No
21/11/2019,Arugula Arugula 13/10/2019 HH > B > Bed 11 8 bed m,Arugula,2.1,Kilograms,Farmers Market,קטיף יום ה,Baby Leaf,No
21/11/2019,Beets MIX עלי ביבי 14/11/2018 Ra.1 > L6m > Bed 105 6 bed m,Beets,16.0,Bunches,Farmers Market,קטיף יום ה,Baby Leaf Greens,Yes
21/11/2019,Beets MIX עלי ביבי 28/08/2019 Ra.2 > C6m > Bed 208 6 bed m,Beets,3.8,Kilograms,Farmers Market,קטיף יום ה,Baby Leaf Greens,No
21/11/2019,Carrots Nantes Half Long 08/08/2019 Ra.2 > C2 > Bed 223 12 bed m,Carrots,14.0,Kilograms,Farmers Market,קטיף יום ה,Full-Size,No
21/11/2019,Cilantro Generic Variety 17/10/2019 Ra.1 > L2 > Beds 122-123 13 bed m,Cilantro,10.0,Bunches,Farmers Market,קטיף יום ה,Leaf,No
21/11/2019,Cilantro Santirini - נטע 26/08/2019 Ra.1 > L1 > Bed 114 12 bed m,Cilantro,20.0,Bunches,Farmers Market,קטיף יום ה,Leaf,No
21/11/2019,Cress Garden Broadleaf 02/10/2019 HH > C > Bed 14 12 bed m,Cress,6.0,Cases,Farmers Market,קטיף יום ה,Full-Size,Yes
21/11/2019,Lettuce מסולסלת מעורב 17/10/2019 Ra.2 > C1 > Bed 213 12 bed m,Lettuce,6.0,Heads,Farmers Market,קטיף יום ה,Full-Size,No
21/11/2019,Lettuce: Salad Mix Mesclun Mix 13/10/2019 HH > B > Bed 12 12 bed m,Lettuce: Salad Mix,1.8,Kilograms,Farmers Market,קטיף יום ה,Full-Size,No
21/11/2019,Lettuce: Salad Mix Mesclun Mix 28/08/2019 Ra.2 > C1 > Bed 212 12 bed m,Lettuce: Salad Mix,3.8,Kilograms,Farmers Market,קטיף יום ה,Full-Size,Yes
21/11/2019,Lettuce: Salad Mix Salanova® Foundation Collection 05/10/2019 HH > C > Bed 13 12 bed m,Lettuce: Salad Mix,0.7,Kilograms,Farmers Market,קטיף יום ה,Full-Size,No
21/11/2019,"Lettuce: Salad Mix מיקס שלנו, דמוי בן שחר 16/10/2019 Ra.1 > L6m > Bed 104 6 bed m",Lettuce: Salad Mix,2.0,Kilograms,Farmers Market,קטיף יום ה,Full-Size,No
21/11/2019,New Zealand Spinach Generic Variety 01/08/2019 Ra.2 > C2 > Bed 222 12 bed m,New Zealand Spinach,9.0,Cases,Farmers Market,קטיף יום ה,,No
21/11/2019,Pac Choi (Bok Choy) Generic Variety 28/08/2019 Ra.1 > L6m > Bed 108 3 bed m,Pac Choi (Bok Choy),6.0,Heads,Farmers Market,קטיף יום ה,Full-Size,No
21/11/2019,Parsley Generic Variety 17/10/2019 Ra.1 > L6m > Bed 102 + 1 more Block 12 bed m,Parsley,31.0,Bunches,Farmers Market,קטיף יום ה,Full-Size,No
21/11/2019,Radishes French Breakfast 16/10/2019 Ra.1 > L1 > Bed 115 2 bed m,Radishes,7.0,Bunches,Farmers Market,קטיף יום ה,Full-Size,No
21/11/2019,Sage Common 17/07/2018 Ra.1 > L1 > Bed 109 8 bed m,Sage,3.0,Bunches,Farmers Market,קטיף יום ה,,No
21/11/2019,Tomatoes Red Pear 20/02/2019 Ra.2 > C2 > Bed 226 12 bed m,Tomatoes,0.0,Kilograms,Farmers Market,קטיף יום ה,Ripe,No
24/11/2019,Mustard Red Giant 28/08/2019 Ra.2 > C1 > Bed 209 6 bed m,Mustard,,,Farmers Market,הדוכן יום ב,Full-Size,Yes
24/11/2019,Mustard Red Giant 28/08/2019 Ra.2 > C1 > Bed 209 6 bed m,Mustard,,,,Unknown outlet,Full-Size,Yes
24/11/2019,Mustard Red Giant 28/08/2019 Ra.2 > C1 > Bed 209 6 bed m,Mustard,,,Farmers Market,קטיף יום ה,Full-Size,Yes
25/11/2019,Anise Hyssop אזוב מצוי 17/07/2018 HH > A > Bed 4 4 bed m,Anise Hyssop,8.0,Bunches,Farmers Market,הדוכן יום ב,Full-Size,No
25/11/2019,Beets MIX עלי ביבי 28/08/2019 Ra.2 > C6m > Bed 208 6 bed m,Beets,0.5,Kilograms,Farmers Market,הדוכן יום ב,Baby Leaf Greens,No
25/11/2019,Carrots Nantes Half Long 08/08/2019 Ra.2 > C2 > Bed 223 12 bed m,Carrots,10.0,Kilograms,Farmers Market,הדוכן יום ב,Full-Size,No
25/11/2019,Cilantro Generic Variety 17/10/2019 Ra.1 > L2 > Beds 122-123 13 bed m,Cilantro,10.0,Bunches,Farmers Market,הדוכן יום ב,Leaf,No
25/11/2019,Lettuce מסולסלת מעורב 17/10/2019 Ra.2 > C1 > Bed 213 12 bed m,Lettuce,4.0,Heads,Farmers Market,הדוכן יום ב,Full-Size,No
25/11/2019,"Lettuce: Salad Mix מיקס שלנו, דמוי בן שחר 16/10/2019 Ra.1 > L6m > Bed 104 6 bed m",Lettuce: Salad Mix,1.0,Kilograms,Farmers Market,הדוכן יום ב,Full-Size,No
25/11/2019,Mizuna Generic Variety 25/10/2019 Ra.1 > L1 > Bed 111 6 bed m,Mizuna,1.0,Kilograms,Farmers Market,הדוכן יום ב,Baby Leaf,No
25/11/2019,New Zealand Spinach Generic Variety 01/08/2019 Ra.2 > C2 > Bed 222 12 bed m,New Zealand Spinach,8.0,Cases,Farmers Market,הדוכן יום ב,,No
25/11/2019,Pac Choi (Bok Choy) Generic Variety 28/08/2019 Ra.1 > L6m > Bed 108 3 bed m,Pac Choi (Bok Choy),0.0,Heads,Farmers Market,הדוכן יום ב,Full-Size,No
25/11/2019,Parsley Generic Variety 17/10/2019 Ra.1 > L6m > Bed 102 + 1 more Block 12 bed m,Parsley,15.0,Bunches,Farmers Market,הדוכן יום ב,Full-Size,No
25/11/2019,Radishes French Breakfast 16/10/2019 Ra.1 > L1 > Bed 115 2 bed m,Radishes,3.0,Bunches,Farmers Market,הדוכן יום ב,Full-Size,No
25/11/2019,Radishes French Breakfast 24/10/2019 Ra.1 > L6m > Bed 106 2 bed m,Radishes,1.0,Bunches,Farmers Market,הדוכן יום ב,Full-Size,No
25/11/2019,Sage Common 17/07/2018 Ra.1 > L1 > Bed 109 8 bed m,Sage,6.0,Bunches,Farmers Market,הדוכן יום ב,,No
25/11/2019,Tomatoes Red Pear 20/02/2019 Ra.2 > C2 > Bed 226 12 bed m,Tomatoes,3.0,Kilograms,Farmers Market,הדוכן יום ב,Ripe,Yes
28/11/2019,Anise Hyssop אזוב מצוי 17/07/2018 HH > A > Bed 4 4 bed m,Anise Hyssop,4.0,Bunches,Farmers Market,קטיף יום ה,Full-Size,No
28/11/2019,Arugula Arugula 28/08/2019 Ra.2 > C1 > Bed 209 6 bed m,Arugula,2.8,Kilograms,Farmers Market,קטיף יום ה,Baby Leaf,No
28/11/2019,Beets MIX עלי ביבי 28/08/2019 Ra.2 > C6m > Bed 208 6 bed m,Beets,1.5,Kilograms,Farmers Market,קטיף יום ה,Baby Leaf Greens,No
28/11/2019,Carrots Nantes Half Long 08/08/2019 Ra.2 > C2 > Bed 223 12 bed m,Carrots,18.0,Kilograms,Farmers Market,קטיף יום ה,Full-Size,Yes
28/11/2019,Chard Fordhook Giant 10/10/2019 Ra.3 > R1 > Bed 316 12 bed m,Chard,10.0,Bunches,Farmers Market,קטיף יום ה,Full-Size,No
28/11/2019,Chives Generic Variety 22/05/2019 Ra.1 > L6m > Bed 106 4 bed m,Chives,4.0,Bunches,Farmers Market,קטיף יום ה,Full-Size,Yes
28/11/2019,Cilantro Generic Variety 17/10/2019 Ra.1 > L2 > Beds 122-123 13 bed m,Cilantro,10.0,Bunches,Farmers Market,קטיף יום ה,Leaf,No
28/11/2019,Cress Garden Broadleaf 28/10/2019 Ra.2 > C1 > Bed 214 6 bed m,Cress,6.0,Cases,Farmers Market,קטיף יום ה,Full-Size,No
28/11/2019,Kale Lacinato (Dinosaur) 26/08/2019 Ra.2 > C2 > Bed 228 12 bed m,Kale,2.0,Bunches,Farmers Market,קטיף יום ה,Full-Size,No
28/11/2019,Kale Red Russian 25/10/2019 Ra.1 > L1 > Bed 111 6 bed m,Kale,0.5,Kilograms,Farmers Market,קטיף יום ה,Baby Leaf,No
28/11/2019,Lettuce מסולסלת מעורב 17/10/2019 Ra.2 > C1 > Bed 213 12 bed m,Lettuce,24.0,Heads,Farmers Market,קטיף יום ה,Full-Size,No
28/11/2019,Lettuce ערבית - רם שחר 07/10/2019 Ra.2 > C1 > Bed 211 12 bed m,Lettuce,15.0,Heads,Farmers Market,קטיף יום ה,Full-Size,No
28/11/2019,Lettuce: Salad Mix Mesclun Mix 28/08/2019 Ra.2 > C1 > Bed 212 12 bed m,Lettuce: Salad Mix,3.0,Kilograms,Farmers Market,קטיף יום ה,Full-Size,Yes
28/11/2019,Lettuce: Salad Mix Mesclun Mix 28/10/2019 HH > C > Bed 17 12 bed m,Lettuce: Salad Mix,1.0,Kilograms,Farmers Market,קטיף יום ה,Full-Size,No
28/11/2019,Lettuce: Salad Mix Salanova® Foundation Collection 05/10/2019 HH > C > Bed 13 12 bed m,Lettuce: Salad Mix,0.3,Kilograms,Farmers Market,קטיף יום ה,Full-Size,No
28/11/2019,Mizuna Generic Variety 25/10/2019 Ra.1 > L1 > Bed 111 6 bed m,Mizuna,2.6,Kilograms,Farmers Market,קטיף יום ה,Baby Leaf,No
28/11/2019,New Zealand Spinach Generic Variety 01/08/2019 Ra.2 > C2 > Bed 222 12 bed m,New Zealand Spinach,10.0,Cases,Farmers Market,קטיף יום ה,,No
28/11/2019,Onions: Scallions Generic Variety 12/06/2019 Ra.1 > L1 > Bed 118 2 bed m,Onions: Scallions,8.0,Bunches,Farmers Market,קטיף יום ה,Full-Size,No
28/11/2019,Pac Choi (Bok Choy) Generic Variety 28/08/2019 Ra.1 > L6m > Bed 108 3 bed m,Pac Choi (Bok Choy),8.0,Heads,Farmers Market,קטיף יום ה,Full-Size,Yes
28/11/2019,Parsley Generic Variety 17/10/2019 Ra.1 > L6m > Bed 102 + 1 more Block 12 bed m,Parsley,32.0,Bunches,Farmers Market,קטיף יום ה,Full-Size,No
28/11/2019,Parsley Generic Variety 24/02/2019 Ra.1 > L1 > Bed 112 12 bed m,Parsley,13.0,Bunches,Farmers Market,קטיף יום ה,Full-Size,No
28/11/2019,Radishes French Breakfast 16/10/2019 Ra.1 > L1 > Bed 115 2 bed m,Radishes,2.0,Bunches,Farmers Market,קטיף יום ה,Full-Size,Yes
28/11/2019,Radishes French Breakfast 24/10/2019 Ra.1 > L6m > Bed 106 2 bed m,Radishes,5.0,Bunches,Farmers Market,קטיף יום ה,Full-Size,No
28/11/2019,Sage Common 17/07/2018 Ra.1 > L1 > Bed 109 8 bed m,Sage,10.0,Bunches,Farmers Market,קטיף יום ה,,No
29/11/2019,Chard Fordhook Giant 10/10/2019 Ra.3 > R1 > Bed 316 12 bed m,Chard,8.0,Bunches,,Unknown outlet,Full-Size,No
29/11/2019,Chives Generic Variety 22/05/2019 Ra.1 > L6m > Bed 106 4 bed m,Chives,0.0,Bunches,Farmers Market,הדוכן יום ב,Full-Size,No
29/11/2019,Chives Generic Variety 22/05/2019 Ra.1 > L6m > Bed 106 4 bed m,Chives,0.0,Bunches,,Unknown outlet,Full-Size,No
29/11/2019,Chives Generic Variety 22/05/2019 Ra.1 > L6m > Bed 106 4 bed m,Chives,0.0,Bunches,Farmers Market,קטיף יום ה,Full-Size,No
29/11/2019,Chives Generic Variety 22/05/2019 Ra.1 > L6m > Bed 106 4 bed m,Chives,7.0,Bunches,,Unknown outlet,Full-Size,Yes
29/11/2019,Eggplant Meatball 15/04/2019 Ra.1 > L1 > Bed 119 12 bed m,Eggplant,2.0,Kilograms,,Unknown outlet,,No
29/11/2019,Kale Lacinato (Dinosaur) 26/08/2019 Ra.2 > C2 > Bed 228 12 bed m,Kale,4.0,Bunches,,Unknown outlet,Full-Size,No
29/11/2019,Lettuce מסולסלת מעורב 17/10/2019 Ra.2 > C1 > Bed 213 12 bed m,Lettuce,13.0,Heads,,Unknown outlet,Full-Size,No
29/11/2019,New Zealand Spinach Generic Variety 01/08/2019 Ra.2 > C2 > Bed 222 12 bed m,New Zealand Spinach,2.0,Cases,,Unknown outlet,,No
29/11/2019,Parsley Generic Variety 24/02/2019 Ra.1 > L1 > Bed 112 12 bed m,Parsley,12.0,Bunches,,Unknown outlet,Full-Size,No
29/11/2019,Sage Common 17/07/2018 Ra.1 > L1 > Bed 109 8 bed m,Sage,6.0,Bunches,,Unknown outlet,,No
02/12/2019,Arugula Arugula 13/10/2019 HH > B > Bed 11 8 bed m,Arugula,4.0,Cases,Farmers Market,הדוכן יום ב,Baby Leaf,No
02/12/2019,Arugula Arugula 28/08/2019 Ra.2 > C1 > Bed 209 6 bed m,Arugula,1.3,Kilograms,Farmers Market,הדוכן יום ב,Baby Leaf,Yes
02/12/2019,Arugula Wild Rocket 13/10/2019 HH > B > Bed 11 4 bed m,Arugula,4.0,Cases,Farmers Market,הדוכן יום ב,Baby Leaf,No
02/12/2019,Beets MIX עלי ביבי 25/10/2019 Ra.1 > L1 > Bed 110 10 bed m,Beets,2.0,Kilograms,Farmers Market,הדוכן יום ב,Baby Leaf Greens,No
02/12/2019,Chard Fordhook Giant 10/10/2019 Ra.3 > R1 > Bed 316 12 bed m,Chard,4.0,Bunches,Farmers Market,הדוכן יום ב,Full-Size,No
02/12/2019,Chives Generic Variety 22/05/2019 Ra.1 > L6m > Bed 106 4 bed m,Chives,3.0,Bunches,Farmers Market,הדוכן יום ב,Full-Size,No
02/12/2019,Chives Generic Variety 22/05/2019 Ra.1 > L6m > Bed 106 4 bed m,Chives,0.0,Bunches,Farmers Market,הדוכן יום ב,Full-Size,Yes
02/12/2019,Chives Generic Variety 22/05/2019 Ra.1 > L6m > Bed 106 4 bed m,Chives,0.0,Bunches,,Unknown outlet,Full-Size,Yes
02/12/2019,Chives Generic Variety 22/05/2019 Ra.1 > L6m > Bed 106 4 bed m,Chives,0.0,Bunches,Farmers Market,קטיף יום ה,Full-Size,Yes
02/12/2019,Cress Garden Broadleaf 28/10/2019 Ra.2 > C1 > Bed 214 6 bed m,Cress,4.0,Cases,Farmers Market,הדוכן יום ב,Full-Size,No
02/12/2019,Dill Generic Variety 26/08/2019 Ra.1 > L1 > Bed 115 4 bed m,Dill,4.0,Bunches,Farmers Market,הדוכן יום ב,Leaf,No
02/12/2019,Gourds Generic Variety 24/02/2019 Ra.3 > R1 > Bed 312 12 bed m,Gourds,0.5,Kilograms,Farmers Market,הדוכן יום ב,,No
02/12/2019,Kale Lacinato (Dinosaur) 26/08/2019 Ra.2 > C2 > Bed 228 12 bed m,Kale,3.0,Bunches,Farmers Market,הדוכן יום ב,Full-Size,No
02/12/2019,Kale Red Russian 25/10/2019 Ra.1 > L1 > Bed 111 6 bed m,Kale,0.0,Kilograms,Farmers Market,הדוכן יום ב,Baby Leaf,No
02/12/2019,Kale גומן 26/08/2019 Ra.1 > L2 > Bed 131 12 bed m,Kale,4.0,Bunches,Farmers Market,הדוכן יום ב,Full-Size,No
02/12/2019,Lettuce מסולסלת מעורב 17/10/2019 Ra.2 > C1 > Bed 213 12 bed m,Lettuce,7.0,Heads,Farmers Market,הדוכן יום ב,Full-Size,No
02/12/2019,Lettuce ערבית - רם שחר 07/10/2019 Ra.2 > C1 > Bed 211 12 bed m,Lettuce,6.0,Heads,Farmers Market,הדוכן יום ב,Full-Size,No
02/12/2019,Lettuce: Salad Mix Mesclun Mix 02/10/2019 HH > C > Bed 15 12 bed m,Lettuce: Salad Mix,2.7,Kilograms,Farmers Market,הדוכן יום ב,Full-Size,No
02/12/2019,Mizuna Generic Variety 25/10/2019 Ra.1 > L1 > Bed 111 6 bed m,Mizuna,1.8,Kilograms,Farmers Market,הדוכן יום ב,Baby Leaf,No
02/12/2019,New Zealand Spinach Generic Variety 01/08/2019 Ra.2 > C2 > Bed 222 12 bed m,New Zealand Spinach,3.0,Kilograms,Farmers Market,הדוכן יום ב,,No
02/12/2019,Parsley Generic Variety 24/02/2019 Ra.1 > L1 > Bed 112 12 bed m,Parsley,14.0,Bunches,Farmers Market,הדוכן יום ב,Full-Size,Yes
02/12/2019,Radishes Daikon Long 16/10/2019 Ra.1 > L6m > Bed 103 3 bed m,Radishes,8.0,Bunches,Farmers Market,הדוכן יום ב,Full-Size,No
02/12/2019,Radishes French Breakfast 24/10/2019 Ra.1 > L6m > Bed 106 2 bed m,Radishes,5.0,Bunches,Farmers Market,הדוכן יום ב,Full-Size,Yes
02/12/2019,Spinach Generic Variety 16/09/2019 Ra.1 > L2 > Bed 126 12 bed m,Spinach,3.0,Bunches,Farmers Market,הדוכן יום ב,Full-Size,No
02/12/2019,Winter Squash Atlas 01/08/2019 Ra.3 > R6m > Beds 301-303 18 bed m,Winter Squash,0.0,Kilograms,Farmers Market,הדוכן יום ב,,Yes
02/12/2019,Winter Squash Atlas 01/08/2019 Ra.3 > R6m > Beds 301-303 18 bed m,Winter Squash,0.0,Kilograms,,Unknown outlet,,Yes
02/12/2019,Winter Squash Atlas 01/08/2019 Ra.3 > R6m > Beds 301-303 18 bed m,Winter Squash,0.0,Kilograms,Farmers Market,קטיף יום ה,,Yes
05/12/2019,Arugula Arugula 13/10/2019 HH > B > Bed 11 8 bed m,Arugula,0.0,Kilograms,Farmers Market,הדוכן יום ב,Baby Leaf,No
05/12/2019,Arugula Arugula 13/10/2019 HH > B > Bed 11 8 bed m,Arugula,0.0,Kilograms,,Unknown outlet,Baby Leaf,No
05/12/2019,Arugula Arugula 13/10/2019 HH > B > Bed 11 8 bed m,Arugula,0.8,Kilograms,Farmers Market,קטיף יום ה,Baby Leaf,No
05/12/2019,Arugula Wild Rocket 13/10/2019 HH > B > Bed 11 4 bed m,Arugula,0.0,Kilograms,Farmers Market,הדוכן יום ב,Baby Leaf,No
05/12/2019,Arugula Wild Rocket 13/10/2019 HH > B > Bed 11 4 bed m,Arugula,0.0,Kilograms,,Unknown outlet,Baby Leaf,No
05/12/2019,Arugula Wild Rocket 13/10/2019 HH > B > Bed 11 4 bed m,Arugula,0.4,Kilograms,Farmers Market,קטיף יום ה,Baby Leaf,No
05/12/2019,Beets MIX עלי ביבי 25/10/2019 Ra.1 > L1 > Bed 110 10 bed m,Beets,0.0,Kilograms,Farmers Market,הדוכן יום ב,Baby Leaf Greens,No
05/12/2019,Beets MIX עלי ביבי 25/10/2019 Ra.1 > L1 > Bed 110 10 bed m,Beets,0.0,Kilograms,,Unknown outlet,Baby Leaf Greens,No
05/12/2019,Beets MIX עלי ביבי 25/10/2019 Ra.1 > L1 > Bed 110 10 bed m,Beets,1.5,Kilograms,Farmers Market,קטיף יום ה,Baby Leaf Greens,No
05/12/2019,Cabbage ירוק 04/09/2019 Ra.3 > R1 > Bed 309 12 bed m,Cabbage,7.0,Kilograms,Farmers Market,קטיף יום ה,Full-Size,No
05/12/2019,Chard Fordhook Giant 10/10/2019 Ra.3 > R1 > Bed 316 12 bed m,Chard,0.0,Bunches,Farmers Market,הדוכן יום ב,Full-Size,No
05/12/2019,Chard Fordhook Giant 10/10/2019 Ra.3 > R1 > Bed 316 12 bed m,Chard,0.0,Bunches,,Unknown outlet,Full-Size,No
05/12/2019,Chard Fordhook Giant 10/10/2019 Ra.3 > R1 > Bed 316 12 bed m,Chard,14.0,Bunches,Farmers Market,קטיף יום ה,Full-Size,No
05/12/2019,Cilantro Santirini - נטע 26/08/2019 Ra.1 > L1 > Bed 114 12 bed m,Cilantro,0.0,Bunches,Farmers Market,הדוכן יום ב,Leaf,No
05/12/2019,Cilantro Santirini - נטע 26/08/2019 Ra.1 > L1 > Bed 114 12 bed m,Cilantro,0.0,Bunches,,Unknown outlet,Leaf,No
05/12/2019,Cilantro Santirini - נטע 26/08/2019 Ra.1 > L1 > Bed 114 12 bed m,Cilantro,16.0,Bunches,Farmers Market,קטיף יום ה,Leaf,No
05/12/2019,Dill Generic Variety 26/08/2019 Ra.1 > L1 > Bed 115 4 bed m,Dill,0.0,Bunches,Farmers Market,הדוכן יום ב,Leaf,Yes
05/12/2019,Dill Generic Variety 26/08/2019 Ra.1 > L1 > Bed 115 4 bed m,Dill,0.0,Bunches,,Unknown outlet,Leaf,Yes
05/12/2019,Dill Generic Variety 26/08/2019 Ra.1 > L1 > Bed 115 4 bed m,Dill,10.0,Bunches,Farmers Market,קטיף יום ה,Leaf,Yes
05/12/2019,Kale Lacinato (Dinosaur) 26/08/2019 Ra.2 > C2 > Bed 228 12 bed m,Kale,0.0,Bunches,Farmers Market,הדוכן יום ב,Full-Size,No
05/12/2019,Kale Lacinato (Dinosaur) 26/08/2019 Ra.2 > C2 > Bed 228 12 bed m,Kale,0.0,Bunches,,Unknown outlet,Full-Size,No
05/12/2019,Kale Lacinato (Dinosaur) 26/08/2019 Ra.2 > C2 > Bed 228 12 bed m,Kale,10.0,Bunches,Farmers Market,קטיף יום ה,Full-Size,No
05/12/2019,Kale Red Russian 25/10/2019 Ra.1 > L1 > Bed 111 6 bed m,Kale,0.0,Kilograms,Farmers Market,הדוכן יום ב,Baby Leaf,No
05/12/2019,Kale Red Russian 25/10/2019 Ra.1 > L1 > Bed 111 6 bed m,Kale,0.0,Kilograms,,Unknown outlet,Baby Leaf,No
05/12/2019,Kale Red Russian 25/10/2019 Ra.1 > L1 > Bed 111 6 bed m,Kale,0.6,Kilograms,Farmers Market,קטיף יום ה,Baby Leaf,No
05/12/2019,Kale גומן 26/08/2019 Ra.1 > L2 > Bed 131 12 bed m,Kale,0.0,Bunches,Farmers Market,הדוכן יום ב,Full-Size,No
05/12/2019,Kale גומן 26/08/2019 Ra.1 > L2 > Bed 131 12 bed m,Kale,0.0,Bunches,,Unknown outlet,Full-Size,No
05/12/2019,Kale גומן 26/08/2019 Ra.1 > L2 > Bed 131 12 bed m,Kale,15.0,Bunches,Farmers Market,קטיף יום ה,Full-Size,No
05/12/2019,Lettuce מסולסלת מעורב 17/10/2019 Ra.2 > C1 > Bed 213 12 bed m,Lettuce,0.0,Heads,Farmers Market,הדוכן יום ב,Full-Size,No
05/12/2019,Lettuce מסולסלת מעורב 17/10/2019 Ra.2 > C1 > Bed 213 12 bed m,Lettuce,0.0,Heads,,Unknown outlet,Full-Size,No
05/12/2019,Lettuce מסולסלת מעורב 17/10/2019 Ra.2 > C1 > Bed 213 12 bed m,Lettuce,15.0,Heads,Farmers Market,קטיף יום ה,Full-Size,No
05/12/2019,Lettuce ערבית - רם שחר 07/10/2019 Ra.2 > C1 > Bed 211 12 bed m,Lettuce,0.0,Heads,Farmers Market,הדוכן יום ב,Full-Size,No
05/12/2019,Lettuce ערבית - רם שחר 07/10/2019 Ra.2 > C1 > Bed 211 12 bed m,Lettuce,0.0,Heads,,Unknown outlet,Full-Size,No
05/12/2019,Lettuce ערבית - רם שחר 07/10/2019 Ra.2 > C1 > Bed 211 12 bed m,Lettuce,18.0,Heads,Farmers Market,קטיף יום ה,Full-Size,No
05/12/2019,Lettuce: Salad Mix Mesclun Mix 02/10/2019 HH > C > Bed 15 12 bed m,Lettuce: Salad Mix,0.0,Kilograms,Farmers Market,הדוכן יום ב,Full-Size,No
05/12/2019,Lettuce: Salad Mix Mesclun Mix 02/10/2019 HH > C > Bed 15 12 bed m,Lettuce: Salad Mix,0.0,Kilograms,,Unknown outlet,Full-Size,No
05/12/2019,Lettuce: Salad Mix Mesclun Mix 02/10/2019 HH > C > Bed 15 12 bed m,Lettuce: Salad Mix,1.3,Kilograms,Farmers Market,קטיף יום ה,Full-Size,No
05/12/2019,Lettuce: Salad Mix Mesclun Mix 28/10/2019 HH > C > Bed 17 12 bed m,Lettuce: Salad Mix,0.0,Kilograms,Farmers Market,הדוכן יום ב,Full-Size,No
05/12/2019,Lettuce: Salad Mix Mesclun Mix 28/10/2019 HH > C > Bed 17 12 bed m,Lettuce: Salad Mix,0.0,Kilograms,,Unknown outlet,Full-Size,No
05/12/2019,Lettuce: Salad Mix Mesclun Mix 28/10/2019 HH > C > Bed 17 12 bed m,Lettuce: Salad Mix,2.7,Kilograms,Farmers Market,קטיף יום ה,Full-Size,No
05/12/2019,Lettuce: Salad Mix Salanova® Foundation Collection 05/10/2019 HH > C > Bed 13 12 bed m,Lettuce: Salad Mix,0.0,Kilograms,Farmers Market,הדוכן יום ב,Full-Size,No
05/12/2019,Lettuce: Salad Mix Salanova® Foundation Collection 05/10/2019 HH > C > Bed 13 12 bed m,Lettuce: Salad Mix,0.0,Kilograms,,Unknown outlet,Full-Size,No
05/12/2019,Lettuce: Salad Mix Salanova® Foundation Collection 05/10/2019 HH > C > Bed 13 12 bed m,Lettuce: Salad Mix,1.0,Kilograms,Farmers Market,קטיף יום ה,Full-Size,No
05/12/2019,Mizuna Generic Variety 25/10/2019 Ra.1 > L1 > Bed 111 6 bed m,Mizuna,0.0,Kilograms,Farmers Market,הדוכן יום ב,Baby Leaf,No
05/12/2019,Mizuna Generic Variety 25/10/2019 Ra.1 > L1 > Bed 111 6 bed m,Mizuna,0.0,Kilograms,,Unknown outlet,Baby Leaf,No
05/12/2019,Mizuna Generic Variety 25/10/2019 Ra.1 > L1 > Bed 111 6 bed m,Mizuna,2.7,Kilograms,Farmers Market,קטיף יום ה,Baby Leaf,No
05/12/2019,New Zealand Spinach Generic Variety 01/08/2019 Ra.2 > C2 > Bed 222 12 bed m,New Zealand Spinach,0.0,Kilograms,Farmers Market,הדוכן יום ב,,No
05/12/2019,New Zealand Spinach Generic Variety 01/08/2019 Ra.2 > C2 > Bed 222 12 bed m,New Zealand Spinach,0.0,Kilograms,,Unknown outlet,,No
05/12/2019,New Zealand Spinach Generic Variety 01/08/2019 Ra.2 > C2 > Bed 222 12 bed m,New Zealand Spinach,4.0,Cases,Farmers Market,קטיף יום ה,,No
05/12/2019,Pac Choi (Bok Choy) Generic Variety 23/09/2019 Ra.2 > C6m > Bed 207 6 bed m,Pac Choi (Bok Choy),2.0,Heads,Farmers Market,קטיף יום ה,Full-Size,No
05/12/2019,Parsley Generic Variety 05/06/2019 Ra.1 > L1 > Bed 115 6 bed m,Parsley,0.0,Bunches,Farmers Market,הדוכן יום ב,Full-Size,Yes
05/12/2019,Parsley Generic Variety 05/06/2019 Ra.1 > L1 > Bed 115 6 bed m,Parsley,0.0,Bunches,,Unknown outlet,Full-Size,Yes
05/12/2019,Parsley Generic Variety 05/06/2019 Ra.1 > L1 > Bed 115 6 bed m,Parsley,32.0,Bunches,Farmers Market,קטיף יום ה,Full-Size,Yes
05/12/2019,Radishes Daikon Long 16/10/2019 Ra.1 > L6m > Bed 103 3 bed m,Radishes,0.0,Bunches,Farmers Market,הדוכן יום ב,Full-Size,No
05/12/2019,Radishes Daikon Long 16/10/2019 Ra.1 > L6m > Bed 103 3 bed m,Radishes,0.0,Bunches,,Unknown outlet,Full-Size,No
05/12/2019,Radishes Daikon Long 16/10/2019 Ra.1 > L6m > Bed 103 3 bed m,Radishes,3.0,Bunches,Farmers Market,קטיף יום ה,Full-Size,No
05/12/2019,Sunflower Generic Variety 20/11/2019  0 ,Sunflower,0.6,Kilograms,Farmers Market,קטיף יום ה,Microgreen,Yes
06/12/2019,Arugula Arugula 13/10/2019 HH > B > Bed 11 8 bed m,Arugula,6.0,Cases,,Unknown outlet,Baby Leaf,No
06/12/2019,Arugula Wild Rocket 13/10/2019 HH > B > Bed 11 4 bed m,Arugula,6.0,Cases,,Unknown outlet,Baby Leaf,No
06/12/2019,Cress Garden Broadleaf 28/10/2019 Ra.2 > C1 > Bed 214 6 bed m,Cress,6.0,Cases,,Unknown outlet,Full-Size,No
06/12/2019,Lettuce מסולסלת מעורב 17/10/2019 Ra.2 > C1 > Bed 213 12 bed m,Lettuce,11.0,Heads,,Unknown outlet,Full-Size,No
06/12/2019,Lettuce ערבית - רם שחר 07/10/2019 Ra.2 > C1 > Bed 211 12 bed m,Lettuce,9.0,Heads,,Unknown outlet,Full-Size,No
09/12/2019,Arugula Arugula 13/10/2019 HH > B > Bed 11 8 bed m,Arugula,1.0,Kilograms,Farmers Market,הדוכן יום ב,Baby Leaf,No
09/12/2019,Arugula Wild Rocket 13/10/2019 HH > B > Bed 11 4 bed m,Arugula,0.3,Kilograms,Farmers Market,הדוכן יום ב,Baby Leaf,No
09/12/2019,Beets MIX עלי ביבי 25/10/2019 Ra.1 > L1 > Bed 110 10 bed m,Beets,0.8,Kilograms,Farmers Market,הדוכן יום ב,Baby Leaf Greens,No
09/12/2019,Beets MIX עלי ביבי 28/08/2019 Ra.2 > C6m > Bed 208 6 bed m,Beets,1.0,Kilograms,Farmers Market,הדוכן יום ב,Baby Leaf Greens,No
09/12/2019,Carrots Nantes Half Long 16/09/2019 Ra.2 > C2 > Bed 224 12 bed m,Carrots,3.0,Kilograms,Farmers Market,הדוכן יום ב,Full-Size,No
09/12/2019,Chives Generic Variety 25/07/2019 Ra.2 > C6m > Bed 206 6 bed m,Chives,4.0,Bunches,Farmers Market,הדוכן יום ב,Full-Size,No
09/12/2019,Cilantro Generic Variety 17/10/2019 Ra.1 > L2 > Beds 122-123 13 bed m,Cilantro,12.0,Bunches,Farmers Market,הדוכן יום ב,Leaf,No
09/12/2019,Dill Generic Variety 23/09/2019 Ra.1 > L2 > Bed 123 5 bed m,Dill,4.0,Bunches,Farmers Market,הדוכן יום ב,Leaf,No
09/12/2019,Kale Red Russian 25/10/2019 Ra.1 > L1 > Bed 111 6 bed m,Kale,0.6,Kilograms,Farmers Market,הדוכן יום ב,Baby Leaf,No
09/12/2019,Lettuce מסולסלת מעורב 17/10/2019 Ra.2 > C1 > Bed 213 12 bed m,Lettuce,4.0,Heads,Farmers Market,הדוכן יום ב,Full-Size,No
09/12/2019,Lettuce ערבית - רם שחר 07/10/2019 Ra.2 > C1 > Bed 211 12 bed m,Lettuce,14.0,Heads,Farmers Market,הדוכן יום ב,Full-Size,No
09/12/2019,Lettuce: Salad Mix Mesclun Mix 02/10/2019 HH > C > Bed 15 12 bed m,Lettuce: Salad Mix,2.5,Kilograms,Farmers Market,הדוכן יום ב,Full-Size,No
09/12/2019,Mizuna Generic Variety 25/10/2019 Ra.1 > L1 > Bed 111 6 bed m,Mizuna,2.4,Kilograms,Farmers Market,הדוכן יום ב,Baby Leaf,No
09/12/2019,Parsley Generic Variety 02/10/2019 Ra.1 > L6m > Bed 101 6 bed m,Parsley,15.0,Bunches,Farmers Market,הדוכן יום ב,Full-Size,No
09/12/2019,Radishes Daikon Long 16/10/2019 Ra.1 > L6m > Bed 103 3 bed m,Radishes,6.0,Each,Farmers Market,הדוכן יום ב,Full-Size,No
11/12/2019,Eggplant Meatball 15/04/2019 Ra.1 > L1 > Bed 119 12 bed m,Eggplant,3.0,Kilograms,,Unknown outlet,,No
11/12/2019,Kohlrabi קרף - נטע 26/08/2019 Ra.2 > C2 > Bed 217 12 bed m,Kohlrabi,2.0,Kilograms,,Unknown outlet,Full-Size,No
11/12/2019,"Lettuce: Salad Mix מיקס שלנו, דמוי בן שחר 16/10/2019 Ra.1 > L6m > Bed 104 6 bed m",Lettuce: Salad Mix,5.0,Cases,,Unknown outlet,Full-Size,No
12/12/2019,Anise Hyssop אזוב מצוי 17/07/2018 HH > A > Bed 4 4 bed m,Anise Hyssop,0.0,Bunches,Farmers Market,הדוכן יום ב,Full-Size,No
12/12/2019,Arugula Arugula 13/10/2019 HH > B > Bed 11 8 bed m,Arugula,1.8,Kilograms,Farmers Market,הדוכן יום ב,Baby Leaf,No
12/12/2019,Arugula Wild Rocket 13/10/2019 HH > B > Bed 11 4 bed m,Arugula,0.7,Kilograms,Farmers Market,הדוכן יום ב,Baby Leaf,No
12/12/2019,Beets MIX עלי ביבי 28/08/2019 Ra.2 > C6m > Bed 208 6 bed m,Beets,3.6,Kilograms,Farmers Market,הדוכן יום ב,Baby Leaf Greens,No
12/12/2019,Cabbage ירוק 04/09/2019 Ra.3 > R1 > Bed 309 12 bed m,Cabbage,9.3,Kilograms,Farmers Market,הדוכן יום ב,Full-Size,No
12/12/2019,Chard Fordhook Giant 10/10/2019 Ra.3 > R1 > Bed 316 12 bed m,Chard,13.0,Bunches,Farmers Market,הדוכן יום ב,Full-Size,No
12/12/2019,Chives Generic Variety 25/07/2019 Ra.2 > C6m > Bed 206 6 bed m,Chives,7.0,Bunches,Farmers Market,הדוכן יום ב,Full-Size,No
12/12/2019,Cilantro Generic Variety 17/10/2019 Ra.1 > L2 > Beds 122-123 13 bed m,Cilantro,10.0,Bunches,Farmers Market,הדוכן יום ב,Leaf,No
12/12/2019,Cilantro Santirini - נטע 26/08/2019 Ra.1 > L1 > Bed 114 12 bed m,Cilantro,15.0,Bunches,Farmers Market,קטיף יום ה,Leaf,No
12/12/2019,Dill Generic Variety 23/09/2019 Ra.1 > L2 > Bed 123 5 bed m,Dill,15.0,Bunches,Farmers Market,הדוכן יום ב,Leaf,No
12/12/2019,Fennel Generic Variety 01/08/2019 Ra.1 > L2 > Bed 125 8 bed m,Fennel,3.5,Kilograms,Farmers Market,קטיף יום ה,Full-Size,No
12/12/2019,Fennel Generic Variety 26/08/2019 Ra.2 > C2 > Bed 227 12 bed m,Fennel,2.0,Kilograms,Farmers Market,הדוכן יום ב,Full-Size,No
12/12/2019,Kale Lacinato (Dinosaur) 26/08/2019 Ra.2 > C2 > Bed 228 12 bed m,Kale,8.0,Bunches,Farmers Market,הדוכן יום ב,Full-Size,No
12/12/2019,Kale Red Russian 25/10/2019 Ra.1 > L1 > Bed 111 6 bed m,Kale,1.5,Kilograms,Farmers Market,הדוכן יום ב,Baby Leaf,No
12/12/2019,Kale גומן 26/08/2019 Ra.1 > L2 > Bed 131 12 bed m,Kale,7.0,Bunches,Farmers Market,הדוכן יום ב,Full-Size,No
12/12/2019,Kohlrabi קרף - נטע 26/08/2019 Ra.2 > C2 > Bed 217 12 bed m,Kohlrabi,3.7,Kilograms,Farmers Market,הדוכן יום ב,Full-Size,No
12/12/2019,Lettuce מסולסלת מעורב 17/10/2019 Ra.2 > C1 > Bed 213 12 bed m,Lettuce,30.0,Heads,Farmers Market,הדוכן יום ב,Full-Size,Yes
12/12/2019,Lettuce ערבית - רם שחר 07/10/2019 Ra.2 > C1 > Bed 211 12 bed m,Lettuce,16.0,Heads,Farmers Market,הדוכן יום ב,Full-Size,No
12/12/2019,Lettuce: Salad Mix Mesclun Mix 02/10/2019 HH > C > Bed 15 12 bed m,Lettuce: Salad Mix,2.8,Kilograms,Farmers Market,קטיף יום ה,Full-Size,No
12/12/2019,Lettuce: Salad Mix Mesclun Mix 13/10/2019 HH > B > Bed 12 12 bed m,Lettuce: Salad Mix,2.0,Kilograms,Farmers Market,הדוכן יום ב,Full-Size,No
12/12/2019,Lettuce: Salad Mix Mesclun Mix 28/10/2019 HH > C > Bed 17 12 bed m,Lettuce: Salad Mix,1.9,Kilograms,Farmers Market,קטיף יום ה,Full-Size,No
12/12/2019,"Lettuce: Salad Mix מיקס שלנו, דמוי בן שחר 16/10/2019 Ra.1 > L6m > Bed 104 6 bed m",Lettuce: Salad Mix,0.5,Kilograms,Farmers Market,הדוכן יום ב,Full-Size,No
12/12/2019,Mizuna Generic Variety 25/10/2019 Ra.1 > L1 > Bed 111 6 bed m,Mizuna,1.5,Kilograms,Farmers Market,הדוכן יום ב,Baby Leaf,No
12/12/2019,New Zealand Spinach Generic Variety 01/08/2019 Ra.2 > C2 > Bed 222 12 bed m,New Zealand Spinach,4.0,Kilograms,Farmers Market,הדוכן יום ב,,No
12/12/2019,Onions: Scallions Generic Variety 12/06/2019 Ra.1 > L1 > Bed 118 2 bed m,Onions: Scallions,0.0,Bunches,Farmers Market,הדוכן יום ב,Full-Size,No
12/12/2019,Pac Choi (Bok Choy) Generic Variety 23/09/2019 Ra.2 > C6m > Bed 207 6 bed m,Pac Choi (Bok Choy),8.0,Heads,Farmers Market,הדוכן יום ב,Full-Size,No
12/12/2019,Parsley Generic Variety 02/10/2019 Ra.1 > L6m > Bed 101 6 bed m,Parsley,25.0,Bunches,Farmers Market,הדוכן יום ב,Full-Size,No
12/12/2019,Parsley Generic Variety 17/10/2019 Ra.1 > L6m > Bed 102 + 1 more Block 12 bed m,Parsley,0.0,Bunches,Farmers Market,הדוכן יום ב,Full-Size,No
12/12/2019,Radishes Daikon Long 16/10/2019 Ra.1 > L6m > Bed 103 3 bed m,Radishes,8.0,Each,Farmers Market,הדוכן יום ב,Full-Size,No
12/12/2019,Sage Common 17/07/2018 Ra.1 > L1 > Bed 109 8 bed m,Sage,0.0,Bunches,Farmers Market,הדוכן יום ב,,No
12/12/2019,Spinach Generic Variety 16/09/2019 Ra.1 > L2 > Bed 126 12 bed m,Spinach,7.0,Cases,Farmers Market,הדוכן יום ב,Full-Size,No
12/12/2019,Sunflower Generic Variety 26/11/2019  0 ,Sunflower,0.8,Kilograms,Farmers Market,הדוכן יום ב,Microgreen,Yes
12/12/2019,Sunflower Generic Variety 27/11/2019  0 ,Sunflower,0.5,Kilograms,Farmers Market,הדוכן יום ב,Microgreen,Yes
13/12/2019,Chard Fordhook Giant 10/10/2019 Ra.3 > R1 > Bed 316 12 bed m,Chard,17.0,Bunches,,Unknown outlet,Full-Size,No
13/12/2019,Cilantro Generic Variety 17/10/2019 Ra.1 > L2 > Beds 122-123 13 bed m,Cilantro,7.0,Bunches,,Unknown outlet,Leaf,No
13/12/2019,Fennel Generic Variety 26/08/2019 Ra.2 > C2 > Bed 227 12 bed m,Fennel,3.0,Kilograms,,Unknown outlet,Full-Size,No
13/12/2019,Lettuce ערבית - רם שחר 07/10/2019 Ra.2 > C1 > Bed 211 12 bed m,Lettuce,18.0,Heads,,Unknown outlet,Full-Size,No
13/12/2019,Lettuce ערבית - רם שחר 31/10/2019 Ra.2 > C1 > Bed 210 12 bed m,Lettuce,5.0,Heads,,Unknown outlet,Full-Size,No
16/12/2019,Beets MIX עלי ביבי 25/10/2019 Ra.1 > L1 > Bed 110 10 bed m,Beets,0.5,Kilograms,Farmers Market,הדוכן יום ב,Baby Leaf Greens,No
16/12/2019,Chard Fordhook Giant 10/10/2019 Ra.3 > R1 > Bed 316 12 bed m,Chard,6.0,Bunches,Farmers Market,הדוכן יום ב,Full-Size,No
16/12/2019,Cilantro Generic Variety 17/10/2019 Ra.1 > L2 > Beds 122-123 13 bed m,Cilantro,10.0,Bunches,Farmers Market,הדוכן יום ב,Leaf,No
16/12/2019,Cress Garden Broadleaf 28/10/2019 Ra.2 > C1 > Bed 214 6 bed m,Cress,10.0,Cases,Farmers Market,הדוכן יום ב,Full-Size,No
16/12/2019,Fennel Generic Variety 01/08/2019 Ra.1 > L2 > Bed 125 8 bed m,Fennel,1.8,Kilograms,Farmers Market,הדוכן יום ב,Full-Size,No
16/12/2019,Kale Lacinato (Dinosaur) 26/08/2019 Ra.2 > C2 > Bed 228 12 bed m,Kale,4.0,Bunches,Farmers Market,הדוכן יום ב,Full-Size,No
16/12/2019,Kale Red Russian 25/10/2019 Ra.1 > L1 > Bed 111 6 bed m,Kale,0.5,Kilograms,Farmers Market,הדוכן יום ב,Baby Leaf,No
16/12/2019,Kale גומן 26/08/2019 Ra.1 > L2 > Bed 131 12 bed m,Kale,6.0,Bunches,Farmers Market,הדוכן יום ב,Full-Size,No
16/12/2019,Kohlrabi קרף - נטע 26/08/2019 Ra.2 > C2 > Bed 217 12 bed m,Kohlrabi,8.5,Kilograms,Farmers Market,הדוכן יום ב,Full-Size,Yes
16/12/2019,Lettuce ערבית - רם שחר 07/10/2019 Ra.2 > C1 > Bed 211 12 bed m,Lettuce,8.0,Heads,Farmers Market,הדוכן יום ב,Full-Size,No
16/12/2019,Lettuce ערבית - רם שחר 31/10/2019 Ra.2 > C1 > Bed 210 12 bed m,Lettuce,8.0,Heads,Farmers Market,הדוכן יום ב,Full-Size,No
16/12/2019,Mizuna Generic Variety 25/10/2019 Ra.1 > L1 > Bed 111 6 bed m,Mizuna,0.5,Kilograms,Farmers Market,הדוכן יום ב,Baby Leaf,No
16/12/2019,New Zealand Spinach Generic Variety 01/08/2019 Ra.2 > C2 > Bed 222 12 bed m,New Zealand Spinach,4.0,Cases,Farmers Market,הדוכן יום ב,,No
16/12/2019,New Zealand Spinach Generic Variety 19/02/2019 Ra.2 > C2 > Bed 220 12 bed m,New Zealand Spinach,0.0,Cases,Farmers Market,הדוכן יום ב,,No
16/12/2019,Pac Choi (Bok Choy) Generic Variety 23/09/2019 Ra.2 > C6m > Bed 207 6 bed m,Pac Choi (Bok Choy),4.0,Heads,Farmers Market,הדוכן יום ב,Full-Size,No
16/12/2019,Parsley Generic Variety 02/10/2019 Ra.1 > L6m > Bed 101 6 bed m,Parsley,10.0,Bunches,Farmers Market,הדוכן יום ב,Full-Size,No
16/12/2019,Radishes Nero Tondo 16/10/2019 Ra.1 > L6m > Bed 103 3 bed m,Radishes,4.0,Bunches,Farmers Market,הדוכן יום ב,Full-Size,No
16/12/2019,Spinach Generic Variety 16/09/2019 Ra.1 > L2 > Bed 126 12 bed m,Spinach,4.0,Bunches,Farmers Market,הדוכן יום ב,Full-Size,No
18/12/2019,Anise Hyssop אזוב מצוי 17/07/2018 HH > A > Bed 4 4 bed m,Anise Hyssop,8.0,Bunches,,Unknown outlet,Full-Size,No
18/12/2019,Beets MIX עלי ביבי 25/10/2019 Ra.1 > L1 > Bed 110 10 bed m,Beets,1.3,Kilograms,,Unknown outlet,Baby Leaf Greens,No
18/12/2019,Cabbage ירוק 04/09/2019 Ra.3 > R1 > Bed 309 12 bed m,Cabbage,4.5,Kilograms,,Unknown outlet,Full-Size,No
18/12/2019,Cilantro Santirini - נטע 26/08/2019 Ra.1 > L1 > Bed 114 12 bed m,Cilantro,5.0,Bunches,,Unknown outlet,Leaf,Yes
18/12/2019,Lettuce ערבית - רם שחר 07/10/2019 Ra.2 > C1 > Bed 211 12 bed m,Lettuce,0.0,Heads,,Unknown outlet,Full-Size,No
18/12/2019,Lettuce ערבית - רם שחר 17/10/2019 Ra.1 > L1 > Bed 118 6 bed m,Lettuce,5.0,Heads,,Unknown outlet,Full-Size,No
18/12/2019,"Lettuce: Salad Mix מיקס שלנו, דמוי בן שחר 16/10/2019 Ra.1 > L6m > Bed 104 6 bed m",Lettuce: Salad Mix,1.5,Kilograms,,Unknown outlet,Full-Size,No
18/12/2019,New Zealand Spinach Generic Variety 01/08/2019 Ra.2 > C2 > Bed 222 12 bed m,New Zealand Spinach,6.0,Cases,,Unknown outlet,,No
18/12/2019,Radishes Daikon Long 16/10/2019 Ra.1 > L6m > Bed 103 3 bed m,Radishes,6.0,Each,,Unknown outlet,Full-Size,No
18/12/2019,Sage Common 17/07/2018 Ra.1 > L1 > Bed 109 8 bed m,Sage,8.0,Bunches,,Unknown outlet,,No
19/12/2019,Anise Hyssop אזוב מצוי 17/07/2018 HH > A > Bed 4 4 bed m,Anise Hyssop,10.0,Bunches,Farmers Market,קטיף יום ה,Full-Size,No
19/12/2019,Arugula Arugula 13/10/2019 HH > B > Bed 11 8 bed m,Arugula,2.5,Kilograms,Farmers Market,קטיף יום ה,Baby Leaf,No
19/12/2019,Arugula Arugula 30/10/2019 HH > C > Bed 14 6 bed m,Arugula,1.0,Kilograms,Farmers Market,קטיף יום ה,Baby Leaf,No
19/12/2019,Arugula Wild Rocket 13/10/2019 HH > B > Bed 11 4 bed m,Arugula,0.5,Kilograms,Farmers Market,קטיף יום ה,Baby Leaf,No
19/12/2019,Beets MIX עלי ביבי 25/10/2019 Ra.1 > L1 > Bed 110 10 bed m,Beets,2.0,Kilograms,Farmers Market,קטיף יום ה,Baby Leaf Greens,No
19/12/2019,Cabbage ירוק 04/09/2019 Ra.3 > R1 > Bed 309 12 bed m,Cabbage,7.0,Kilograms,Farmers Market,קטיף יום ה,Full-Size,No
19/12/2019,Celery Generic Variety 04/09/2019 Ra.3 > R1 > Bed 310 8 bed m,Celery,8.0,Bunches,Farmers Market,קטיף יום ה,Full-Size,No
19/12/2019,Chard Fordhook Giant 10/10/2019 Ra.3 > R1 > Bed 316 12 bed m,Chard,12.0,Bunches,Farmers Market,קטיף יום ה,Full-Size,No
19/12/2019,Chives Generic Variety 25/07/2019 Ra.2 > C6m > Bed 206 6 bed m,Chives,6.0,Bunches,Farmers Market,קטיף יום ה,Full-Size,No
19/12/2019,Cilantro Generic Variety 17/10/2019 Ra.1 > L2 > Beds 122-123 13 bed m,Cilantro,25.0,Bunches,Farmers Market,קטיף יום ה,Leaf,No
19/12/2019,Cress Garden Broadleaf 28/10/2019 Ra.2 > C1 > Bed 214 6 bed m,Cress,10.0,Cases,Farmers Market,קטיף יום ה,Full-Size,No
19/12/2019,Dill Generic Variety 23/09/2019 Ra.1 > L2 > Bed 123 5 bed m,Dill,8.0,Bunches,Farmers Market,קטיף יום ה,Leaf,No
19/12/2019,Fennel Generic Variety 01/08/2019 Ra.1 > L2 > Bed 125 8 bed m,Fennel,4.0,Kilograms,Farmers Market,קטיף יום ה,Full-Size,No
19/12/2019,Fennel Generic Variety 26/08/2019 Ra.2 > C2 > Bed 227 12 bed m,Fennel,4.0,Kilograms,Farmers Market,קטיף יום ה,Full-Size,No
19/12/2019,Kale Lacinato (Dinosaur) 26/08/2019 Ra.2 > C2 > Bed 228 12 bed m,Kale,6.0,Bunches,Farmers Market,קטיף יום ה,Full-Size,No
19/12/2019,Kale Red Russian 25/10/2019 Ra.1 > L1 > Bed 111 6 bed m,Kale,0.5,Kilograms,Farmers Market,קטיף יום ה,Baby Leaf,No
19/12/2019,Kale גומן 26/08/2019 Ra.1 > L2 > Bed 131 12 bed m,Kale,8.0,Bunches,Farmers Market,קטיף יום ה,Full-Size,No
19/12/2019,Lettuce מסולסלת מעורב 31/10/2019 Ra.1 > L1 > Bed 120 12 bed m,Lettuce,10.0,Heads,Farmers Market,קטיף יום ה,Full-Size,No
19/12/2019,Lettuce ערבית - רם שחר 07/10/2019 Ra.2 > C1 > Bed 211 12 bed m,Lettuce,,,Farmers Market,הדוכן יום ב,Full-Size,Yes
19/12/2019,Lettuce ערבית - רם שחר 07/10/2019 Ra.2 > C1 > Bed 211 12 bed m,Lettuce,,,,Unknown outlet,Full-Size,Yes
19/12/2019,Lettuce ערבית - רם שחר 07/10/2019 Ra.2 > C1 > Bed 211 12 bed m,Lettuce,,,Farmers Market,קטיף יום ה,Full-Size,Yes
19/12/2019,Lettuce ערבית - רם שחר 07/10/2019 Ra.2 > C1 > Bed 211 12 bed m,Lettuce,10.0,Heads,Farmers Market,קטיף יום ה,Full-Size,No
19/12/2019,Lettuce ערבית - רם שחר 17/10/2019 Ra.1 > L1 > Bed 118 6 bed m,Lettuce,10.0,Heads,Farmers Market,קטיף יום ה,Full-Size,No
19/12/2019,Lettuce: Salad Mix Mesclun Mix 02/10/2019 HH > C > Bed 15 12 bed m,Lettuce: Salad Mix,0.0,Kilograms,Farmers Market,קטיף יום ה,Full-Size,No
19/12/2019,Lettuce: Salad Mix Mesclun Mix 13/10/2019 HH > B > Bed 12 12 bed m,Lettuce: Salad Mix,10.0,Kilograms,Farmers Market,קטיף יום ה,Full-Size,No
19/12/2019,Lettuce: Salad Mix Salanova® Foundation Collection 05/10/2019 HH > C > Bed 13 12 bed m,Lettuce: Salad Mix,0.0,Kilograms,Farmers Market,קטיף יום ה,Full-Size,No
19/12/2019,Mizuna Generic Variety 25/10/2019 Ra.1 > L1 > Bed 111 6 bed m,Mizuna,2.0,Kilograms,Farmers Market,קטיף יום ה,Baby Leaf,No
19/12/2019,New Zealand Spinach Generic Variety 01/08/2019 Ra.2 > C2 > Bed 222 12 bed m,New Zealand Spinach,12.0,Cases,Farmers Market,קטיף יום ה,,No
19/12/2019,New Zealand Spinach Generic Variety 19/02/2019 Ra.2 > C2 > Bed 220 12 bed m,New Zealand Spinach,0.0,Kilograms,Farmers Market,קטיף יום ה,,No
19/12/2019,Onions: Scallions Generic Variety 12/06/2019 Ra.1 > L1 > Bed 118 2 bed m,Onions: Scallions,8.0,Bunches,Farmers Market,קטיף יום ה,Full-Size,No
19/12/2019,Pac Choi (Bok Choy) Generic Variety 23/09/2019 Ra.2 > C6m > Bed 207 6 bed m,Pac Choi (Bok Choy),6.0,Heads,Farmers Market,קטיף יום ה,Full-Size,No
19/12/2019,Parsley Generic Variety 02/10/2019 Ra.1 > L6m > Bed 101 6 bed m,Parsley,0.0,Bunches,Farmers Market,קטיף יום ה,Full-Size,No
19/12/2019,Parsley Generic Variety 17/10/2019 Ra.1 > L6m > Bed 102 + 1 more Block 12 bed m,Parsley,35.0,Bunches,Farmers Market,קטיף יום ה,Full-Size,No
19/12/2019,Radishes Daikon Long 16/10/2019 Ra.1 > L6m > Bed 103 3 bed m,Radishes,4.0,Bunches,Farmers Market,קטיף יום ה,Full-Size,No
19/12/2019,Radishes Nero Tondo 16/10/2019 Ra.1 > L6m > Bed 103 3 bed m,Radishes,3.0,Bunches,Farmers Market,קטיף יום ה,Full-Size,No
19/12/2019,Sage Common 17/07/2018 Ra.1 > L1 > Bed 109 8 bed m,Sage,10.0,Bunches,Farmers Market,קטיף יום ה,,No
19/12/2019,Spinach Generic Variety 16/09/2019 Ra.1 > L2 > Bed 126 12 bed m,Spinach,8.0,Cases,Farmers Market,קטיף יום ה,Full-Size,No
19/12/2019,Sunflower Generic Variety 04/12/2019  0 ,Sunflower,0.5,Kilograms,Farmers Market,קטיף יום ה,Microgreen,Yes
23/12/2019,Arugula Arugula 13/10/2019 HH > B > Bed 11 8 bed m,Arugula,0.0,Kilograms,Farmers Market,הדוכן יום ב,Baby Leaf,No
23/12/2019,Beets MIX עלי ביבי 25/10/2019 Ra.1 > L1 > Bed 110 10 bed m,Beets,0.0,Kilograms,Farmers Market,הדוכן יום ב,Baby Leaf Greens,No
23/12/2019,Cabbage ירוק 04/09/2019 Ra.3 > R1 > Bed 309 12 bed m,Cabbage,0.0,Kilograms,Farmers Market,הדוכן יום ב,Full-Size,No
23/12/2019,Chard Fordhook Giant 10/10/2019 Ra.3 > R1 > Bed 316 12 bed m,Chard,14.0,Bunches,Farmers Market,הדוכן יום ב,Full-Size,No
23/12/2019,Cilantro Generic Variety 17/10/2019 Ra.1 > L2 > Beds 122-123 13 bed m,Cilantro,10.0,Bunches,Farmers Market,הדוכן יום ב,Leaf,No
23/12/2019,Cress Garden Broadleaf 28/10/2019 Ra.2 > C1 > Bed 214 6 bed m,Cress,1.0,Kilograms,Farmers Market,הדוכן יום ב,Full-Size,Yes
23/12/2019,Kale Lacinato (Dinosaur) 26/08/2019 Ra.2 > C2 > Bed 228 12 bed m,Kale,3.0,Bunches,Farmers Market,הדוכן יום ב,Full-Size,No
23/12/2019,Kale גומן 26/08/2019 Ra.1 > L2 > Bed 131 12 bed m,Kale,4.0,Bunches,Farmers Market,הדוכן יום ב,Full-Size,No
23/12/2019,Lettuce ערבית - רם שחר 31/10/2019 Ra.2 > C1 > Bed 210 12 bed m,Lettuce,13.0,Heads,Farmers Market,הדוכן יום ב,Full-Size,Yes
23/12/2019,Lettuce: Salad Mix Mesclun Mix 13/10/2019 HH > B > Bed 12 12 bed m,Lettuce: Salad Mix,3.5,Kilograms,Farmers Market,הדוכן יום ב,Full-Size,No
23/12/2019,New Zealand Spinach Generic Variety 01/08/2019 Ra.2 > C2 > Bed 222 12 bed m,New Zealand Spinach,8.0,Cases,Farmers Market,הדוכן יום ב,,No
23/12/2019,Parsley Generic Variety 02/10/2019 Ra.1 > L6m > Bed 101 6 bed m,Parsley,20.0,Bunches,Farmers Market,הדוכן יום ב,Full-Size,No
23/12/2019,Peas Desiree Dwarf Blauwschokkers 25/11/2019  100 plants,Peas,,,Farmers Market,הדוכן יום ב,Plant sale,Yes
23/12/2019,Peas Desiree Dwarf Blauwschokkers 25/11/2019  100 plants,Peas,,,,Unknown outlet,Plant sale,Yes
23/12/2019,Peas Desiree Dwarf Blauwschokkers 25/11/2019  100 plants,Peas,,,Farmers Market,קטיף יום ה,Plant sale,Yes
23/12/2019,Radishes נטע אדומה 13/11/2019 Ra.2 > C6m > Bed 204 6 bed m,Radishes,5.0,Bunches,Farmers Market,הדוכן יום ב,Full-Size,No
23/12/2019,Spinach Generic Variety 16/09/2019 Ra.1 > L2 > Bed 126 12 bed m,Spinach,5.0,Bunches,Farmers Market,הדוכן יום ב,Full-Size,No
26/12/2019,Arugula Arugula 13/10/2019 HH > B > Bed 11 8 bed m,Arugula,0.0,Kilograms,Farmers Market,הדוכן יום ב,Baby Leaf,No
26/12/2019,Beets MIX עלי ביבי 25/10/2019 Ra.1 > L1 > Bed 110 10 bed m,Beets,0.9,Kilograms,Farmers Market,הדוכן יום ב,Baby Leaf Greens,No
26/12/2019,Cabbage ירוק 04/09/2019 Ra.3 > R1 > Bed 309 12 bed m,Cabbage,0.0,Kilograms,Farmers Market,הדוכן יום ב,Full-Size,No
26/12/2019,Chard Fordhook Giant 10/10/2019 Ra.3 > R1 > Bed 316 12 bed m,Chard,5.0,Bunches,Farmers Market,הדוכן יום ב,Full-Size,No
26/12/2019,Cilantro Generic Variety 17/10/2019 Ra.1 > L2 > Beds 122-123 13 bed m,Cilantro,20.0,Bunches,Farmers Market,הדוכן יום ב,Leaf,No
26/12/2019,Fennel Generic Variety 01/08/2019 Ra.1 > L2 > Bed 125 8 bed m,Fennel,2.0,Kilograms,Farmers Market,הדוכן יום ב,Full-Size,No
26/12/2019,Fennel Generic Variety 26/08/2019 Ra.2 > C2 > Bed 227 12 bed m,Fennel,2.0,Kilograms,Farmers Market,הדוכן יום ב,Full-Size,No
26/12/2019,Kale Lacinato (Dinosaur) 26/08/2019 Ra.2 > C2 > Bed 228 12 bed m,Kale,4.0,Bunches,Farmers Market,הדוכן יום ב,Full-Size,No
26/12/2019,Kale Red Russian 25/10/2019 Ra.1 > L1 > Bed 111 6 bed m,Kale,0.3,Kilograms,Farmers Market,הדוכן יום ב,Baby Leaf,No
26/12/2019,Kale גומן 26/08/2019 Ra.1 > L2 > Bed 131 12 bed m,Kale,2.0,Bunches,Farmers Market,הדוכן יום ב,Full-Size,No
26/12/2019,Kohlrabi קרף - נטע 23/09/2019 Ra.3 > R1 > Bed 305 12 bed m,Kohlrabi,2.2,Kilograms,Farmers Market,הדוכן יום ב,Full-Size,No
26/12/2019,Lettuce מסולסלת מעורב 31/10/2019 Ra.1 > L1 > Bed 120 12 bed m,Lettuce,10.0,Heads,Farmers Market,הדוכן יום ב,Full-Size,No
26/12/2019,Lettuce ערבית - רם שחר 31/10/2019 Ra.2 > C1 > Bed 210 12 bed m,Lettuce,20.0,Heads,Farmers Market,הדוכן יום ב,Full-Size,No
26/12/2019,Lettuce: Salad Mix Mesclun Mix 02/10/2019 HH > C > Bed 15 12 bed m,Lettuce: Salad Mix,2.0,Kilograms,Farmers Market,הדוכן יום ב,Full-Size,No
26/12/2019,Lettuce: Salad Mix Mesclun Mix 06/11/2019 HH > B > Beds 8-9 24 bed m,Lettuce: Salad Mix,1.5,Kilograms,Farmers Market,הדוכן יום ב,Full-Size,No
26/12/2019,Mizuna Generic Variety 25/10/2019 Ra.1 > L1 > Bed 111 6 bed m,Mizuna,1.0,Kilograms,Farmers Market,הדוכן יום ב,Baby Leaf,No
26/12/2019,New Zealand Spinach Generic Variety 01/08/2019 Ra.2 > C2 > Bed 222 12 bed m,New Zealand Spinach,8.0,Cases,Farmers Market,הדוכן יום ב,,No
26/12/2019,Pac Choi (Bok Choy) Generic Variety 23/09/2019 Ra.2 > C6m > Bed 207 6 bed m,Pac Choi (Bok Choy),3.0,Heads,Farmers Market,הדוכן יום ב,Full-Size,No
26/12/2019,Parsley Generic Variety 02/10/2019 Ra.1 > L6m > Bed 101 6 bed m,Parsley,11.0,Bunches,Farmers Market,הדוכן יום ב,Full-Size,No
26/12/2019,Radishes Daikon Long 16/10/2019 Ra.1 > L6m > Bed 103 3 bed m,Radishes,2.0,Each,Farmers Market,הדוכן יום ב,Full-Size,No
26/12/2019,Radishes Nero Tondo 16/10/2019 Ra.1 > L6m > Bed 103 3 bed m,Radishes,2.0,Each,Farmers Market,הדוכן יום ב,Full-Size,No
26/12/2019,Radishes נטע אדומה 13/11/2019 Ra.2 > C6m > Bed 204 6 bed m,Radishes,0.0,Bunches,Farmers Market,הדוכן יום ב,Full-Size,No
26/12/2019,Spinach Generic Variety 16/09/2019 Ra.1 > L2 > Bed 126 12 bed m,Spinach,8.0,Bunches,Farmers Market,הדוכן יום ב,Full-Size,No
29/12/2019,"Lettuce: Salad Mix מיקס שלנו, דמוי בן שחר 16/10/2019 Ra.1 > L6m > Bed 104 6 bed m",Lettuce: Salad Mix,,,Farmers Market,הדוכן יום ב,Full-Size,Yes
29/12/2019,"Lettuce: Salad Mix מיקס שלנו, דמוי בן שחר 16/10/2019 Ra.1 > L6m > Bed 104 6 bed m",Lettuce: Salad Mix,,,,Unknown outlet,Full-Size,Yes
29/12/2019,"Lettuce: Salad Mix מיקס שלנו, דמוי בן שחר 16/10/2019 Ra.1 > L6m > Bed 104 6 bed m",Lettuce: Salad Mix,,,Farmers Market,קטיף יום ה,Full-Size,Yes
30/12/2019,Beets MIX עלי ביבי 25/10/2019 Ra.1 > L1 > Bed 110 10 bed m,Beets,1.0,Kilograms,Farmers Market,הדוכן יום ב,Baby Leaf Greens,No
30/12/2019,Carrots Nantes Half Long 16/09/2019 Ra.2 > C2 > Bed 224 12 bed m,Carrots,10.0,Bunches,Farmers Market,הדוכן יום ב,Full-Size,No
30/12/2019,Chard Fordhook Giant 10/10/2019 Ra.3 > R1 > Bed 316 12 bed m,Chard,6.0,Bunches,Farmers Market,הדוכן יום ב,Full-Size,No
30/12/2019,Chives Generic Variety 25/07/2019 Ra.2 > C6m > Bed 206 6 bed m,Chives,8.0,Bunches,Farmers Market,הדוכן יום ב,Full-Size,No
30/12/2019,Cilantro Generic Variety 17/10/2019 Ra.1 > L2 > Beds 122-123 13 bed m,Cilantro,25.0,Bunches,Farmers Market,הדוכן יום ב,Leaf,No
30/12/2019,Dill Generic Variety 23/09/2019 Ra.1 > L2 > Bed 123 5 bed m,Dill,7.0,Bunches,Farmers Market,הדוכן יום ב,Leaf,No
30/12/2019,Fennel Generic Variety 01/08/2019 Ra.1 > L2 > Bed 125 8 bed m,Fennel,1.0,Kilograms,Farmers Market,הדוכן יום ב,Full-Size,No
30/12/2019,Fennel Generic Variety 26/08/2019 Ra.2 > C2 > Bed 227 12 bed m,Fennel,3.5,Kilograms,Farmers Market,הדוכן יום ב,Full-Size,No
30/12/2019,Kale Lacinato (Dinosaur) 26/08/2019 Ra.2 > C2 > Bed 228 12 bed m,Kale,8.0,Bunches,Farmers Market,הדוכן יום ב,Full-Size,No
30/12/2019,Kale Red Russian 25/10/2019 Ra.1 > L1 > Bed 111 6 bed m,Kale,0.5,Kilograms,Farmers Market,הדוכן יום ב,Baby Leaf,No
30/12/2019,Kale גומן 26/08/2019 Ra.1 > L2 > Bed 131 12 bed m,Kale,8.0,Bunches,Farmers Market,הדוכן יום ב,Full-Size,No
30/12/2019,Lettuce Generic Variety 18/12/2018 Ra.1 > L2 > Bed 123 12 bed m,Lettuce,10.0,Heads,Farmers Market,הדוכן יום ב,Full-Size,No
30/12/2019,Lettuce מסולסלת מעורב 31/10/2019 Ra.1 > L1 > Bed 120 12 bed m,Lettuce,8.0,Heads,Farmers Market,הדוכן יום ב,Full-Size,No
30/12/2019,Lettuce: Salad Mix Mesclun Mix 06/11/2019 HH > B > Beds 8-9 24 bed m,Lettuce: Salad Mix,4.5,Kilograms,Farmers Market,הדוכן יום ב,Full-Size,No
30/12/2019,Lettuce: Salad Mix Mesclun Mix 13/10/2019 HH > B > Bed 12 12 bed m,Lettuce: Salad Mix,1.8,Kilograms,Farmers Market,הדוכן יום ב,Full-Size,No
30/12/2019,Lettuce: Salad Mix Salanova® Foundation Collection 17/10/2019 HH > B > Bed 10 12 bed m,Lettuce: Salad Mix,10.0,Heads,Farmers Market,הדוכן יום ב,Full-Size,No
30/12/2019,Mizuna Generic Variety 25/10/2019 Ra.1 > L1 > Bed 111 6 bed m,Mizuna,0.9,Kilograms,Farmers Market,הדוכן יום ב,Baby Leaf,No
30/12/2019,Pac Choi (Bok Choy) Generic Variety 23/09/2019 Ra.2 > C6m > Bed 207 6 bed m,Pac Choi (Bok Choy),15.0,Heads,Farmers Market,הדוכן יום ב,Full-Size,Yes
30/12/2019,Parsley Generic Variety 17/10/2019 Ra.1 > L6m > Bed 102 + 1 more Block 12 bed m,Parsley,20.0,Bunches,Farmers Market,הדוכן יום ב,Full-Size,No
30/12/2019,Parsley Green Perle - מסולסלת 08/10/2019 Ra.1 > L2 > Bed 129 12 bed m,Parsley,25.0,Bunches,Farmers Market,הדוכן יום ב,Full-Size,No
30/12/2019,Radishes Daikon Long 16/10/2019 Ra.1 > L6m > Bed 103 3 bed m,Radishes,5.0,Bunches,Farmers Market,הדוכן יום ב,Full-Size,No
30/12/2019,Radishes French Breakfast 04/12/2019 Ra.1 > L6m > Bed 107 6 bed m,Radishes,10.0,Bunches,Farmers Market,הדוכן יום ב,Full-Size,Yes
30/12/2019,Radishes Nero Tondo 16/10/2019 Ra.1 > L6m > Bed 103 3 bed m,Radishes,5.0,Bunches,Farmers Market,הדוכן יום ב,Full-Size,No
30/12/2019,Sage Common 17/07/2018 Ra.1 > L1 > Bed 109 8 bed m,Sage,4.0,Bunches,Farmers Market,הדוכן יום ב,,No
30/12/2019,Spinach Generic Variety 14/11/2019 Ra.1 > L2 > Bed 128 12 bed m,Spinach,4.0,Bunches,Farmers Market,הדוכן יום ב,Full-Size,No
30/12/2019,Spinach Generic Variety 16/09/2019 Ra.1 > L2 > Bed 126 12 bed m,Spinach,4.0,Bunches,Farmers Market,הדוכן יום ב,Full-Size,No
31/12/2019,Lettuce ערבית - רם שחר 12/09/2019 Ra.2 > C2 > Bed 221 12 bed m,Lettuce,20.0,Heads,,Unknown outlet,Full-Size,No
31/12/2019,Lettuce ערבית - רם שחר 12/09/2019 Ra.2 > C2 > Bed 221 12 bed m,Lettuce,,,Wholesale,B2B,Full-Size,Yes
31/12/2019,Lettuce ערבית - רם שחר 12/09/2019 Ra.2 > C2 > Bed 221 12 bed m,Lettuce,,,Farmers Market,הדוכן יום ב,Full-Size,Yes
31/12/2019,Lettuce ערבית - רם שחר 12/09/2019 Ra.2 > C2 > Bed 221 12 bed m,Lettuce,,,,Unknown outlet,Full-Size,Yes
31/12/2019,Lettuce ערבית - רם שחר 12/09/2019 Ra.2 > C2 > Bed 221 12 bed m,Lettuce,,,Farmers Market,קטיף יום ה,Full-Size,Yes
