Date,Planting Name,Crop,Amount,Unit,Outlet Type,Outlet Name,Harvest Stage,Final Harvest
04/01/2021,Anise Hyssop אזוב מצוי 17/07/2018 HH > A > Bed 4 4 bed m,Anise Hyssop,4.0,Bunches,Farmers Market,הדוכן יום ב,Full-Size,No
04/01/2021,Arugula Arugula 24/09/2020 Ra.3 > R2 > Bed 328 12 bed m,Arugula,1.2,Kilograms,Farmers Market,הדוכן יום ב,Baby Leaf,No
04/01/2021,Broccoli Partenon 01/10/2020 Ra.4 > Lo18 > Bed 403 18 bed m,Broccoli,6.3,Kilograms,Farmers Market,הדוכן יום ב,Head,No
04/01/2021,Cabbage סגול חישתיל 10/09/2020 Ra.4 > Lo18 > Bed 406 16 bed m,Cabbage,6.3,Kilograms,Farmers Market,הדוכן יום ב,Full-Size,No
04/01/2021,Chard Fordhook Giant 22/10/2020 Ra.1 > L2 > Bed 130 12 bed m,Chard,7.0,Bunches,Farmers Market,הדוכן יום ב,Full-Size,No
04/01/2021,Fennel Orion 30/09/2020 Ra.3 > R1 > Bed 308 12 bed m,Fennel,5.1,Kilograms,Farmers Market,הדוכן יום ב,Full-Size,No
04/01/2021,Garlic שני - מהגינה 22/10/2020 Ra.4 > Lo24 > Beds 401-402 36 bed m,Garlic,25.0,Bunches,Farmers Market,הדוכן יום ב,Bulb,No
04/01/2021,Leeks Alto 08/06/2020 Zvika > zB > Bed 519 12 bed m,Leeks,6.0,Bunches,Farmers Market,הדוכן יום ב,,No
04/01/2021,Lettuce IceBerg - לימור 12/11/2020 Ra.3 > R3 > Bed 333 12 bed m,Lettuce,12.0,Heads,Farmers Market,הדוכן יום ב,Full-Size,No
04/01/2021,Lettuce מסולסלת מעורב 02/11/2020 Ra.3 > R2 > Bed 322 12 bed m,Lettuce,12.0,Heads,Farmers Market,הדוכן יום ב,Full-Size,No
04/01/2021,Onions: Scallions Summer Time 30/09/2020 Ra.3 > R3 > Bed 331 480 plants,Onions: Scallions,20.0,Bunches,Farmers Market,הדוכן יום ב,Full-Size,No
04/01/2021,Peas Taccola gigante 01/10/2020 Zvika > zB > Beds 524-525 18 bed m,Peas,1.1,Kilograms,Farmers Market,הדוכן יום ב,Full-Size,No
04/01/2021,Peas ורדה 16/09/2020 Ra.3 > R1 > Bed 306 12 bed m,Peas,0.4,Kilograms,Farmers Market,הדוכן יום ב,Full-Size,No
04/01/2021,Radishes French Breakfast 09/12/2020 Ra.2 > C1 > Bed 213 6 bed m,Radishes,12.0,Bunches,Farmers Market,הדוכן יום ב,Full-Size,No
04/01/2021,Radishes sakora - נבטים 17/12/2020  0 ,Radishes,9.0,Cases,Farmers Market,הדוכן יום ב,Microgreen,No
04/01/2021,Turnips Generic Variety 07/10/2020 Ra.2 > C6m > Bed 205 6 bed m,Turnips,5.0,Bunches,Farmers Market,הדוכן יום ב,Full-Size,No
06/01/2021,Anise Hyssop אזוב מצוי 17/07/2018 HH > A > Bed 4 4 bed m,Anise Hyssop,3.0,Bunches,Wholesale,B2B,Full-Size,No
06/01/2021,Arugula Arugula 29/10/2020 Ra.3 > R1 > Bed 316 12 bed m,Arugula,3.4,Kilograms,Wholesale,B2B,Baby Leaf,No
06/01/2021,Carrots Nantes Half Long 24/09/2020 Ra.1 > L1 > Beds 111-112 24 bed m,Carrots,15.0,Bunches,Wholesale,B2B,Full-Size,No
06/01/2021,Leeks Alto 08/06/2020 Zvika > zB > Bed 519 12 bed m,Leeks,11.0,Bunches,Wholesale,B2B,,No
06/01/2021,Lettuce: Salad Mix Mesclun Mix 02/11/2020 Ra.3 > R2 > Bed 320 12 bed m,Lettuce: Salad Mix,3.1,Kilograms,Wholesale,B2B,Full-Size,No
06/01/2021,Lettuce: Salad Mix נטע מיקס - Luna Nera+Cavalo 02/11/2020 Ra.3 > R1 > Bed 315 12 bed m,Lettuce: Salad Mix,1.8,Kilograms,Wholesale,B2B,Full-Size,No
06/01/2021,Radishes French Breakfast 09/12/2020 Ra.2 > C1 > Bed 213 6 bed m,Radishes,2.0,Bunches,Wholesale,B2B,Full-Size,No
06/01/2021,Radishes ice candle 02/12/2020 Ra.1 > L6m > Bed 102 3 bed m,Radishes,8.0,Bunches,Wholesale,B2B,Full-Size,No
06/01/2021,Sage Common 17/07/2018 Ra.1 > L1 > Bed 109 8 bed m,Sage,3.0,Bunches,Wholesale,B2B,,No
06/01/2021,Tarragon שיבה 17/07/2018 Ra.1 > L1 > Bed 109 2 bed m,Tarragon,4.0,Bunches,Wholesale,B2B,Full-Size,No
06/01/2021,Turnips Generic Variety 07/10/2020 Ra.2 > C6m > Bed 205 6 bed m,Turnips,6.0,Bunches,Wholesale,B2B,Full-Size,No
07/01/2021,Arugula Arugula 24/09/2020 Ra.3 > R2 > Bed 328 12 bed m,Arugula,2.7,Kilograms,Farmers Market,קטיף יום ה,Baby Leaf,No
07/01/2021,Beets Forono - מוערך נטע 24/09/2020 Ra.1 > L2 > Bed 132 12 bed m,Beets,2.0,Bunches,Farmers Market,קטיף יום ה,Full-Size Root,No
07/01/2021,Beets MIX עלי ביבי 07/10/2020 Ra.2 > C6m > Bed 201 6 bed m,Beets,1.3,Kilograms,Farmers Market,קטיף יום ה,Baby Leaf Greens,No
07/01/2021,Broccoli Marathon 10/09/2020 Zvika > zB > Bed 514 12 bed m,Broccoli,0.9,Kilograms,Farmers Market,קטיף יום ה,Head,No
07/01/2021,Broccoli Partenon 01/10/2020 Ra.4 > Lo18 > Bed 403 18 bed m,Broccoli,0.9,Kilograms,Farmers Market,קטיף יום ה,Head,No
07/01/2021,Chard Bright Lights 10/09/2020 Ra.1 > L2 > Bed 129 12 bed m,Chard,2.0,Bunches,Farmers Market,קטיף יום ה,Full-Size,No
07/01/2021,Chard Fordhook Giant 22/10/2020 Ra.1 > L2 > Bed 130 12 bed m,Chard,2.0,Bunches,Farmers Market,קטיף יום ה,Full-Size,No
07/01/2021,Fennel Orion 24/09/2020 Ra.2 > C1 > Bed 209 12 bed m,Fennel,5.3,Kilograms,Farmers Market,קטיף יום ה,Full-Size,No
07/01/2021,Fennel Orion 30/09/2020 Ra.3 > R1 > Bed 308 12 bed m,Fennel,2.6,Kilograms,Farmers Market,קטיף יום ה,Full-Size,No
07/01/2021,Kale גומן 14/09/2020 Zvika > zB > Bed 518 12 bed m,Kale,2.0,Bunches,Farmers Market,קטיף יום ה,Full-Size,No
07/01/2021,Lettuce מסולסלת מעורב 02/11/2020 Ra.3 > R2 > Bed 322 12 bed m,Lettuce,10.0,Heads,Farmers Market,קטיף יום ה,Full-Size,No
07/01/2021,Lettuce מסולסלת מעורב 02/11/2020 Ra.3 > R2 > Bed 322 12 bed m,Lettuce,,,Wholesale,B2B,Full-Size,Yes
07/01/2021,Lettuce מסולסלת מעורב 02/11/2020 Ra.3 > R2 > Bed 322 12 bed m,Lettuce,,,Farmers Market,הדוכן יום ב,Full-Size,Yes
07/01/2021,Lettuce מסולסלת מעורב 02/11/2020 Ra.3 > R2 > Bed 322 12 bed m,Lettuce,,,,Unknown outlet,Full-Size,Yes
07/01/2021,Lettuce מסולסלת מעורב 02/11/2020 Ra.3 > R2 > Bed 322 12 bed m,Lettuce,,,Farmers Market,קטיף יום ה,Full-Size,Yes
07/01/2021,Lettuce: Salad Mix Mesclun Mix 02/11/2020 Ra.3 > R2 > Bed 320 12 bed m,Lettuce: Salad Mix,1.8,Kilograms,Farmers Market,קטיף יום ה,Full-Size,Yes
07/01/2021,Lettuce: Salad Mix נטע מיקס - Luna Nera+Cavalo 02/11/2020 Ra.3 > R1 > Bed 315 12 bed m,Lettuce: Salad Mix,2.1,Kilograms,Farmers Market,קטיף יום ה,Full-Size,No
07/01/2021,New Zealand Spinach Tetragonia Specialty 14/09/2020 Ra.1 > L2 > Bed 131 12 bed m,New Zealand Spinach,2.7,Kilograms,Farmers Market,קטיף יום ה,,No
07/01/2021,Onions: Scallions Summer Time 30/09/2020 Ra.3 > R3 > Bed 331 480 plants,Onions: Scallions,10.0,Bunches,Farmers Market,קטיף יום ה,Full-Size,No
07/01/2021,Peas Taccola gigante 01/10/2020 Zvika > zB > Beds 524-525 18 bed m,Peas,0.48,Kilograms,Farmers Market,קטיף יום ה,Full-Size,No
07/01/2021,Peas ורדה 16/09/2020 Ra.3 > R1 > Bed 306 12 bed m,Peas,0.35,Kilograms,Farmers Market,קטיף יום ה,Full-Size,No
07/01/2021,Radishes French Breakfast 09/12/2020 Ra.2 > C1 > Bed 213 6 bed m,Radishes,12.0,Bunches,Farmers Market,קטיף יום ה,Full-Size,No
07/01/2021,Radishes sakora - נבטים 17/12/2020  0 ,Radishes,13.0,Cases,Farmers Market,קטיף יום ה,Microgreen,No
07/01/2021,Sage Common 17/07/2018 Ra.1 > L1 > Bed 109 8 bed m,Sage,3.0,Bunches,Farmers Market,קטיף יום ה,,No
07/01/2021,Spinach Regata ריגאטה 05/10/2020 Ra.2 > C2 > Bed 225 12 bed m,Spinach,4.0,Bunches,Farmers Market,קטיף יום ה,Full-Size,No
07/01/2021,Spinach Regata ריגאטה 29/10/2020 Ra.2 > C2 > Bed 226 12 bed m,Spinach,6.0,Bunches,Farmers Market,קטיף יום ה,Full-Size,No
07/01/2021,Turnips Generic Variety 07/10/2020 Ra.2 > C6m > Bed 205 6 bed m,Turnips,9.0,Bunches,Farmers Market,קטיף יום ה,Full-Size,No
11/01/2021,Arugula Arugula 24/09/2020 Ra.3 > R2 > Bed 328 12 bed m,Arugula,1.2,Kilograms,Farmers Market,הדוכן יום ב,Baby Leaf,No
11/01/2021,Beets Forono - מוערך נטע 24/09/2020 Ra.1 > L2 > Bed 132 12 bed m,Beets,2.0,Bunches,Farmers Market,הדוכן יום ב,Full-Size Root,No
11/01/2021,Broccoli Marathon 10/09/2020 Zvika > zB > Bed 514 12 bed m,Broccoli,0.8,Kilograms,Farmers Market,הדוכן יום ב,Head,No
11/01/2021,Broccoli Partenon 01/10/2020 Ra.4 > Lo18 > Bed 403 18 bed m,Broccoli,5.8,Kilograms,Farmers Market,הדוכן יום ב,Head,No
11/01/2021,Cabbage סגול חישתיל 10/09/2020 Ra.4 > Lo18 > Bed 406 16 bed m,Cabbage,25.0,Kilograms,Farmers Market,הדוכן יום ב,Full-Size,Yes
11/01/2021,Chard Bright Lights 10/09/2020 Ra.1 > L2 > Bed 129 12 bed m,Chard,1.0,Bunches,Farmers Market,הדוכן יום ב,Full-Size,No
11/01/2021,Fennel Orion 30/09/2020 Ra.3 > R1 > Bed 308 12 bed m,Fennel,7.5,Kilograms,Farmers Market,הדוכן יום ב,Full-Size,Yes
11/01/2021,Leeks Alto 08/06/2020 Zvika > zB > Bed 519 12 bed m,Leeks,8.0,Bunches,Farmers Market,הדוכן יום ב,,Yes
11/01/2021,Onions: Scallions Summer Time 30/09/2020 Ra.3 > R3 > Bed 331 480 plants,Onions: Scallions,10.0,Bunches,Farmers Market,הדוכן יום ב,Full-Size,No
11/01/2021,Parsley Green Perle - מסולסלת 04/05/2020 Ra.2 > C2 > Bed 224 6 bed m,Parsley,2.0,Bunches,Farmers Market,הדוכן יום ב,Full-Size,Yes
11/01/2021,Parsley בורג'ו - נטע 04/05/2020 Ra.2 > C2 > Bed 224 6 bed m,Parsley,5.0,Bunches,Farmers Market,הדוכן יום ב,Full-Size,Yes
11/01/2021,Peas Taccola gigante 01/10/2020 Zvika > zB > Beds 524-525 18 bed m,Peas,1.2,Kilograms,Farmers Market,הדוכן יום ב,Full-Size,No
11/01/2021,Peas ורדה 16/09/2020 Ra.3 > R1 > Bed 306 12 bed m,Peas,1.2,Kilograms,Farmers Market,הדוכן יום ב,Full-Size,No
11/01/2021,Radishes French Breakfast 02/12/2020 Ra.1 > L6m > Bed 102 3 bed m,Radishes,5.0,Bunches,Farmers Market,הדוכן יום ב,Full-Size,No
11/01/2021,Radishes ice candle 02/12/2020 Ra.1 > L6m > Bed 102 3 bed m,Radishes,5.0,Bunches,Farmers Market,הדוכן יום ב,Full-Size,No
11/01/2021,Spinach Regata ריגאטה 05/10/2020 Ra.2 > C2 > Bed 225 12 bed m,Spinach,4.0,Bunches,Farmers Market,הדוכן יום ב,Full-Size,No
11/01/2021,Spinach Regata ריגאטה 29/10/2020 Ra.2 > C2 > Bed 226 12 bed m,Spinach,4.0,Bunches,Farmers Market,הדוכן יום ב,Full-Size,No
11/01/2021,Turnips Generic Variety 07/10/2020 Ra.2 > C6m > Bed 205 6 bed m,Turnips,15.0,Bunches,Farmers Market,הדוכן יום ב,Full-Size,Yes
13/01/2021,Anise Hyssop אזוב מצוי 17/07/2018 HH > A > Bed 4 4 bed m,Anise Hyssop,3.0,Bunches,Wholesale,B2B,Full-Size,No
13/01/2021,Arugula Arugula 24/09/2020 Ra.3 > R2 > Bed 328 12 bed m,Arugula,1.2,Kilograms,Wholesale,B2B,Baby Leaf,No
13/01/2021,Leeks Alto 19/08/2020 Zvika > zB > Beds 520-521 20 bed m,Leeks,15.0,Bunches,Wholesale,B2B,,No
13/01/2021,Onions: Scallions Summer Time 30/09/2020 Ra.3 > R3 > Bed 331 480 plants,Onions: Scallions,4.0,Bunches,Wholesale,B2B,Full-Size,No
14/01/2021,Arugula Arugula 24/09/2020 Ra.3 > R2 > Bed 328 12 bed m,Arugula,2.0,Kilograms,Farmers Market,קטיף יום ה,Baby Leaf,No
14/01/2021,Beets Forono - מוערך נטע 24/09/2020 Ra.1 > L2 > Bed 132 12 bed m,Beets,2.0,Bunches,Farmers Market,קטיף יום ה,Full-Size Root,No
14/01/2021,Broccoli Marathon 10/09/2020 Zvika > zB > Bed 514 12 bed m,Broccoli,1.0,Kilograms,Farmers Market,קטיף יום ה,Head,No
14/01/2021,Broccoli Partenon 01/10/2020 Ra.4 > Lo18 > Bed 403 18 bed m,Broccoli,4.0,Kilograms,Farmers Market,קטיף יום ה,Head,No
14/01/2021,Chard Bright Lights 10/09/2020 Ra.1 > L2 > Bed 129 12 bed m,Chard,4.0,Heads,Farmers Market,קטיף יום ה,Full-Size,No
14/01/2021,Cilantro Santirini - נטע 24/09/2020 Ra.3 > R2 > Bed 317 12 bed m,Cilantro,25.0,Bunches,Farmers Market,קטיף יום ה,Leaf,No
14/01/2021,Garlic שני - מהגינה 22/10/2020 Ra.4 > Lo24 > Beds 401-402 36 bed m,Garlic,40.0,Bunches,Farmers Market,קטיף יום ה,Bulb,No
14/01/2021,Kohlrabi Generic Variety 02/11/2020 Ra.2 > C2 > Bed 220 12 bed m,Kohlrabi,0.7,Kilograms,Farmers Market,קטיף יום ה,Full-Size,No
14/01/2021,Leeks Alto 19/08/2020 Zvika > zB > Beds 520-521 20 bed m,Leeks,25.0,Bunches,Farmers Market,קטיף יום ה,,No
14/01/2021,Lettuce hyd. ערבית - נהורה נטע 14/10/2020 Ra.1 > L1 > Bed 117 12 bed m,Lettuce,4.0,Heads,Farmers Market,קטיף יום ה,Full-Size,No
14/01/2021,New Zealand Spinach Tetragonia Specialty 14/09/2020 Ra.1 > L2 > Bed 131 12 bed m,New Zealand Spinach,10.0,Kilograms,Farmers Market,קטיף יום ה,,No
14/01/2021,Onions: Scallions Summer Time 30/09/2020 Ra.3 > R3 > Bed 331 480 plants,Onions: Scallions,20.0,Bunches,Farmers Market,קטיף יום ה,Full-Size,No
14/01/2021,Peas Taccola gigante 01/10/2020 Zvika > zB > Beds 524-525 18 bed m,Peas,1.2,Kilograms,Farmers Market,קטיף יום ה,Full-Size,No
14/01/2021,Peas ורדה 16/09/2020 Ra.3 > R1 > Bed 306 12 bed m,Peas,1.2,Kilograms,Farmers Market,קטיף יום ה,Full-Size,No
16/01/2021,Onions: Scallions אלדורדו 13/09/2020 Ra.3 > R1 > Bed 311 4 bed m,Onions: Scallions,,,Wholesale,B2B,Full-Size,Yes
16/01/2021,Onions: Scallions אלדורדו 13/09/2020 Ra.3 > R1 > Bed 311 4 bed m,Onions: Scallions,,,Farmers Market,הדוכן יום ב,Full-Size,Yes
16/01/2021,Onions: Scallions אלדורדו 13/09/2020 Ra.3 > R1 > Bed 311 4 bed m,Onions: Scallions,,,,Unknown outlet,Full-Size,Yes
16/01/2021,Onions: Scallions אלדורדו 13/09/2020 Ra.3 > R1 > Bed 311 4 bed m,Onions: Scallions,,,Farmers Market,קטיף יום ה,Full-Size,Yes
18/01/2021,Arugula Arugula 29/10/2020 Ra.3 > R1 > Bed 316 12 bed m,Arugula,2.0,Kilograms,Farmers Market,הדוכן יום ב,Baby Leaf,No
18/01/2021,Cilantro Santirini - נטע 05/11/2020 Ra.3 > R2 > Bed 319 12 bed m,Cilantro,6.0,Bunches,Farmers Market,הדוכן יום ב,Leaf,No
18/01/2021,Dill אמליה 14/10/2020 Ra.2 > C6m > Bed 202 6 bed m,Dill,10.0,Bunches,Farmers Market,הדוכן יום ב,Leaf,No
18/01/2021,Fennel Orion 24/09/2020 Ra.2 > C1 > Bed 209 12 bed m,Fennel,5.0,Kilograms,Farmers Market,הדוכן יום ב,Full-Size,No
18/01/2021,Lettuce hyd. ערבית - נהורה נטע 14/10/2020 Ra.1 > L1 > Bed 117 12 bed m,Lettuce,8.0,Heads,Farmers Market,הדוכן יום ב,Full-Size,No
18/01/2021,Lettuce IceBerg - לימור 12/11/2020 Ra.3 > R3 > Bed 333 12 bed m,Lettuce,20.0,Heads,Farmers Market,הדוכן יום ב,Full-Size,No
18/01/2021,Lettuce: Salad Mix נטע מיקס - Luna Nera+Cavalo 02/11/2020 Ra.3 > R1 > Bed 315 12 bed m,Lettuce: Salad Mix,2.4,Kilograms,Farmers Market,הדוכן יום ב,Full-Size,No
18/01/2021,Mint Common Mint 09/04/2020 side > 200 > Bed 3 6 bed m,Mint,5.0,Bunches,Farmers Market,הדוכן יום ב,Full-Size,No
18/01/2021,Onions: Scallions Summer Time 30/09/2020 Ra.3 > R3 > Bed 331 480 plants,Onions: Scallions,10.0,Bunches,Farmers Market,הדוכן יום ב,Full-Size,No
18/01/2021,Parsley בורג'ו - נטע 13/08/2020 Ra.1 > L1 > Bed 119 + 1 more Block 20 bed m,Parsley,12.0,Bunches,Farmers Market,הדוכן יום ב,Full-Size,No
18/01/2021,Parsley בורג'ו - נטע 30/07/2020 Ra.1 > L6m > Bed 103 6 bed m,Parsley,12.0,Bunches,Farmers Market,הדוכן יום ב,Full-Size,No
18/01/2021,Radishes ice candle 02/12/2020 Ra.1 > L6m > Bed 102 3 bed m,Radishes,5.0,Bunches,Farmers Market,הדוכן יום ב,Full-Size,No
18/01/2021,Spinach Regata ריגאטה 05/10/2020 Ra.2 > C2 > Bed 225 12 bed m,Spinach,2.8,Kilograms,Farmers Market,הדוכן יום ב,Full-Size,No
20/01/2021,Anise Hyssop אזוב מצוי 17/07/2018 HH > A > Bed 4 4 bed m,Anise Hyssop,3.0,Bunches,Wholesale,B2B,Full-Size,No
20/01/2021,Parsley בורג'ו - נטע 01/09/2020 Ra.2 > C2 > Bed 219 12 bed m,Parsley,4.0,Bunches,Wholesale,B2B,Full-Size,Yes
20/01/2021,Radishes French Breakfast 09/12/2020 Ra.2 > C1 > Bed 213 6 bed m,Radishes,7.0,Bunches,Wholesale,B2B,Full-Size,No
21/01/2021,Arugula Arugula 24/09/2020 Ra.3 > R2 > Bed 328 12 bed m,Arugula,2.1,Kilograms,Farmers Market,קטיף יום ה,Baby Leaf,No
21/01/2021,Beets MIX עלי ביבי 07/10/2020 Ra.2 > C6m > Bed 201 6 bed m,Beets,1.0,Kilograms,Farmers Market,קטיף יום ה,Baby Leaf Greens,No
21/01/2021,Broccoli Marathon 10/09/2020 Zvika > zB > Bed 514 12 bed m,Broccoli,0.4,Kilograms,Farmers Market,קטיף יום ה,Head,No
21/01/2021,Broccoli Partenon 01/10/2020 Ra.4 > Lo18 > Bed 403 18 bed m,Broccoli,4.7,Kilograms,Farmers Market,קטיף יום ה,Head,No
21/01/2021,Cress Watercress 23/09/2020 Ra.2 > C6m > Bed 207 6 bed m,Cress,1.14,Kilograms,Farmers Market,קטיף יום ה,Full-Size,No
21/01/2021,Dill אמליה 14/10/2020 Ra.2 > C6m > Bed 202 6 bed m,Dill,10.0,Bunches,Farmers Market,קטיף יום ה,Leaf,No
21/01/2021,Kale גומן 14/09/2020 Zvika > zB > Bed 518 12 bed m,Kale,4.0,Bunches,Farmers Market,קטיף יום ה,Full-Size,No
21/01/2021,Leeks Alto 19/08/2020 Zvika > zB > Beds 520-521 20 bed m,Leeks,5.0,Bunches,Farmers Market,קטיף יום ה,,No
21/01/2021,Lettuce IceBerg - לימור 12/11/2020 Ra.3 > R3 > Bed 333 12 bed m,Lettuce,20.0,Heads,Farmers Market,קטיף יום ה,Full-Size,No
21/01/2021,Lettuce: Salad Mix Salanova® Home Garden Mix 07/10/2020 Ra.3 > R3 > Bed 336 12 bed m,Lettuce: Salad Mix,0.8,Kilograms,Farmers Market,קטיף יום ה,Full-Size,No
21/01/2021,Lettuce: Salad Mix נטע מיקס - Luna Nera+Cavalo 02/11/2020 Ra.3 > R1 > Bed 315 12 bed m,Lettuce: Salad Mix,1.1,Kilograms,Farmers Market,קטיף יום ה,Full-Size,No
21/01/2021,New Zealand Spinach Tetragonia Specialty 02/09/2020 HH > C > Bed 13 12 bed m,New Zealand Spinach,6.9,Kilograms,Farmers Market,קטיף יום ה,,No
21/01/2021,Onions: Scallions Summer Time 30/09/2020 Ra.3 > R3 > Bed 331 480 plants,Onions: Scallions,10.0,Bunches,Farmers Market,קטיף יום ה,Full-Size,No
21/01/2021,Peas Taccola gigante 01/10/2020 Zvika > zB > Beds 524-525 18 bed m,Peas,0.5,Kilograms,Farmers Market,קטיף יום ה,Full-Size,No
21/01/2021,Peas ורדה 16/09/2020 Ra.3 > R1 > Bed 306 12 bed m,Peas,0.4,Kilograms,Farmers Market,קטיף יום ה,Full-Size,No
21/01/2021,Radishes French Breakfast 09/12/2020 Ra.2 > C1 > Bed 213 6 bed m,Radishes,10.0,Bunches,Farmers Market,קטיף יום ה,Full-Size,No
21/01/2021,Radishes ice candle 02/12/2020 Ra.1 > L6m > Bed 102 3 bed m,Radishes,25.0,Bunches,Farmers Market,קטיף יום ה,Full-Size,No
21/01/2021,Radishes sakora - נבטים 17/12/2020  0 ,Radishes,7.0,Kilograms,Farmers Market,קטיף יום ה,Microgreen,No
21/01/2021,Spinach Regata ריגאטה 05/10/2020 Ra.2 > C2 > Bed 225 12 bed m,Spinach,4.4,Kilograms,Farmers Market,קטיף יום ה,Full-Size,No
22/01/2021,Kale גומן 14/09/2020 Zvika > zB > Bed 518 12 bed m,Kale,,,Wholesale,B2B,Full-Size,Yes
22/01/2021,Kale גומן 14/09/2020 Zvika > zB > Bed 518 12 bed m,Kale,,,Farmers Market,הדוכן יום ב,Full-Size,Yes
22/01/2021,Kale גומן 14/09/2020 Zvika > zB > Bed 518 12 bed m,Kale,,,,Unknown outlet,Full-Size,Yes
22/01/2021,Kale גומן 14/09/2020 Zvika > zB > Bed 518 12 bed m,Kale,,,Farmers Market,קטיף יום ה,Full-Size,Yes
25/01/2021,Arugula Arugula 29/10/2020 Ra.3 > R1 > Bed 316 12 bed m,Arugula,1.6,Kilograms,Farmers Market,הדוכן יום ב,Baby Leaf,No
25/01/2021,Broccoli Partenon 01/10/2020 Ra.4 > Lo18 > Bed 403 18 bed m,Broccoli,1.9,Kilograms,Farmers Market,הדוכן יום ב,Head,No
25/01/2021,Cress Watercress 23/09/2020 Ra.2 > C6m > Bed 207 6 bed m,Cress,0.5,Kilograms,Farmers Market,הדוכן יום ב,Full-Size,No
25/01/2021,Dill אמליה 14/10/2020 Ra.2 > C6m > Bed 202 6 bed m,Dill,10.0,Bunches,Farmers Market,הדוכן יום ב,Leaf,No
25/01/2021,Lettuce: Salad Mix Salanova® Home Garden Mix 07/10/2020 Ra.3 > R3 > Bed 336 12 bed m,Lettuce: Salad Mix,0.5,Kilograms,Farmers Market,הדוכן יום ב,Full-Size,No
25/01/2021,Lettuce: Salad Mix נטע מיקס - Luna Nera+Cavalo 02/11/2020 Ra.3 > R1 > Bed 315 12 bed m,Lettuce: Salad Mix,2.3,Kilograms,Farmers Market,הדוכן יום ב,Full-Size,No
25/01/2021,"Peas Sugar Snap 02/11/2020 Ra.3 > R6m > Beds 301, 304 12 bed m",Peas,0.6,Kilograms,Farmers Market,הדוכן יום ב,Full-Size,No
25/01/2021,Peas Taccola gigante 01/10/2020 Zvika > zB > Beds 524-525 18 bed m,Peas,0.6,Kilograms,Farmers Market,הדוכן יום ב,Full-Size,No
25/01/2021,Peas ורדה 16/09/2020 Ra.3 > R1 > Bed 306 12 bed m,Peas,1.5,Kilograms,Farmers Market,הדוכן יום ב,Full-Size,No
25/01/2021,Radishes French Breakfast 09/12/2020 Ra.2 > C1 > Bed 213 6 bed m,Radishes,5.0,Bunches,Farmers Market,הדוכן יום ב,Full-Size,No
25/01/2021,Radishes ice candle 02/12/2020 Ra.1 > L6m > Bed 102 3 bed m,Radishes,5.0,Bunches,Farmers Market,הדוכן יום ב,Full-Size,No
27/01/2021,Anise Hyssop אזוב מצוי 17/07/2018 HH > A > Bed 4 4 bed m,Anise Hyssop,5.0,Bunches,Wholesale,B2B,Full-Size,No
27/01/2021,Arugula Arugula 24/09/2020 Ra.3 > R2 > Bed 328 12 bed m,Arugula,1.1,Kilograms,Wholesale,B2B,Baby Leaf,No
27/01/2021,Lettuce IceBerg - לימור 12/11/2020 Ra.3 > R3 > Bed 333 12 bed m,Lettuce,14.0,Heads,Wholesale,B2B,Full-Size,No
27/01/2021,Radishes French Breakfast 09/12/2020 Ra.2 > C1 > Bed 213 6 bed m,Radishes,5.0,Bunches,Wholesale,B2B,Full-Size,No
27/01/2021,Sage Common 17/07/2018 Ra.1 > L1 > Bed 109 8 bed m,Sage,3.0,Bunches,Wholesale,B2B,,No
27/01/2021,Spinach Regata ריגאטה 05/10/2020 Ra.2 > C2 > Bed 225 12 bed m,Spinach,1.2,Kilograms,Wholesale,B2B,Full-Size,No
28/01/2021,Arugula Arugula 24/09/2020 Ra.3 > R2 > Bed 328 12 bed m,Arugula,2.0,Kilograms,Farmers Market,קטיף יום ה,Baby Leaf,No
28/01/2021,Arugula Arugula 29/10/2020 Ra.3 > R1 > Bed 316 12 bed m,Arugula,1.0,Kilograms,Farmers Market,קטיף יום ה,Baby Leaf,No
28/01/2021,Beets Forono - מוערך נטע 24/09/2020 Ra.1 > L2 > Bed 132 12 bed m,Beets,1.0,Bunches,Farmers Market,קטיף יום ה,Full-Size Root,No
28/01/2021,Beets MIX עלי ביבי 07/10/2020 Ra.2 > C6m > Bed 201 6 bed m,Beets,0.44,Kilograms,Farmers Market,קטיף יום ה,Baby Leaf Greens,No
28/01/2021,Carrots Nantes Half Long 24/09/2020 Ra.1 > L1 > Beds 111-112 24 bed m,Carrots,24.0,Bunches,Farmers Market,קטיף יום ה,Full-Size,No
28/01/2021,Garlic שני - מהגינה 22/10/2020 Ra.4 > Lo24 > Beds 401-402 36 bed m,Garlic,25.0,Bunches,Farmers Market,קטיף יום ה,Bulb,No
28/01/2021,Leeks Alto 19/08/2020 Zvika > zB > Beds 520-521 20 bed m,Leeks,7.0,Bunches,Farmers Market,קטיף יום ה,,Yes
28/01/2021,Lettuce 936 רומית 02/11/2020 Zvika > zB > Bed 522 12 bed m,Lettuce,22.0,Heads,Farmers Market,קטיף יום ה,Full-Size,No
28/01/2021,Lettuce Samba - אדומה 19/10/2020 Ra.2 > C2 > Bed 228 9 bed m,Lettuce,10.0,Heads,Farmers Market,קטיף יום ה,Full-Size,No
28/01/2021,Lettuce: Salad Mix Salanova® Home Garden Mix 07/10/2020 Ra.3 > R3 > Bed 336 12 bed m,Lettuce: Salad Mix,1.0,Kilograms,Farmers Market,קטיף יום ה,Full-Size,No
28/01/2021,Lettuce: Salad Mix נטע מיקס - Luna Nera+Cavalo 02/11/2020 Ra.3 > R1 > Bed 315 12 bed m,Lettuce: Salad Mix,1.3,Kilograms,Farmers Market,קטיף יום ה,Full-Size,No
28/01/2021,Onions: Scallions Summer Time 30/09/2020 Ra.3 > R3 > Bed 331 480 plants,Onions: Scallions,10.0,Bunches,Farmers Market,קטיף יום ה,Full-Size,No
28/01/2021,Peas Taccola gigante 01/10/2020 Zvika > zB > Beds 524-525 18 bed m,Peas,0.5,Kilograms,Farmers Market,קטיף יום ה,Full-Size,No
28/01/2021,Peas ורדה 16/09/2020 Ra.3 > R1 > Bed 306 12 bed m,Peas,0.7,Kilograms,Farmers Market,קטיף יום ה,Full-Size,No
28/01/2021,Radishes ice candle 02/12/2020 Ra.1 > L6m > Bed 102 3 bed m,Radishes,19.0,Bunches,Farmers Market,קטיף יום ה,Full-Size,Yes
28/01/2021,Radishes sakora - נבטים 17/12/2020  0 ,Radishes,13.0,Cases,Farmers Market,קטיף יום ה,Microgreen,No
28/01/2021,Sage Common 17/07/2018 Ra.1 > L1 > Bed 109 8 bed m,Sage,4.0,Bunches,Farmers Market,קטיף יום ה,,No
28/01/2021,Spinach Regata ריגאטה 05/10/2020 Ra.2 > C2 > Bed 225 12 bed m,Spinach,2.5,Kilograms,Farmers Market,קטיף יום ה,Full-Size,No
01/02/2021,Anise Hyssop אזוב מצוי 17/07/2018 HH > A > Bed 4 4 bed m,Anise Hyssop,8.0,Bunches,Farmers Market,הדוכן יום ב,Full-Size,No
01/02/2021,Carrots Nantes Half Long 24/09/2020 Ra.1 > L1 > Beds 111-112 24 bed m,Carrots,25.0,Bunches,Farmers Market,הדוכן יום ב,Full-Size,No
01/02/2021,Cress Watercress 23/09/2020 Ra.2 > C6m > Bed 207 6 bed m,Cress,2.2,Kilograms,Farmers Market,הדוכן יום ב,Full-Size,No
01/02/2021,Dill אמליה 14/10/2020 Ra.2 > C6m > Bed 202 6 bed m,Dill,10.0,Bunches,Farmers Market,הדוכן יום ב,Leaf,No
01/02/2021,Lettuce IceBerg - לימור 12/11/2020 Ra.3 > R3 > Bed 333 12 bed m,Lettuce,57.0,Heads,Farmers Market,הדוכן יום ב,Full-Size,Yes
01/02/2021,Lettuce May queen - Regina di Maggio 13/10/2020 Ra.2 > C1 > Bed 210 12 bed m,Lettuce,16.0,Heads,Farmers Market,הדוכן יום ב,Full-Size,No
01/02/2021,Lettuce May queen - Regina di Maggio 13/10/2020 Ra.2 > C1 > Bed 210 12 bed m,Lettuce,,,Wholesale,B2B,Full-Size,Yes
01/02/2021,Lettuce May queen - Regina di Maggio 13/10/2020 Ra.2 > C1 > Bed 210 12 bed m,Lettuce,,,Farmers Market,הדוכן יום ב,Full-Size,Yes
01/02/2021,Lettuce May queen - Regina di Maggio 13/10/2020 Ra.2 > C1 > Bed 210 12 bed m,Lettuce,,,,Unknown outlet,Full-Size,Yes
01/02/2021,Lettuce May queen - Regina di Maggio 13/10/2020 Ra.2 > C1 > Bed 210 12 bed m,Lettuce,,,Farmers Market,קטיף יום ה,Full-Size,Yes
01/02/2021,Mint Common Mint 09/04/2020 side > 200 > Bed 3 6 bed m,Mint,10.0,Bunches,Farmers Market,הדוכן יום ב,Full-Size,No
01/02/2021,Onions: Scallions Summer Time 30/09/2020 Ra.3 > R3 > Bed 331 480 plants,Onions: Scallions,20.0,Bunches,Farmers Market,הדוכן יום ב,Full-Size,Yes
01/02/2021,Parsley Root Hilmar 13/08/2020 Ra.3 > R3 > Bed 331 2 bed m,Parsley Root,34.0,Bunches,Farmers Market,הדוכן יום ב,,Yes
01/02/2021,Radishes sakora - נבטים 17/12/2020  0 ,Radishes,16.0,Cases,Farmers Market,הדוכן יום ב,Microgreen,No
01/02/2021,Sage Common 17/07/2018 Ra.1 > L1 > Bed 109 8 bed m,Sage,8.0,Bunches,Farmers Market,הדוכן יום ב,,No
01/02/2021,Spinach Regata ריגאטה 29/10/2020 Ra.2 > C2 > Bed 226 12 bed m,Spinach,2.2,Bunches,Farmers Market,הדוכן יום ב,Full-Size,No
03/02/2021,Anise Hyssop אזוב מצוי 17/07/2018 HH > A > Bed 4 4 bed m,Anise Hyssop,3.0,Bunches,Wholesale,B2B,Full-Size,No
03/02/2021,Arugula Arugula 29/10/2020 Ra.3 > R1 > Bed 316 12 bed m,Arugula,0.5,Kilograms,Wholesale,B2B,Baby Leaf,No
03/02/2021,Lettuce: Salad Mix Mesclun Mix 21/12/2020 Ra.3 > R3 > Beds 334-335 24 bed m,Lettuce: Salad Mix,0.5,Kilograms,Wholesale,B2B,Full-Size,No
03/02/2021,Radishes sakora - נבטים 17/12/2020  0 ,Radishes,3.0,Cases,Wholesale,B2B,Microgreen,No
03/02/2021,Sage Common 17/07/2018 Ra.1 > L1 > Bed 109 8 bed m,Sage,2.0,Bunches,Wholesale,B2B,,No
04/02/2021,Broccoli Marathon 10/09/2020 Zvika > zB > Bed 514 12 bed m,Broccoli,2.0,Kilograms,Farmers Market,קטיף יום ה,Head,No
04/02/2021,Broccoli Partenon 01/10/2020 Ra.4 > Lo18 > Bed 403 18 bed m,Broccoli,2.6,Kilograms,Farmers Market,קטיף יום ה,Head,No
04/02/2021,Carrots Nantes Half Long 24/09/2020 Ra.1 > L1 > Beds 111-112 24 bed m,Carrots,34.0,Bunches,Farmers Market,קטיף יום ה,Full-Size,No
04/02/2021,Cress Watercress 23/09/2020 Ra.2 > C6m > Bed 207 6 bed m,Cress,1.2,Kilograms,Farmers Market,קטיף יום ה,Full-Size,No
04/02/2021,Dill אמליה 14/10/2020 Ra.2 > C6m > Bed 202 6 bed m,Dill,10.0,Bunches,Farmers Market,קטיף יום ה,Leaf,No
04/02/2021,Garlic שני - מהגינה 22/10/2020 Ra.4 > Lo24 > Beds 401-402 36 bed m,Garlic,26.0,Bunches,Farmers Market,קטיף יום ה,Bulb,No
04/02/2021,Kale Red Russian 02/12/2020 Ra.2 > C2 > Bed 221 6 bed m,Kale,0.3,Kilograms,Farmers Market,קטיף יום ה,Baby Leaf,No
04/02/2021,Kohlrabi Generic Variety 02/11/2020 Ra.2 > C2 > Bed 220 12 bed m,Kohlrabi,0.6,Kilograms,Farmers Market,קטיף יום ה,Full-Size,No
04/02/2021,Lettuce hyd. ערבית - נהורה נטע 14/10/2020 Ra.1 > L1 > Bed 117 12 bed m,Lettuce,10.0,Heads,Farmers Market,קטיף יום ה,Full-Size,No
04/02/2021,Lettuce Samba - אדומה 19/10/2020 Ra.2 > C2 > Bed 228 9 bed m,Lettuce,20.0,Heads,Farmers Market,קטיף יום ה,Full-Size,No
04/02/2021,Lettuce: Salad Mix Salanova® Home Garden Mix 07/10/2020 Ra.3 > R3 > Bed 336 12 bed m,Lettuce: Salad Mix,0.5,Kilograms,Farmers Market,קטיף יום ה,Full-Size,No
04/02/2021,Lettuce: Salad Mix נטע מיקס - Luna Nera+Cavalo 02/11/2020 Ra.3 > R1 > Bed 315 12 bed m,Lettuce: Salad Mix,3.0,Kilograms,Farmers Market,קטיף יום ה,Full-Size,No
04/02/2021,Mustard Red Giant 02/12/2020 Ra.2 > C2 > Bed 222 6 bed m,Mustard,0.5,Kilograms,Farmers Market,קטיף יום ה,Baby Leaf,No
04/02/2021,Parsley בורג'ו - נטע 30/07/2020 Ra.1 > L6m > Bed 103 6 bed m,Parsley,15.0,Bunches,Farmers Market,קטיף יום ה,Full-Size,No
04/02/2021,"Peas Sugar Snap 02/11/2020 Ra.3 > R6m > Beds 301, 304 12 bed m",Peas,0.5,Kilograms,Farmers Market,קטיף יום ה,Full-Size,No
04/02/2021,Peas Taccola gigante 01/10/2020 Zvika > zB > Beds 524-525 18 bed m,Peas,0.5,Kilograms,Farmers Market,קטיף יום ה,Full-Size,No
04/02/2021,Peas ורדה 16/09/2020 Ra.3 > R1 > Bed 306 12 bed m,Peas,1.2,Kilograms,Farmers Market,קטיף יום ה,Full-Size,No
04/02/2021,Radishes sakora - נבטים 14/12/2020  0 ,Radishes,3.0,Cases,Farmers Market,קטיף יום ה,Microgreen,No
04/02/2021,Spinach Regata ריגאטה 29/10/2020 Ra.2 > C2 > Bed 226 12 bed m,Spinach,1.3,Bunches,Farmers Market,קטיף יום ה,Full-Size,No
05/02/2021,Onions: Scallions אלדורדו 18/10/2020 Ra.3 > R1 > Bed 310 6 bed m,Onions: Scallions,,,Wholesale,B2B,Full-Size,Yes
05/02/2021,Onions: Scallions אלדורדו 18/10/2020 Ra.3 > R1 > Bed 310 6 bed m,Onions: Scallions,,,Farmers Market,הדוכן יום ב,Full-Size,Yes
05/02/2021,Onions: Scallions אלדורדו 18/10/2020 Ra.3 > R1 > Bed 310 6 bed m,Onions: Scallions,,,,Unknown outlet,Full-Size,Yes
05/02/2021,Onions: Scallions אלדורדו 18/10/2020 Ra.3 > R1 > Bed 310 6 bed m,Onions: Scallions,,,Farmers Market,קטיף יום ה,Full-Size,Yes
08/02/2021,Anise Hyssop אזוב מצוי 17/07/2018 HH > A > Bed 4 4 bed m,Anise Hyssop,1.0,Bunches,Farmers Market,הדוכן יום ב,Full-Size,No
08/02/2021,Broccoli Marathon 10/09/2020 Zvika > zB > Bed 514 12 bed m,Broccoli,0.5,Kilograms,Farmers Market,הדוכן יום ב,Head,No
08/02/2021,Celery Gigante Dorato 27/08/2020 Ra.3 > R1 > Bed 314 12 bed m,Celery,10.0,Bunches,Farmers Market,הדוכן יום ב,Full-Size,No
08/02/2021,Dill אמליה 14/10/2020 Ra.2 > C6m > Bed 202 6 bed m,Dill,12.0,Bunches,Farmers Market,הדוכן יום ב,Leaf,No
08/02/2021,Fennel Orion 24/09/2020 Ra.2 > C1 > Bed 209 12 bed m,Fennel,4.3,Kilograms,Farmers Market,הדוכן יום ב,Full-Size,No
08/02/2021,Garlic שני - מהגינה 22/10/2020 Ra.4 > Lo24 > Beds 401-402 36 bed m,Garlic,25.0,Bunches,Farmers Market,הדוכן יום ב,Bulb,No
08/02/2021,Kale Red Russian 02/12/2020 Ra.2 > C2 > Bed 221 6 bed m,Kale,0.5,Kilograms,Farmers Market,הדוכן יום ב,Baby Leaf,No
08/02/2021,Kohlrabi קרף - נטע 18/11/2020 Ra.2 > C2 > Bed 217 12 bed m,Kohlrabi,4.1,Kilograms,Farmers Market,הדוכן יום ב,Full-Size,No
08/02/2021,Lettuce Samba - אדומה 19/10/2020 Ra.2 > C2 > Bed 228 9 bed m,Lettuce,70.0,Heads,Farmers Market,הדוכן יום ב,Full-Size,Yes
08/02/2021,Lettuce: Salad Mix נטע מיקס - Luna Nera+Cavalo 02/11/2020 Ra.3 > R1 > Bed 315 12 bed m,Lettuce: Salad Mix,1.5,Kilograms,Farmers Market,הדוכן יום ב,Full-Size,No
08/02/2021,Mustard Red Giant 02/12/2020 Ra.2 > C2 > Bed 222 6 bed m,Mustard,0.7,Kilograms,Farmers Market,הדוכן יום ב,Baby Leaf,No
08/02/2021,Parsley בורג'ו - נטע 20/07/2020 Ra.1 > L1 > Bed 118 12 bed m,Parsley,15.0,Bunches,Farmers Market,הדוכן יום ב,Full-Size,No
08/02/2021,Parsley בורג'ו - נטע 30/07/2020 Ra.1 > L6m > Bed 103 6 bed m,Parsley,9.0,Bunches,Farmers Market,הדוכן יום ב,Full-Size,No
08/02/2021,"Peas Sugar Snap 02/11/2020 Ra.3 > R6m > Beds 301, 304 12 bed m",Peas,0.9,Kilograms,Farmers Market,הדוכן יום ב,Full-Size,No
08/02/2021,Peas Taccola gigante 01/10/2020 Zvika > zB > Beds 524-525 18 bed m,Peas,,,Wholesale,B2B,Full-Size,Yes
08/02/2021,Peas Taccola gigante 01/10/2020 Zvika > zB > Beds 524-525 18 bed m,Peas,,,Farmers Market,הדוכן יום ב,Full-Size,Yes
08/02/2021,Peas Taccola gigante 01/10/2020 Zvika > zB > Beds 524-525 18 bed m,Peas,,,,Unknown outlet,Full-Size,Yes
08/02/2021,Peas Taccola gigante 01/10/2020 Zvika > zB > Beds 524-525 18 bed m,Peas,,,Farmers Market,קטיף יום ה,Full-Size,Yes
08/02/2021,Peas Taccola gigante 01/10/2020 Zvika > zB > Beds 524-525 18 bed m,Peas,0.8,Kilograms,Farmers Market,הדוכן יום ב,Full-Size,No
08/02/2021,Peas ורדה 16/09/2020 Ra.3 > R1 > Bed 306 12 bed m,Peas,2.7,Kilograms,Farmers Market,הדוכן יום ב,Full-Size,No
08/02/2021,Radishes sakora - נבטים 17/12/2020  0 ,Radishes,8.0,Kilograms,Farmers Market,הדוכן יום ב,Microgreen,No
08/02/2021,Sorrel Red Veined 13/09/2020 Ra.3 > R6m > Bed 303 6 bed m,Sorrel,0.5,Kilograms,Farmers Market,הדוכן יום ב,Baby Leaf,No
08/02/2021,Spinach Regata ריגאטה 05/10/2020 Ra.2 > C2 > Bed 225 12 bed m,Spinach,1.0,Kilograms,Farmers Market,הדוכן יום ב,Full-Size,No
10/02/2021,Beets MIX עלי ביבי 07/10/2020 Ra.2 > C6m > Bed 201 6 bed m,Beets,0.12,Kilograms,Wholesale,B2B,Baby Leaf Greens,No
10/02/2021,Beets MIX עלי ביבי 18/11/2020 Ra.1 > L6m > Bed 101 6 bed m,Beets,0.12,Kilograms,Wholesale,B2B,Baby Leaf Greens,No
10/02/2021,Cress Watercress 23/09/2020 Ra.2 > C6m > Bed 207 6 bed m,Cress,1.4,Kilograms,Wholesale,B2B,Full-Size,No
10/02/2021,Eggplant בלאדי - יעל 26/02/2020 Ra.3 > R2 > Beds 325-326 24 bed m,Eggplant,0.9,Kilograms,Wholesale,B2B,,No
10/02/2021,Lettuce hyd. ערבית - נהורה נטע 14/10/2020 Ra.1 > L1 > Bed 117 12 bed m,Lettuce,8.0,Heads,Wholesale,B2B,Full-Size,No
10/02/2021,Lettuce: Salad Mix נטע מיקס - Luna Nera+Cavalo 02/11/2020 Ra.3 > R1 > Bed 315 12 bed m,Lettuce: Salad Mix,0.6,Kilograms,Wholesale,B2B,Full-Size,No
10/02/2021,Mizuna mix red&green 02/12/2020 Ra.2 > C2 > Bed 222 6 bed m,Mizuna,0.25,Kilograms,Wholesale,B2B,Baby Leaf,No
10/02/2021,Mustard Red Giant 02/12/2020 Ra.2 > C2 > Bed 222 6 bed m,Mustard,0.25,Kilograms,Wholesale,B2B,Baby Leaf,No
10/02/2021,Radishes French Breakfast 09/12/2020 Ra.2 > C1 > Bed 213 6 bed m,Radishes,9.0,Bunches,Wholesale,B2B,Full-Size,Yes
10/02/2021,Sage Common 17/07/2018 Ra.1 > L1 > Bed 109 8 bed m,Sage,2.0,Bunches,Wholesale,B2B,,No
10/02/2021,Spinach Regata ריגאטה 05/10/2020 Ra.2 > C2 > Bed 225 12 bed m,Spinach,0.7,Kilograms,Wholesale,B2B,Full-Size,No
11/02/2021,Arugula Arugula 02/12/2020 Ra.2 > C2 > Bed 218 12 bed m,Arugula,2.8,Kilograms,Farmers Market,קטיף יום ה,Baby Leaf,No
11/02/2021,Arugula Wild Rocket 01/07/2020 Ra.1 > L2 > Bed 129 12 bed m,Arugula,0.2,Kilograms,Farmers Market,קטיף יום ה,Baby Leaf,Yes
11/02/2021,Arugula Wild Rocket 02/09/2020 Ra.2 > C6m > Bed 202 6 bed m,Arugula,0.2,Kilograms,Farmers Market,קטיף יום ה,Baby Leaf,Yes
11/02/2021,Beets MIX עלי ביבי 18/11/2020 Ra.1 > L6m > Bed 101 6 bed m,Beets,0.5,Kilograms,Farmers Market,קטיף יום ה,Baby Leaf Greens,No
11/02/2021,Dill אמליה 14/10/2020 Ra.2 > C6m > Bed 202 6 bed m,Dill,7.0,Bunches,Farmers Market,קטיף יום ה,Leaf,No
11/02/2021,Fennel Orion 24/09/2020 Ra.2 > C1 > Bed 209 12 bed m,Fennel,9.8,Kilograms,Farmers Market,קטיף יום ה,Full-Size,No
11/02/2021,Kohlrabi Generic Variety 02/11/2020 Ra.2 > C2 > Bed 220 12 bed m,Kohlrabi,1.8,Kilograms,Farmers Market,קטיף יום ה,Full-Size,No
11/02/2021,Lettuce 936 רומית 02/11/2020 Zvika > zB > Bed 522 12 bed m,Lettuce,,,Wholesale,B2B,Full-Size,Yes
11/02/2021,Lettuce 936 רומית 02/11/2020 Zvika > zB > Bed 522 12 bed m,Lettuce,,,Farmers Market,הדוכן יום ב,Full-Size,Yes
11/02/2021,Lettuce 936 רומית 02/11/2020 Zvika > zB > Bed 522 12 bed m,Lettuce,,,,Unknown outlet,Full-Size,Yes
11/02/2021,Lettuce 936 רומית 02/11/2020 Zvika > zB > Bed 522 12 bed m,Lettuce,,,Farmers Market,קטיף יום ה,Full-Size,Yes
11/02/2021,Lettuce: Salad Mix נטע מיקס - Luna Nera+Cavalo 02/11/2020 Ra.3 > R1 > Bed 315 12 bed m,Lettuce: Salad Mix,1.7,Kilograms,Farmers Market,קטיף יום ה,Full-Size,No
11/02/2021,Mustard Red Giant 02/12/2020 Ra.2 > C2 > Bed 222 6 bed m,Mustard,0.8,Kilograms,Farmers Market,קטיף יום ה,Baby Leaf,No
11/02/2021,"Peas Sugar Snap 02/11/2020 Ra.3 > R6m > Beds 301, 304 12 bed m",Peas,2.0,Kilograms,Farmers Market,קטיף יום ה,Full-Size,No
11/02/2021,Radishes sakora - נבטים 17/12/2020  0 ,Radishes,9.0,Cases,Farmers Market,קטיף יום ה,Microgreen,No
11/02/2021,Spinach Regata ריגאטה 29/10/2020 Ra.2 > C2 > Bed 226 12 bed m,Spinach,1.5,Bunches,Farmers Market,קטיף יום ה,Full-Size,No
15/02/2021,Arugula Arugula 24/09/2020 Ra.3 > R2 > Bed 328 12 bed m,Arugula,1.7,Kilograms,Farmers Market,הדוכן יום ב,Baby Leaf,No
15/02/2021,Beets Forono - מוערך נטע 24/09/2020 Ra.1 > L2 > Bed 132 12 bed m,Beets,4.0,Kilograms,Farmers Market,הדוכן יום ב,Full-Size Root,Yes
15/02/2021,Broccoli Marathon 10/09/2020 Zvika > zB > Bed 514 12 bed m,Broccoli,0.2,Kilograms,Farmers Market,הדוכן יום ב,Head,No
15/02/2021,Broccoli Partenon 01/10/2020 Ra.4 > Lo18 > Bed 403 18 bed m,Broccoli,0.5,Kilograms,Farmers Market,הדוכן יום ב,Head,Yes
15/02/2021,Carrots Nantes Half Long 24/09/2020 Ra.1 > L1 > Beds 111-112 24 bed m,Carrots,33.0,Bunches,Farmers Market,הדוכן יום ב,Full-Size,No
15/02/2021,Celery Gigante Dorato 27/08/2020 Ra.3 > R1 > Bed 314 12 bed m,Celery,10.0,Each,Farmers Market,הדוכן יום ב,Full-Size,No
15/02/2021,Fennel Orion 23/11/2020 Ra.1 > L1 > Bed 120 12 bed m,Fennel,8.7,Kilograms,Farmers Market,הדוכן יום ב,Full-Size,No
15/02/2021,Kohlrabi קרף - נטע 19/10/2020 Ra.2 > C1 > Beds 215-216 18 bed m,Kohlrabi,11.0,Kilograms,Farmers Market,הדוכן יום ב,Full-Size,Yes
15/02/2021,Lettuce מסולסלת מעורב 05/11/2020 Zvika > zA > Bed 506 12 bed m,Lettuce,60.0,Heads,Farmers Market,קטיף יום ה,Full-Size,No
15/02/2021,Lettuce: Salad Mix Mesclun Mix 21/12/2020 Ra.3 > R3 > Beds 334-335 24 bed m,Lettuce: Salad Mix,2.6,Kilograms,Farmers Market,הדוכן יום ב,Full-Size,No
15/02/2021,New Zealand Spinach Tetragonia Specialty 14/09/2020 Ra.1 > L2 > Bed 131 12 bed m,New Zealand Spinach,2.1,Kilograms,Farmers Market,הדוכן יום ב,,No
15/02/2021,"Peas Sugar Snap 02/11/2020 Ra.3 > R6m > Beds 301, 304 12 bed m",Peas,0.35,Kilograms,Farmers Market,הדוכן יום ב,Full-Size,No
15/02/2021,Radishes sakora - נבטים 17/12/2020  0 ,Radishes,11.0,Cases,Farmers Market,הדוכן יום ב,Microgreen,No
15/02/2021,Spinach Regata ריגאטה 05/10/2020 Ra.2 > C2 > Bed 225 12 bed m,Spinach,1.0,Kilograms,Farmers Market,הדוכן יום ב,Full-Size,No
17/02/2021,Anise Hyssop אזוב מצוי 17/07/2018 HH > A > Bed 4 4 bed m,Anise Hyssop,1.0,Bunches,Farmers Market,הדוכן יום ב,Full-Size,No
17/02/2021,Carrots Nantes Half Long 24/09/2020 Ra.1 > L1 > Beds 111-112 24 bed m,Carrots,6.0,Bunches,Farmers Market,הדוכן יום ב,Full-Size,No
17/02/2021,Celery Gigante Dorato 27/08/2020 Ra.3 > R1 > Bed 314 12 bed m,Celery,20.0,Bunches,Farmers Market,הדוכן יום ב,Full-Size,No
17/02/2021,Cress Watercress 23/09/2020 Ra.2 > C6m > Bed 207 6 bed m,Cress,1.0,Kilograms,Farmers Market,הדוכן יום ב,Full-Size,No
17/02/2021,Lettuce hyd. ערבית - נהורה נטע 14/10/2020 Ra.1 > L1 > Bed 117 12 bed m,Lettuce,32.0,Heads,Farmers Market,הדוכן יום ב,Full-Size,No
17/02/2021,Radishes Nero Tondo 18/11/2020 Ra.1 > L1 > Bed 116 6 bed m,Radishes,6.0,Bunches,Farmers Market,הדוכן יום ב,Full-Size,No
18/02/2021,Arugula Arugula 29/10/2020 Ra.3 > R1 > Bed 316 12 bed m,Arugula,1.7,Kilograms,Farmers Market,קטיף יום ה,Baby Leaf,Yes
18/02/2021,Cilantro Santirini - נטע 24/09/2020 Ra.3 > R2 > Bed 317 12 bed m,Cilantro,13.0,Bunches,Farmers Market,קטיף יום ה,Leaf,Yes
18/02/2021,Lettuce hyd. ערבית - נהורה נטע 14/10/2020 Ra.1 > L1 > Bed 117 12 bed m,Lettuce,,,Wholesale,B2B,Full-Size,Yes
18/02/2021,Lettuce hyd. ערבית - נהורה נטע 14/10/2020 Ra.1 > L1 > Bed 117 12 bed m,Lettuce,,,Farmers Market,הדוכן יום ב,Full-Size,Yes
18/02/2021,Lettuce hyd. ערבית - נהורה נטע 14/10/2020 Ra.1 > L1 > Bed 117 12 bed m,Lettuce,,,,Unknown outlet,Full-Size,Yes
18/02/2021,Lettuce hyd. ערבית - נהורה נטע 14/10/2020 Ra.1 > L1 > Bed 117 12 bed m,Lettuce,,,Farmers Market,קטיף יום ה,Full-Size,Yes
18/02/2021,Lettuce: Salad Mix Mesclun Mix 21/12/2020 Ra.3 > R3 > Beds 334-335 24 bed m,Lettuce: Salad Mix,3.0,Kilograms,Farmers Market,קטיף יום ה,Full-Size,No
18/02/2021,Mizuna mix red&green 02/12/2020 Ra.2 > C2 > Bed 222 6 bed m,Mizuna,1.2,Kilograms,Farmers Market,קטיף יום ה,Baby Leaf,No
18/02/2021,Mustard Red Giant 02/12/2020 Ra.2 > C2 > Bed 222 6 bed m,Mustard,1.1,Kilograms,Farmers Market,קטיף יום ה,Baby Leaf,No
18/02/2021,"Peas Sugar Snap 02/11/2020 Ra.3 > R6m > Beds 301, 304 12 bed m",Peas,0.39,Kilograms,Farmers Market,קטיף יום ה,Full-Size,No
18/02/2021,Peas ורדה 16/09/2020 Ra.3 > R1 > Bed 306 12 bed m,Peas,0.5,Kilograms,Farmers Market,קטיף יום ה,Full-Size,No
18/02/2021,Radishes sakora - נבטים 14/12/2020  0 ,Radishes,8.0,Cases,Farmers Market,קטיף יום ה,Microgreen,No
22/02/2021,Broccoli Marathon 10/09/2020 Zvika > zB > Bed 514 12 bed m,Broccoli,,,Wholesale,B2B,Head,Yes
22/02/2021,Broccoli Marathon 10/09/2020 Zvika > zB > Bed 514 12 bed m,Broccoli,,,Farmers Market,הדוכן יום ב,Head,Yes
22/02/2021,Broccoli Marathon 10/09/2020 Zvika > zB > Bed 514 12 bed m,Broccoli,,,,Unknown outlet,Head,Yes
22/02/2021,Broccoli Marathon 10/09/2020 Zvika > zB > Bed 514 12 bed m,Broccoli,,,Farmers Market,קטיף יום ה,Head,Yes
22/02/2021,Spinach Regata ריגאטה 22/10/2020 Zvika > zB > Beds 515-516 24 bed m,Spinach,5.0,Kilograms,Farmers Market,הדוכן יום ב,Full-Size,Yes
23/02/2021,Chard Fordhook Giant 05/11/2020 Zvika > zA > Bed 509 12 bed m,Chard,,,Wholesale,B2B,Full-Size,Yes
23/02/2021,Chard Fordhook Giant 05/11/2020 Zvika > zA > Bed 509 12 bed m,Chard,,,Farmers Market,הדוכן יום ב,Full-Size,Yes
23/02/2021,Chard Fordhook Giant 05/11/2020 Zvika > zA > Bed 509 12 bed m,Chard,,,,Unknown outlet,Full-Size,Yes
23/02/2021,Chard Fordhook Giant 05/11/2020 Zvika > zA > Bed 509 12 bed m,Chard,,,Farmers Market,קטיף יום ה,Full-Size,Yes
23/02/2021,Chard Silverado 05/11/2020 Zvika > zA > Bed 505 12 bed m,Chard,,,Wholesale,B2B,Full-Size,Yes
23/02/2021,Chard Silverado 05/11/2020 Zvika > zA > Bed 505 12 bed m,Chard,,,Farmers Market,הדוכן יום ב,Full-Size,Yes
23/02/2021,Chard Silverado 05/11/2020 Zvika > zA > Bed 505 12 bed m,Chard,,,,Unknown outlet,Full-Size,Yes
23/02/2021,Chard Silverado 05/11/2020 Zvika > zA > Bed 505 12 bed m,Chard,,,Farmers Market,קטיף יום ה,Full-Size,Yes
23/02/2021,Fennel Orion 05/11/2020 Zvika > zA > Bed 504 12 bed m,Fennel,,,Wholesale,B2B,Full-Size,Yes
23/02/2021,Fennel Orion 05/11/2020 Zvika > zA > Bed 504 12 bed m,Fennel,,,Farmers Market,הדוכן יום ב,Full-Size,Yes
23/02/2021,Fennel Orion 05/11/2020 Zvika > zA > Bed 504 12 bed m,Fennel,,,,Unknown outlet,Full-Size,Yes
23/02/2021,Fennel Orion 05/11/2020 Zvika > zA > Bed 504 12 bed m,Fennel,,,Farmers Market,קטיף יום ה,Full-Size,Yes
23/02/2021,Kohlrabi קרף - נטע 05/11/2020 Zvika > zA > Bed 503 12 bed m,Kohlrabi,,,Wholesale,B2B,Full-Size,Yes
23/02/2021,Kohlrabi קרף - נטע 05/11/2020 Zvika > zA > Bed 503 12 bed m,Kohlrabi,,,Farmers Market,הדוכן יום ב,Full-Size,Yes
23/02/2021,Kohlrabi קרף - נטע 05/11/2020 Zvika > zA > Bed 503 12 bed m,Kohlrabi,,,,Unknown outlet,Full-Size,Yes
23/02/2021,Kohlrabi קרף - נטע 05/11/2020 Zvika > zA > Bed 503 12 bed m,Kohlrabi,,,Farmers Market,קטיף יום ה,Full-Size,Yes
23/02/2021,Lettuce hyd. ערבית - נהורה נטע 05/11/2020 Zvika > zA > Bed 507 12 bed m,Lettuce,,,Wholesale,B2B,Full-Size,Yes
23/02/2021,Lettuce hyd. ערבית - נהורה נטע 05/11/2020 Zvika > zA > Bed 507 12 bed m,Lettuce,,,Farmers Market,הדוכן יום ב,Full-Size,Yes
23/02/2021,Lettuce hyd. ערבית - נהורה נטע 05/11/2020 Zvika > zA > Bed 507 12 bed m,Lettuce,,,,Unknown outlet,Full-Size,Yes
23/02/2021,Lettuce hyd. ערבית - נהורה נטע 05/11/2020 Zvika > zA > Bed 507 12 bed m,Lettuce,,,Farmers Market,קטיף יום ה,Full-Size,Yes
24/02/2021,Anise Hyssop אזוב מצוי 17/07/2018 HH > A > Bed 4 4 bed m,Anise Hyssop,1.0,Bunches,Wholesale,B2B,Full-Size,No
24/02/2021,Cress Watercress 23/09/2020 Ra.2 > C6m > Bed 207 6 bed m,Cress,1.2,Kilograms,Wholesale,B2B,Full-Size,No
24/02/2021,Sage Common 17/07/2018 Ra.1 > L1 > Bed 109 8 bed m,Sage,2.0,Bunches,Wholesale,B2B,,No
25/02/2021,Anise Hyssop אזוב מצוי 17/07/2018 HH > A > Bed 4 4 bed m,Anise Hyssop,8.0,Bunches,Farmers Market,קטיף יום ה,Full-Size,No
25/02/2021,Arugula Arugula 02/12/2020 Ra.2 > C2 > Bed 218 12 bed m,Arugula,2.6,Kilograms,Farmers Market,קטיף יום ה,Baby Leaf,No
25/02/2021,Carrots Nantes Half Long 24/09/2020 Ra.1 > L1 > Beds 111-112 24 bed m,Carrots,9.0,Kilograms,Farmers Market,קטיף יום ה,Full-Size,Yes
25/02/2021,Cilantro Santirini - נטע 05/11/2020 Ra.3 > R2 > Bed 319 12 bed m,Cilantro,4.0,Bunches,Farmers Market,קטיף יום ה,Leaf,No
25/02/2021,Cilantro Santirini - נטע 25/11/2020 Ra.3 > R1 > Bed 305 12 bed m,Cilantro,11.0,Bunches,Farmers Market,קטיף יום ה,Leaf,No
25/02/2021,Kohlrabi Generic Variety 02/11/2020 Ra.2 > C2 > Bed 220 12 bed m,Kohlrabi,1.7,Kilograms,Farmers Market,קטיף יום ה,Full-Size,No
25/02/2021,Lettuce: Salad Mix Mesclun Mix 21/12/2020 Ra.3 > R3 > Beds 334-335 24 bed m,Lettuce: Salad Mix,2.1,Kilograms,Farmers Market,קטיף יום ה,Full-Size,No
25/02/2021,Lettuce: Salad Mix Salanova® Home Garden Mix 07/10/2020 Ra.3 > R3 > Bed 336 12 bed m,Lettuce: Salad Mix,1.0,Kilograms,Farmers Market,קטיף יום ה,Full-Size,No
25/02/2021,Mizuna mix red&green 02/12/2020 Ra.2 > C2 > Bed 222 6 bed m,Mizuna,1.3,Kilograms,Farmers Market,קטיף יום ה,Baby Leaf,No
25/02/2021,Mustard Red Giant 02/12/2020 Ra.2 > C2 > Bed 222 6 bed m,Mustard,0.9,Kilograms,Farmers Market,קטיף יום ה,Baby Leaf,No
25/02/2021,Peas Generic Variety 30/11/2020 HH > B > Bed 12 12 bed m,Peas,0.06,Kilograms,Farmers Market,קטיף יום ה,Full-Size,No
25/02/2021,"Peas Sugar Snap 02/11/2020 Ra.3 > R6m > Beds 301, 304 12 bed m",Peas,0.75,Kilograms,Farmers Market,קטיף יום ה,Full-Size,No
25/02/2021,Peas Sugar Snap 09/12/2020 HH > B > Bed 11 12 bed m,Peas,0.05,Kilograms,Farmers Market,קטיף יום ה,Full-Size,No
25/02/2021,Peas Yellow Sugar 02/12/2020 HH > C > Bed 15 12 bed m,Peas,1.28,Kilograms,Farmers Market,קטיף יום ה,Full-Size,No
25/02/2021,Peas ורדה 02/12/2020 Zvika > zB > Bed 518 12 bed m,Peas,1.3,Kilograms,Farmers Market,קטיף יום ה,Full-Size,No
25/02/2021,Peas ורדה 16/09/2020 Ra.3 > R1 > Bed 306 12 bed m,Peas,0.12,Kilograms,Farmers Market,קטיף יום ה,Full-Size,No
25/02/2021,Radishes Daikon Long 31/12/2020 HH > B > Bed 8 6 bed m,Radishes,6.0,Bunches,Farmers Market,קטיף יום ה,Full-Size,No
25/02/2021,Radishes Nero Tondo 18/11/2020 Ra.1 > L1 > Bed 116 6 bed m,Radishes,4.0,Bunches,Farmers Market,קטיף יום ה,Full-Size,No
25/02/2021,Radishes sakora - נבטים 17/12/2020  0 ,Radishes,5.0,Kilograms,Farmers Market,קטיף יום ה,Microgreen,No
25/02/2021,Sage Common 17/07/2018 Ra.1 > L1 > Bed 109 8 bed m,Sage,6.0,Bunches,Farmers Market,קטיף יום ה,,No
25/02/2021,Sorrel Red Veined 21/11/2020 Ra.3 > R6m > Bed 303 6 bed m,Sorrel,0.7,Kilograms,Farmers Market,קטיף יום ה,Baby Leaf,No
25/02/2021,Spinach Regata ריגאטה 05/10/2020 Ra.2 > C2 > Bed 225 12 bed m,Spinach,1.5,Kilograms,Farmers Market,קטיף יום ה,Full-Size,No
25/02/2021,Spinach Regata ריגאטה 29/10/2020 Ra.2 > C2 > Bed 226 12 bed m,Spinach,0.5,Bunches,Farmers Market,קטיף יום ה,Full-Size,No
28/02/2021,Radishes Daikon Long 31/12/2020 HH > B > Bed 8 6 bed m,Radishes,,,Wholesale,B2B,Full-Size,Yes
28/02/2021,Radishes Daikon Long 31/12/2020 HH > B > Bed 8 6 bed m,Radishes,,,Farmers Market,הדוכן יום ב,Full-Size,Yes
28/02/2021,Radishes Daikon Long 31/12/2020 HH > B > Bed 8 6 bed m,Radishes,,,,Unknown outlet,Full-Size,Yes
28/02/2021,Radishes Daikon Long 31/12/2020 HH > B > Bed 8 6 bed m,Radishes,,,Farmers Market,קטיף יום ה,Full-Size,Yes
01/03/2021,Arugula Arugula 02/12/2020 Ra.2 > C2 > Bed 218 12 bed m,Arugula,3.4,Kilograms,Farmers Market,הדוכן יום ב,Baby Leaf,No
01/03/2021,Carrots Nantes Half Long 29/10/2020 Ra.2 > C2 > Bed 227 12 bed m,Carrots,16.0,Bunches,Farmers Market,הדוכן יום ב,Full-Size,No
01/03/2021,Celery Gigante Dorato 27/08/2020 Ra.3 > R1 > Bed 314 12 bed m,Celery,30.0,Each,Farmers Market,הדוכן יום ב,Full-Size,No
01/03/2021,Garlic שני - מהגינה 08/10/2020 HH > C > Beds 16-18 36 bed m,Garlic,30.0,Bunches,Farmers Market,הדוכן יום ב,Scapes,No
01/03/2021,Kale Lacinato (Dinosaur) 12/01/2021 Zvika > zA > Beds 501-502 24 bed m,Kale,10.0,Bunches,Farmers Market,הדוכן יום ב,Full-Size,No
01/03/2021,Leeks Alto 27/10/2020 Ra.1 > L6m > Beds 104-105 12 bed m,Leeks,25.0,Bunches,Farmers Market,הדוכן יום ב,,Yes
01/03/2021,Lettuce: Salad Mix Mesclun Mix 06/01/2021 Ra.3 > R2 > Bed 321 12 bed m,Lettuce: Salad Mix,2.2,Kilograms,Farmers Market,הדוכן יום ב,Full-Size,No
01/03/2021,Lettuce: Salad Mix Mesclun Mix 21/12/2020 Ra.3 > R3 > Beds 334-335 24 bed m,Lettuce: Salad Mix,1.7,Kilograms,Farmers Market,הדוכן יום ב,Full-Size,No
01/03/2021,Lettuce: Salad Mix Salanova® Home Garden Mix 07/10/2020 Ra.3 > R3 > Bed 336 12 bed m,Lettuce: Salad Mix,0.9,Kilograms,Farmers Market,הדוכן יום ב,Full-Size,No
01/03/2021,Lettuce: Salad Mix Salanova® Home Garden Mix 30/12/2020 Ra.3 > R2 > Bed 327 12 bed m,Lettuce: Salad Mix,20.0,Kilograms,Farmers Market,הדוכן יום ב,Full-Size,No
01/03/2021,Mizuna mix red&green 02/12/2020 Ra.2 > C2 > Bed 222 6 bed m,Mizuna,1.4,Kilograms,Farmers Market,הדוכן יום ב,Baby Leaf,No
01/03/2021,Mustard Red Giant 02/12/2020 Ra.2 > C2 > Bed 222 6 bed m,Mustard,1.0,Kilograms,Farmers Market,הדוכן יום ב,Baby Leaf,No
01/03/2021,Parsley Root Hilmar 24/09/2020 Ra.1 > L2 > Bed 128 12 bed m,Parsley Root,16.0,Bunches,Farmers Market,הדוכן יום ב,,No
01/03/2021,"Peas Sugar Snap 02/11/2020 Ra.3 > R6m > Beds 301, 304 12 bed m",Peas,1.3,Kilograms,Farmers Market,הדוכן יום ב,Full-Size,No
01/03/2021,Peas ורדה 16/09/2020 Ra.3 > R1 > Bed 306 12 bed m,Peas,0.2,Kilograms,Farmers Market,הדוכן יום ב,Full-Size,No
01/03/2021,Tatsoi Tatsoi 02/12/2020 Ra.2 > C2 > Bed 221 6 bed m,Tatsoi,0.3,Kilograms,Farmers Market,הדוכן יום ב,Baby Leaf,No
03/03/2021,Anise Hyssop אזוב מצוי 17/07/2018 HH > A > Bed 4 4 bed m,Anise Hyssop,1.0,Bunches,Wholesale,B2B,Full-Size,No
03/03/2021,Beets MIX עלי ביבי 07/10/2020 Ra.2 > C6m > Bed 201 6 bed m,Beets,0.0,Kilograms,Wholesale,B2B,Baby Leaf Greens,Yes
03/03/2021,Beets MIX עלי ביבי 07/10/2020 Ra.2 > C6m > Bed 201 6 bed m,Beets,0.6,Kilograms,Farmers Market,הדוכן יום ב,Baby Leaf Greens,Yes
03/03/2021,Beets MIX עלי ביבי 07/10/2020 Ra.2 > C6m > Bed 201 6 bed m,Beets,0.0,Kilograms,,Unknown outlet,Baby Leaf Greens,Yes
03/03/2021,Beets MIX עלי ביבי 07/10/2020 Ra.2 > C6m > Bed 201 6 bed m,Beets,0.0,Kilograms,Farmers Market,קטיף יום ה,Baby Leaf Greens,Yes
03/03/2021,Beets MIX עלי ביבי 18/11/2020 Ra.1 > L6m > Bed 101 6 bed m,Beets,2.0,Kilograms,Wholesale,B2B,Baby Leaf Greens,Yes
03/03/2021,Carrots Nantes Half Long 29/10/2020 Ra.2 > C2 > Bed 227 12 bed m,Carrots,3.0,Bunches,Wholesale,B2B,Full-Size,No
03/03/2021,Chard Fordhook Giant 22/10/2020 Ra.1 > L2 > Bed 130 12 bed m,Chard,,,Wholesale,B2B,Full-Size,Yes
03/03/2021,Chard Fordhook Giant 22/10/2020 Ra.1 > L2 > Bed 130 12 bed m,Chard,,,Farmers Market,הדוכן יום ב,Full-Size,Yes
03/03/2021,Chard Fordhook Giant 22/10/2020 Ra.1 > L2 > Bed 130 12 bed m,Chard,,,,Unknown outlet,Full-Size,Yes
03/03/2021,Chard Fordhook Giant 22/10/2020 Ra.1 > L2 > Bed 130 12 bed m,Chard,,,Farmers Market,קטיף יום ה,Full-Size,Yes
03/03/2021,Cress Watercress 23/09/2020 Ra.2 > C6m > Bed 207 6 bed m,Cress,,,Wholesale,B2B,Full-Size,Yes
03/03/2021,Cress Watercress 23/09/2020 Ra.2 > C6m > Bed 207 6 bed m,Cress,,,Farmers Market,הדוכן יום ב,Full-Size,Yes
03/03/2021,Cress Watercress 23/09/2020 Ra.2 > C6m > Bed 207 6 bed m,Cress,,,,Unknown outlet,Full-Size,Yes
03/03/2021,Cress Watercress 23/09/2020 Ra.2 > C6m > Bed 207 6 bed m,Cress,,,Farmers Market,קטיף יום ה,Full-Size,Yes
03/03/2021,Dill אמליה 14/10/2020 Ra.2 > C6m > Bed 202 6 bed m,Dill,0.0,Bunches,Wholesale,B2B,Leaf,Yes
03/03/2021,Dill אמליה 14/10/2020 Ra.2 > C6m > Bed 202 6 bed m,Dill,18.0,Bunches,Farmers Market,הדוכן יום ב,Leaf,Yes
03/03/2021,Dill אמליה 14/10/2020 Ra.2 > C6m > Bed 202 6 bed m,Dill,0.0,Bunches,,Unknown outlet,Leaf,Yes
03/03/2021,Dill אמליה 14/10/2020 Ra.2 > C6m > Bed 202 6 bed m,Dill,0.0,Bunches,Farmers Market,קטיף יום ה,Leaf,Yes
03/03/2021,Lettuce hyd. ערבית - נהורה נטע 30/12/2020 Ra.3 > R1 > Bed 312 12 bed m,Lettuce,3.0,Heads,Wholesale,B2B,Full-Size,No
03/03/2021,Mustard Red Giant 02/12/2020 Ra.2 > C2 > Bed 222 6 bed m,Mustard,0.3,Kilograms,Wholesale,B2B,Baby Leaf,No
03/03/2021,Parsley בורג'ו - נטע 30/07/2020 Ra.1 > L6m > Bed 103 6 bed m,Parsley,0.0,Bunches,Wholesale,B2B,Full-Size,Yes
03/03/2021,Parsley בורג'ו - נטע 30/07/2020 Ra.1 > L6m > Bed 103 6 bed m,Parsley,25.0,Bunches,Farmers Market,הדוכן יום ב,Full-Size,Yes
03/03/2021,Parsley בורג'ו - נטע 30/07/2020 Ra.1 > L6m > Bed 103 6 bed m,Parsley,0.0,Bunches,,Unknown outlet,Full-Size,Yes
03/03/2021,Parsley בורג'ו - נטע 30/07/2020 Ra.1 > L6m > Bed 103 6 bed m,Parsley,0.0,Bunches,Farmers Market,קטיף יום ה,Full-Size,Yes
03/03/2021,Radishes Nero Tondo 18/11/2020 Ra.1 > L1 > Bed 116 6 bed m,Radishes,1.0,Bunches,Wholesale,B2B,Full-Size,No
03/03/2021,Sage Common 17/07/2018 Ra.1 > L1 > Bed 109 8 bed m,Sage,1.0,Bunches,Wholesale,B2B,,No
04/03/2021,Arugula Arugula 02/12/2020 Ra.2 > C2 > Bed 218 12 bed m,Arugula,2.7,Kilograms,Farmers Market,קטיף יום ה,Baby Leaf,No
04/03/2021,Carrots Nantes Half Long 29/10/2020 Ra.2 > C2 > Bed 227 12 bed m,Carrots,18.0,Bunches,Farmers Market,קטיף יום ה,Full-Size,No
04/03/2021,Celery Gigante Dorato 27/08/2020 Ra.3 > R1 > Bed 314 12 bed m,Celery,40.0,Bunches,Farmers Market,קטיף יום ה,Full-Size,No
04/03/2021,Cilantro Santirini - נטע 09/12/2020 Ra.3 > R3 > Bed 332 12 bed m,Cilantro,12.0,Bunches,Farmers Market,קטיף יום ה,Leaf,No
04/03/2021,Fennel Orion 24/09/2020 Ra.2 > C1 > Bed 209 12 bed m,Fennel,8.7,Kilograms,Farmers Market,קטיף יום ה,Full-Size,No
04/03/2021,Kale Lacinato (Dinosaur) 12/01/2021 Zvika > zA > Beds 501-502 24 bed m,Kale,9.0,Bunches,Farmers Market,קטיף יום ה,Full-Size,No
04/03/2021,Lettuce hyd. ערבית - נהורה נטע 30/12/2020 Ra.3 > R1 > Bed 312 12 bed m,Lettuce,40.0,Heads,Farmers Market,קטיף יום ה,Full-Size,No
04/03/2021,Lettuce: Salad Mix Mesclun Mix 06/01/2021 Ra.3 > R2 > Bed 321 12 bed m,Lettuce: Salad Mix,1.6,Kilograms,Farmers Market,קטיף יום ה,Full-Size,No
04/03/2021,Lettuce: Salad Mix Salanova® Home Garden Mix 30/12/2020 Ra.3 > R2 > Bed 327 12 bed m,Lettuce: Salad Mix,40.0,Heads,Farmers Market,קטיף יום ה,Full-Size,No
04/03/2021,Mizuna mix red&green 02/12/2020 Ra.2 > C2 > Bed 222 6 bed m,Mizuna,1.1,Kilograms,Farmers Market,קטיף יום ה,Baby Leaf,No
04/03/2021,Mustard Red Giant 02/12/2020 Ra.2 > C2 > Bed 222 6 bed m,Mustard,0.4,Kilograms,Farmers Market,קטיף יום ה,Baby Leaf,No
04/03/2021,Parsley בורג'ו - נטע 05/10/2020 Ra.3 > R1 > Bed 309 12 bed m,Parsley,14.0,Bunches,Farmers Market,קטיף יום ה,Full-Size,No
04/03/2021,Parsley בורג'ו - נטע 20/07/2020 Ra.1 > L1 > Bed 118 12 bed m,Parsley,10.0,Bunches,Farmers Market,קטיף יום ה,Full-Size,No
04/03/2021,"Peas Sugar Snap 02/11/2020 Ra.3 > R6m > Beds 301, 304 12 bed m",Peas,0.35,Kilograms,Farmers Market,קטיף יום ה,Full-Size,No
04/03/2021,Peas Sugar Snap 09/12/2020 HH > B > Bed 11 12 bed m,Peas,0.5,Kilograms,Farmers Market,קטיף יום ה,Full-Size,No
04/03/2021,Peas ורדה 16/09/2020 Ra.3 > R1 > Bed 306 12 bed m,Peas,0.25,Kilograms,Farmers Market,קטיף יום ה,Full-Size,No
04/03/2021,Radishes Nero Tondo 18/11/2020 Ra.1 > L1 > Bed 116 6 bed m,Radishes,20.0,Bunches,Farmers Market,קטיף יום ה,Full-Size,No
04/03/2021,Spinach Regata ריגאטה 09/12/2020 Ra.2 > C6m > Bed 208 6 bed m,Spinach,2.0,Kilograms,Farmers Market,קטיף יום ה,Full-Size,No
08/03/2021,Arugula Arugula 02/12/2020 Ra.2 > C2 > Bed 218 12 bed m,Arugula,3.5,Kilograms,Farmers Market,הדוכן יום ב,Baby Leaf,No
08/03/2021,Carrots Nantes Half Long 29/10/2020 Ra.2 > C2 > Bed 227 12 bed m,Carrots,10.0,Bunches,Farmers Market,הדוכן יום ב,Full-Size,No
08/03/2021,Celery Gigante Dorato 27/08/2020 Ra.3 > R1 > Bed 314 12 bed m,Celery,15.0,Each,Farmers Market,הדוכן יום ב,Full-Size,No
08/03/2021,Chard Bright Lights 10/09/2020 Ra.1 > L2 > Bed 129 12 bed m,Chard,6.0,Bunches,Farmers Market,הדוכן יום ב,Full-Size,No
08/03/2021,Cilantro Santirini - נטע 09/12/2020 Ra.3 > R3 > Bed 332 12 bed m,Cilantro,14.0,Bunches,Farmers Market,הדוכן יום ב,Leaf,No
08/03/2021,Fennel Orion 24/09/2020 Ra.2 > C1 > Bed 209 12 bed m,Fennel,8.0,Kilograms,Farmers Market,הדוכן יום ב,Full-Size,No
08/03/2021,Kale Lacinato (Dinosaur) 12/01/2021 Zvika > zA > Beds 501-502 24 bed m,Kale,10.0,Bunches,Farmers Market,הדוכן יום ב,Full-Size,No
08/03/2021,Kale Red Russian 02/12/2020 Ra.2 > C2 > Bed 221 6 bed m,Kale,0.8,Kilograms,Farmers Market,הדוכן יום ב,Baby Leaf,No
08/03/2021,Lettuce hyd. ערבית - נהורה נטע 18/11/2020 Ra.3 > R3 > Bed 330 12 bed m,Lettuce,34.0,Heads,Farmers Market,הדוכן יום ב,Full-Size,No
08/03/2021,Lettuce hyd. ערבית - נהורה נטע 30/12/2020 Ra.3 > R1 > Bed 312 12 bed m,Lettuce,18.0,Heads,Farmers Market,הדוכן יום ב,Full-Size,No
08/03/2021,Lettuce: Salad Mix Salanova® Home Garden Mix 30/12/2020 Ra.3 > R2 > Bed 327 12 bed m,Lettuce: Salad Mix,40.0,Heads,Farmers Market,הדוכן יום ב,Full-Size,No
08/03/2021,Lettuce: Salad Mix נטע מיקס - Luna Nera+Cavalo 02/11/2020 Ra.3 > R1 > Bed 315 12 bed m,Lettuce: Salad Mix,3.8,Kilograms,Farmers Market,הדוכן יום ב,Full-Size,No
08/03/2021,Mizuna mix red&green 02/12/2020 Ra.2 > C2 > Bed 222 6 bed m,Mizuna,0.9,Kilograms,Farmers Market,הדוכן יום ב,Baby Leaf,No
08/03/2021,Mustard Red Giant 02/12/2020 Ra.2 > C2 > Bed 222 6 bed m,Mustard,0.9,Kilograms,Farmers Market,הדוכן יום ב,Baby Leaf,No
08/03/2021,New Zealand Spinach Tetragonia Specialty 14/09/2020 Ra.1 > L2 > Bed 131 12 bed m,New Zealand Spinach,3.4,Kilograms,Farmers Market,הדוכן יום ב,,No
08/03/2021,Onions: Scallions Red Bunching 18/11/2020 Ra.3 > R1 > Bed 310 6 bed m,Onions: Scallions,15.0,Bunches,Farmers Market,הדוכן יום ב,Full-Size,No
08/03/2021,Parsley בורג'ו - נטע 13/08/2020 Ra.1 > L1 > Bed 119 + 1 more Block 20 bed m,Parsley,30.0,Bunches,Farmers Market,הדוכן יום ב,Full-Size,No
08/03/2021,Radishes Nero Tondo 18/11/2020 Ra.1 > L1 > Bed 116 6 bed m,Radishes,5.0,Bunches,Farmers Market,הדוכן יום ב,Full-Size,No
08/03/2021,Sorrel Red Veined 21/11/2020 Ra.3 > R6m > Bed 303 6 bed m,Sorrel,0.4,Kilograms,Farmers Market,הדוכן יום ב,Baby Leaf,No
08/03/2021,Winter Squash Table Queen 18/01/2021  128 plants,Winter Squash,,,Wholesale,B2B,Plant sale,Yes
08/03/2021,Winter Squash Table Queen 18/01/2021  128 plants,Winter Squash,,,Farmers Market,הדוכן יום ב,Plant sale,Yes
08/03/2021,Winter Squash Table Queen 18/01/2021  128 plants,Winter Squash,,,,Unknown outlet,Plant sale,Yes
08/03/2021,Winter Squash Table Queen 18/01/2021  128 plants,Winter Squash,,,Farmers Market,קטיף יום ה,Plant sale,Yes
10/03/2021,Anise Hyssop אזוב מצוי 17/07/2018 HH > A > Bed 4 4 bed m,Anise Hyssop,4.0,Bunches,Wholesale,B2B,Full-Size,No
10/03/2021,Carrots Nantes Half Long 29/10/2020 Ra.2 > C2 > Bed 227 12 bed m,Carrots,13.0,Bunches,Wholesale,B2B,Full-Size,No
10/03/2021,Celery Gigante Dorato 27/08/2020 Ra.3 > R1 > Bed 314 12 bed m,Celery,8.0,Each,Wholesale,B2B,Full-Size,Yes
10/03/2021,Cress Watercress 02/12/2020 Ra.1 > L1 > Bed 110 8 bed m,Cress,0.5,Kilograms,Wholesale,B2B,Full-Size,No
10/03/2021,Fennel Orion 24/09/2020 Ra.2 > C1 > Bed 209 12 bed m,Fennel,8.0,Kilograms,Wholesale,B2B,Full-Size,Yes
10/03/2021,Kohlrabi קרף - נטע 18/11/2020 Ra.2 > C2 > Bed 217 12 bed m,Kohlrabi,1.7,Kilograms,Wholesale,B2B,Full-Size,No
10/03/2021,New Zealand Spinach Tetragonia Specialty 14/09/2020 Ra.1 > L2 > Bed 131 12 bed m,New Zealand Spinach,1.4,Kilograms,Wholesale,B2B,,Yes
10/03/2021,Peas Generic Variety 30/11/2020 HH > B > Bed 12 12 bed m,Peas,1.6,Kilograms,Wholesale,B2B,Full-Size,No
10/03/2021,"Peas Sugar Snap 02/11/2020 Ra.3 > R6m > Beds 301, 304 12 bed m",Peas,2.1,Kilograms,Wholesale,B2B,Full-Size,No
10/03/2021,Peas Sugar Snap 09/12/2020 HH > B > Bed 11 12 bed m,Peas,0.4,Kilograms,Wholesale,B2B,Full-Size,No
10/03/2021,Peas Yellow Sugar 02/12/2020 HH > A > Beds 5-6 18 bed m,Peas,0.18,Kilograms,Wholesale,B2B,Full-Size,No
10/03/2021,Peas Yellow Sugar 02/12/2020 HH > C > Bed 15 12 bed m,Peas,2.4,Kilograms,Wholesale,B2B,Full-Size,No
10/03/2021,Peas ורדה 16/09/2020 Ra.3 > R1 > Bed 306 12 bed m,Peas,1.0,Kilograms,Wholesale,B2B,Full-Size,No
10/03/2021,Radishes Nero Tondo 18/11/2020 Ra.1 > L1 > Bed 116 6 bed m,Radishes,4.0,Bunches,Wholesale,B2B,Full-Size,Yes
10/03/2021,Spinach Regata ריגאטה 09/12/2020 Ra.2 > C6m > Bed 208 6 bed m,Spinach,0.4,Kilograms,Wholesale,B2B,Full-Size,No
11/03/2021,Arugula Wild Rocket 16/12/2020 Ra.3 > R2 > Bed 324 12 bed m,Arugula,1.5,Kilograms,Farmers Market,קטיף יום ה,Baby Leaf,Yes
11/03/2021,Basil Dwarf Greek 21/01/2021  350 plants,Basil,50.0,plants,Farmers Market,קטיף יום ה,Plant sale,Yes
11/03/2021,Broccoli Generic Variety 25/11/2020 Ra.3 > R1 > Bed 313 12 bed m,Broccoli,1.0,Kilograms,Farmers Market,קטיף יום ה,Head,Yes
11/03/2021,Chard Bright Lights 10/09/2020 Ra.1 > L2 > Bed 129 12 bed m,Chard,10.0,Heads,Farmers Market,קטיף יום ה,Full-Size,Yes
11/03/2021,Chard Fordhook Giant 30/12/2020 Ra.1 > L2 > Bed 127 12 bed m,Chard,10.0,Heads,Farmers Market,קטיף יום ה,Full-Size,No
11/03/2021,Dill Generic Variety 21/01/2021  350 plants,Dill,50.0,plants,Farmers Market,קטיף יום ה,Plant sale,Yes
11/03/2021,Kale Lacinato (Dinosaur) 12/01/2021 Zvika > zA > Beds 501-502 24 bed m,Kale,6.0,Bunches,Farmers Market,קטיף יום ה,Full-Size,No
11/03/2021,Kale Red Russian 02/12/2020 Ra.2 > C2 > Bed 221 6 bed m,Kale,2.0,Kilograms,Farmers Market,קטיף יום ה,Baby Leaf,No
11/03/2021,Lettuce ערבית צהובת עלים 30/12/2020 Ra.3 > R2 > Bed 318 12 bed m,Lettuce,12.0,Heads,Farmers Market,קטיף יום ה,Full-Size,No
11/03/2021,Lettuce: Salad Mix Mesclun Mix 21/12/2020 Ra.3 > R3 > Beds 334-335 24 bed m,Lettuce: Salad Mix,1.3,Kilograms,Farmers Market,קטיף יום ה,Full-Size,No
11/03/2021,Lettuce: Salad Mix Salanova® Home Garden Mix 07/10/2020 Ra.3 > R3 > Bed 336 12 bed m,Lettuce: Salad Mix,15.0,Heads,Farmers Market,קטיף יום ה,Full-Size,Yes
11/03/2021,Lettuce: Salad Mix Salanova® Home Garden Mix 07/12/2020 Ra.3 > R3 > Bed 329 12 bed m,Lettuce: Salad Mix,15.0,Heads,Farmers Market,קטיף יום ה,Full-Size,No
11/03/2021,Lettuce: Salad Mix Salanova® Home Garden Mix 30/12/2020 Ra.3 > R2 > Bed 327 12 bed m,Lettuce: Salad Mix,15.0,Heads,Farmers Market,קטיף יום ה,Full-Size,No
11/03/2021,Lettuce: Salad Mix נטע מיקס - Luna Nera+Cavalo 02/11/2020 Ra.3 > R1 > Bed 315 12 bed m,Lettuce: Salad Mix,3.5,Kilograms,Farmers Market,קטיף יום ה,Full-Size,No
11/03/2021,Mint Common Mint 09/04/2020 side > 200 > Bed 3 6 bed m,Mint,14.0,Bunches,Farmers Market,קטיף יום ה,Full-Size,No
11/03/2021,Mizuna mix red&green 02/12/2020 Ra.2 > C2 > Bed 222 6 bed m,Mizuna,3.0,Kilograms,Farmers Market,קטיף יום ה,Baby Leaf,No
11/03/2021,Mizuna mix red&green 03/02/2021 Ra.3 > R3 > Bed 333 6 bed m,Mizuna,1.0,Kilograms,Farmers Market,קטיף יום ה,Baby Leaf,No
11/03/2021,Mustard Red Giant 02/12/2020 Ra.2 > C2 > Bed 222 6 bed m,Mustard,2.5,Kilograms,Farmers Market,קטיף יום ה,Baby Leaf,No
11/03/2021,Mustard Red Giant 03/02/2021 Ra.3 > R3 > Bed 333 6 bed m,Mustard,1.0,Kilograms,Farmers Market,קטיף יום ה,Baby Leaf,No
11/03/2021,Onions: Scallions Red Bunching 18/11/2020 Ra.3 > R1 > Bed 310 6 bed m,Onions: Scallions,19.0,Bunches,Farmers Market,קטיף יום ה,Full-Size,Yes
11/03/2021,Parsley Green Perle - מסולסלת 18/01/2021  160 plants,Parsley,300.0,plants,Farmers Market,קטיף יום ה,Plant sale,Yes
11/03/2021,Parsley בורג'ו - נטע 13/08/2020 Ra.1 > L1 > Bed 119 + 1 more Block 20 bed m,Parsley,7.0,Bunches,Farmers Market,קטיף יום ה,Full-Size,No
11/03/2021,Parsley בורג'ו - נטע 18/01/2021  500 plants,Parsley,0.0,plants,Farmers Market,קטיף יום ה,Plant sale,Yes
11/03/2021,"Peas Sugar Snap 02/11/2020 Ra.3 > R6m > Beds 301, 304 12 bed m",Peas,0.7,Kilograms,Farmers Market,קטיף יום ה,Full-Size,No
11/03/2021,Peas Sugar Snap 09/12/2020 HH > B > Bed 11 12 bed m,Peas,1.0,Kilograms,Farmers Market,קטיף יום ה,Full-Size,No
11/03/2021,Peas ורדה 02/12/2020 Zvika > zB > Bed 518 12 bed m,Peas,1.2,Kilograms,Farmers Market,קטיף יום ה,Full-Size,No
11/03/2021,Peas ורדה 16/09/2020 Ra.3 > R1 > Bed 306 12 bed m,Peas,1.0,Kilograms,Farmers Market,קטיף יום ה,Full-Size,No
11/03/2021,Spinach Regata ריגאטה 05/10/2020 Ra.2 > C2 > Bed 225 12 bed m,Spinach,1.5,Kilograms,Farmers Market,קטיף יום ה,Full-Size,No
11/03/2021,Sweet Pea Generic Variety 09/12/2020  200 plants,Sweet Pea,50.0,plants,Farmers Market,קטיף יום ה,Plant sale,Yes
11/03/2021,Sweet Pea Generic Variety 25/11/2020  200 plants,Sweet Pea,50.0,plants,Farmers Market,קטיף יום ה,Plant sale,Yes
11/03/2021,Winter Squash Red Kuri 18/01/2021  128 plants,Winter Squash,,,Wholesale,B2B,Plant sale,Yes
11/03/2021,Winter Squash Red Kuri 18/01/2021  128 plants,Winter Squash,,,Farmers Market,הדוכן יום ב,Plant sale,Yes
11/03/2021,Winter Squash Red Kuri 18/01/2021  128 plants,Winter Squash,,,,Unknown outlet,Plant sale,Yes
11/03/2021,Winter Squash Red Kuri 18/01/2021  128 plants,Winter Squash,,,Farmers Market,קטיף יום ה,Plant sale,Yes
12/03/2021,Parsley בורג'ו - נטע 20/07/2020 Ra.1 > L1 > Bed 118 12 bed m,Parsley,,,Wholesale,B2B,Full-Size,Yes
12/03/2021,Parsley בורג'ו - נטע 20/07/2020 Ra.1 > L1 > Bed 118 12 bed m,Parsley,,,Farmers Market,הדוכן יום ב,Full-Size,Yes
12/03/2021,Parsley בורג'ו - נטע 20/07/2020 Ra.1 > L1 > Bed 118 12 bed m,Parsley,,,,Unknown outlet,Full-Size,Yes
12/03/2021,Parsley בורג'ו - נטע 20/07/2020 Ra.1 > L1 > Bed 118 12 bed m,Parsley,,,Farmers Market,קטיף יום ה,Full-Size,Yes
15/03/2021,Arugula Arugula 02/12/2020 Ra.2 > C2 > Bed 218 12 bed m,Arugula,2.4,Kilograms,Farmers Market,הדוכן יום ב,Baby Leaf,No
15/03/2021,Broccoli Generic Variety 25/11/2020 Ra.3 > R1 > Bed 313 12 bed m,Broccoli,0.0,Kilograms,Farmers Market,הדוכן יום ב,Head,Yes
15/03/2021,Carrots Nantes Half Long 29/10/2020 Ra.2 > C2 > Bed 227 12 bed m,Carrots,32.0,Bunches,Farmers Market,הדוכן יום ב,Full-Size,Yes
15/03/2021,Celery Gigante Dorato 30/09/2020 Ra.1 > L1 > Bed 113 12 bed m,Celery,23.0,Bunches,Farmers Market,הדוכן יום ב,Full-Size,No
15/03/2021,Cilantro Santirini - נטע 25/11/2020 Ra.3 > R1 > Bed 305 12 bed m,Cilantro,31.0,Bunches,Farmers Market,הדוכן יום ב,Leaf,Yes
15/03/2021,Fennel Orion 24/09/2020 Ra.2 > C1 > Bed 209 12 bed m,Fennel,8.0,Kilograms,Farmers Market,הדוכן יום ב,Full-Size,No
15/03/2021,Kale Lacinato (Dinosaur) 12/01/2021 Zvika > zA > Beds 501-502 24 bed m,Kale,8.0,Bunches,Farmers Market,הדוכן יום ב,Full-Size,No
15/03/2021,Kale גומן 02/12/2020 Ra.1 > L2 > Bed 125 12 bed m,Kale,4.0,Bunches,Farmers Market,הדוכן יום ב,Full-Size,No
15/03/2021,Leeks Alto 02/12/2020 Ra.1 > L6m > Beds 106-108 18 bed m,Leeks,30.0,Bunches,Farmers Market,הדוכן יום ב,,No
15/03/2021,Lettuce hyd. ערבית - נהורה נטע 30/12/2020 Ra.3 > R1 > Bed 312 12 bed m,Lettuce,40.0,Heads,Farmers Market,הדוכן יום ב,Full-Size,No
15/03/2021,Lettuce: Salad Mix Mesclun Mix 06/01/2021 Ra.3 > R2 > Bed 321 12 bed m,Lettuce: Salad Mix,3.0,Kilograms,Farmers Market,הדוכן יום ב,Full-Size,No
15/03/2021,Lettuce: Salad Mix Salanova® Home Garden Mix 30/12/2020 Ra.3 > R2 > Bed 327 12 bed m,Lettuce: Salad Mix,40.0,Heads,Farmers Market,הדוכן יום ב,Full-Size,No
15/03/2021,Lettuce: Salad Mix נטע מיקס - Luna Nera+Cavalo 02/11/2020 Ra.3 > R1 > Bed 315 12 bed m,Lettuce: Salad Mix,5.0,Kilograms,Farmers Market,הדוכן יום ב,Full-Size,Yes
15/03/2021,Mustard Red Giant 02/12/2020 Ra.2 > C2 > Bed 222 6 bed m,Mustard,0.8,Kilograms,Farmers Market,הדוכן יום ב,Baby Leaf,No
15/03/2021,Parsley Root Hilmar 24/09/2020 Ra.1 > L2 > Bed 128 12 bed m,Parsley Root,15.0,Bunches,Farmers Market,הדוכן יום ב,,No
15/03/2021,"Peas Sugar Snap 02/11/2020 Ra.3 > R6m > Beds 301, 304 12 bed m",Peas,0.25,Kilograms,Farmers Market,הדוכן יום ב,Full-Size,No
15/03/2021,Peas ורדה 16/09/2020 Ra.3 > R1 > Bed 306 12 bed m,Peas,0.5,Kilograms,Farmers Market,הדוכן יום ב,Full-Size,No
15/03/2021,Spinach Regata ריגאטה 05/10/2020 Ra.2 > C2 > Bed 225 12 bed m,Spinach,3.0,Kilograms,Farmers Market,הדוכן יום ב,Full-Size,No
17/03/2021,Celery Gigante Dorato 30/09/2020 Ra.1 > L1 > Bed 113 12 bed m,Celery,,,Wholesale,B2B,Full-Size,Yes
17/03/2021,Celery Gigante Dorato 30/09/2020 Ra.1 > L1 > Bed 113 12 bed m,Celery,,,Farmers Market,הדוכן יום ב,Full-Size,Yes
17/03/2021,Celery Gigante Dorato 30/09/2020 Ra.1 > L1 > Bed 113 12 bed m,Celery,,,,Unknown outlet,Full-Size,Yes
17/03/2021,Celery Gigante Dorato 30/09/2020 Ra.1 > L1 > Bed 113 12 bed m,Celery,,,Farmers Market,קטיף יום ה,Full-Size,Yes
17/03/2021,Lettuce: Salad Mix Mesclun Mix 21/12/2020 Ra.3 > R3 > Beds 334-335 24 bed m,Lettuce: Salad Mix,,,Wholesale,B2B,Full-Size,Yes
17/03/2021,Lettuce: Salad Mix Mesclun Mix 21/12/2020 Ra.3 > R3 > Beds 334-335 24 bed m,Lettuce: Salad Mix,,,Farmers Market,הדוכן יום ב,Full-Size,Yes
17/03/2021,Lettuce: Salad Mix Mesclun Mix 21/12/2020 Ra.3 > R3 > Beds 334-335 24 bed m,Lettuce: Salad Mix,,,,Unknown outlet,Full-Size,Yes
17/03/2021,Lettuce: Salad Mix Mesclun Mix 21/12/2020 Ra.3 > R3 > Beds 334-335 24 bed m,Lettuce: Salad Mix,,,Farmers Market,קטיף יום ה,Full-Size,Yes
18/03/2021,Arugula Arugula 13/01/2021 Ra.3 > R1 > Bed 308 12 bed m,Arugula,2.0,Kilograms,Farmers Market,קטיף יום ה,Baby Leaf,No
18/03/2021,Cilantro Santirini - נטע 05/11/2020 Ra.3 > R2 > Bed 319 12 bed m,Cilantro,8.0,Bunches,Farmers Market,קטיף יום ה,Leaf,No
18/03/2021,Cilantro Santirini - נטע 09/12/2020 Ra.3 > R3 > Bed 332 12 bed m,Cilantro,45.0,Bunches,Farmers Market,קטיף יום ה,Leaf,Yes
18/03/2021,Dill hyd. Emilya 06/01/2021 Hyd. S - no beds selected 720 plants,Dill,25.0,Bunches,Farmers Market,קטיף יום ה,Leaf,No
18/03/2021,Garlic שני - מהגינה 08/10/2020 HH > C > Beds 16-18 36 bed m,Garlic,40.0,Bunches,Farmers Market,קטיף יום ה,Scapes,Yes
18/03/2021,Kale Lacinato (Dinosaur) 12/01/2021 Zvika > zA > Beds 501-502 24 bed m,Kale,5.0,Bunches,Farmers Market,קטיף יום ה,Full-Size,No
18/03/2021,Kale Red Russian 02/12/2020 Ra.2 > C2 > Bed 221 6 bed m,Kale,0.6,Kilograms,Farmers Market,קטיף יום ה,Baby Leaf,No
18/03/2021,Lettuce hyd. ערבית - נהורה נטע 30/12/2020 Ra.3 > R1 > Bed 312 12 bed m,Lettuce,,,Wholesale,B2B,Full-Size,Yes
18/03/2021,Lettuce hyd. ערבית - נהורה נטע 30/12/2020 Ra.3 > R1 > Bed 312 12 bed m,Lettuce,,,Farmers Market,הדוכן יום ב,Full-Size,Yes
18/03/2021,Lettuce hyd. ערבית - נהורה נטע 30/12/2020 Ra.3 > R1 > Bed 312 12 bed m,Lettuce,,,,Unknown outlet,Full-Size,Yes
18/03/2021,Lettuce hyd. ערבית - נהורה נטע 30/12/2020 Ra.3 > R1 > Bed 312 12 bed m,Lettuce,,,Farmers Market,קטיף יום ה,Full-Size,Yes
18/03/2021,Lettuce hyd. ערבית - נהורה נטע 30/12/2020 Ra.3 > R1 > Bed 312 12 bed m,Lettuce,60.0,Heads,Farmers Market,קטיף יום ה,Full-Size,No
18/03/2021,Lettuce: Salad Mix Mesclun Mix 06/01/2021 Ra.3 > R2 > Bed 321 12 bed m,Lettuce: Salad Mix,1.2,Kilograms,Farmers Market,קטיף יום ה,Full-Size,No
18/03/2021,Lettuce: Salad Mix Nussly 09/12/2020 Ra.2 > C6m > Bed 205 6 bed m,Lettuce: Salad Mix,1.3,Kilograms,Farmers Market,קטיף יום ה,Full-Size,No
18/03/2021,Lettuce: Salad Mix Salanova® Home Garden Mix 30/12/2020 Ra.3 > R2 > Bed 327 12 bed m,Lettuce: Salad Mix,75.0,Heads,Farmers Market,קטיף יום ה,Full-Size,Yes
18/03/2021,Mizuna mix red&green 03/02/2021 Ra.3 > R3 > Bed 333 6 bed m,Mizuna,1.5,Kilograms,Farmers Market,קטיף יום ה,Baby Leaf,No
18/03/2021,Mustard Red Giant 02/12/2020 Ra.2 > C2 > Bed 222 6 bed m,Mustard,2.2,Kilograms,Farmers Market,קטיף יום ה,Baby Leaf,No
18/03/2021,New Zealand Spinach Tetragonia Specialty 02/12/2020 HH > C > Bed 14 12 bed m,New Zealand Spinach,6.0,Kilograms,Farmers Market,קטיף יום ה,,No
18/03/2021,Parsley Root Hilmar 24/09/2020 Ra.1 > L2 > Bed 128 12 bed m,Parsley Root,10.0,Bunches,Farmers Market,קטיף יום ה,,No
18/03/2021,Peas Generic Variety 30/11/2020 HH > B > Bed 12 12 bed m,Peas,0.6,Kilograms,Farmers Market,קטיף יום ה,Full-Size,Yes
18/03/2021,"Peas Sugar Snap 02/11/2020 Ra.3 > R6m > Beds 301, 304 12 bed m",Peas,0.25,Kilograms,Farmers Market,קטיף יום ה,Full-Size,No
18/03/2021,Peas Sugar Snap 09/12/2020 HH > B > Bed 11 12 bed m,Peas,0.8,Kilograms,Farmers Market,קטיף יום ה,Full-Size,Yes
18/03/2021,Peas Yellow Sugar 02/12/2020 HH > A > Beds 5-6 18 bed m,Peas,0.75,Kilograms,Farmers Market,קטיף יום ה,Full-Size,Yes
18/03/2021,Peas Yellow Sugar 02/12/2020 HH > C > Bed 15 12 bed m,Peas,1.5,Kilograms,Farmers Market,קטיף יום ה,Full-Size,Yes
18/03/2021,Peas ורדה 02/12/2020 HH > A > Bed 5 + 1 more Block 18 bed m,Peas,1.0,Kilograms,Farmers Market,קטיף יום ה,Full-Size,No
18/03/2021,Radishes French Breakfast 21/01/2021 HH > A > Bed 1 6 bed m,Radishes,15.0,Bunches,Farmers Market,קטיף יום ה,Full-Size,No
18/03/2021,Radishes צנון לבן z1015 11/01/2021 HH > A > Bed 2 6 bed m,Radishes,8.0,Bunches,Farmers Market,קטיף יום ה,Full-Size,No
18/03/2021,Sage Common 17/07/2018 Ra.1 > L1 > Bed 109 8 bed m,Sage,6.0,Bunches,Farmers Market,קטיף יום ה,,No
22/03/2021,Arugula Arugula 02/12/2020 Ra.2 > C2 > Bed 218 12 bed m,Arugula,1.0,Kilograms,Farmers Market,הדוכן יום ב,Baby Leaf,Yes
22/03/2021,Beets Bull's Blood 23/11/2020 Ra.1 > L2 > Bed 126 12 bed m,Beets,9.0,Bunches,Farmers Market,הדוכן יום ב,Full-Size Root,No
22/03/2021,Chard Fordhook Giant 30/12/2020 Ra.1 > L2 > Bed 127 12 bed m,Chard,5.0,Bunches,Farmers Market,הדוכן יום ב,Full-Size,No
22/03/2021,Cilantro hyd. Santoriny 06/01/2021 Hyd. S - no beds selected 720 plants,Cilantro,40.0,Bunches,Farmers Market,הדוכן יום ב,Leaf,No
22/03/2021,Cilantro Santirini - נטע 05/11/2020 Ra.3 > R2 > Bed 319 12 bed m,Cilantro,0.0,Bunches,Farmers Market,הדוכן יום ב,Leaf,Yes
22/03/2021,Dill hyd. Emilya 06/01/2021 Hyd. S - no beds selected 720 plants,Dill,15.0,Bunches,Farmers Market,הדוכן יום ב,Leaf,No
22/03/2021,Dill אמליה 09/12/2020 Ra.2 > C2 > Bed 219 12 bed m,Dill,0.0,Bunches,Farmers Market,הדוכן יום ב,Leaf,Yes
22/03/2021,Kale Lacinato (Dinosaur) 12/01/2021 Zvika > zA > Beds 501-502 24 bed m,Kale,5.0,Bunches,Farmers Market,הדוכן יום ב,Full-Size,No
22/03/2021,Kale Red Russian 02/12/2020 Ra.2 > C2 > Bed 221 6 bed m,Kale,1.1,Kilograms,Farmers Market,הדוכן יום ב,Baby Leaf,Yes
22/03/2021,Kohlrabi Generic Variety 02/11/2020 Ra.2 > C2 > Bed 220 12 bed m,Kohlrabi,13.3,Kilograms,Farmers Market,הדוכן יום ב,Full-Size,Yes
22/03/2021,Leeks Alto 02/12/2020 Ra.1 > L6m > Beds 106-108 18 bed m,Leeks,28.0,Bunches,Farmers Market,הדוכן יום ב,,No
22/03/2021,Lettuce hyd. ערבית - נהורה נטע 18/11/2020 Ra.3 > R3 > Bed 330 12 bed m,Lettuce,49.0,Heads,Farmers Market,הדוכן יום ב,Full-Size,No
22/03/2021,Lettuce: Salad Mix Mesclun Mix 10/02/2021 Ra.2 > C2 > Bed 228 12 bed m,Lettuce: Salad Mix,1.4,Kilograms,Farmers Market,הדוכן יום ב,Full-Size,No
22/03/2021,Lettuce: Salad Mix Nussly 09/12/2020 Ra.2 > C6m > Bed 205 6 bed m,Lettuce: Salad Mix,1.2,Kilograms,Farmers Market,הדוכן יום ב,Full-Size,No
22/03/2021,Lettuce: Salad Mix נטע מיקס - Luna Nera+Cavalo 13/01/2021 Ra.2 > C2 > Bed 224 12 bed m,Lettuce: Salad Mix,5.3,Kilograms,Farmers Market,הדוכן יום ב,Full-Size,No
22/03/2021,Mizuna mix red&green 02/12/2020 Ra.2 > C2 > Bed 222 6 bed m,Mizuna,0.6,Kilograms,Farmers Market,הדוכן יום ב,Baby Leaf,Yes
22/03/2021,Mustard Red Giant 02/12/2020 Ra.2 > C2 > Bed 222 6 bed m,Mustard,1.0,Kilograms,Farmers Market,הדוכן יום ב,Baby Leaf,Yes
22/03/2021,Parsley Root Hilmar 24/09/2020 Ra.1 > L2 > Bed 128 12 bed m,Parsley Root,11.0,Bunches,Farmers Market,הדוכן יום ב,,No
22/03/2021,Parsley בורג'ו - נטע 05/10/2020 Ra.3 > R1 > Bed 309 12 bed m,Parsley,31.0,Bunches,Farmers Market,הדוכן יום ב,Full-Size,No
22/03/2021,"Peas Sugar Snap 02/11/2020 Ra.3 > R6m > Beds 301, 304 12 bed m",Peas,0.59,Kilograms,Farmers Market,הדוכן יום ב,Full-Size,No
22/03/2021,Peas ורדה 16/09/2020 Ra.3 > R1 > Bed 306 12 bed m,Peas,1.0,Kilograms,Farmers Market,הדוכן יום ב,Full-Size,No
22/03/2021,Spinach Regata ריגאטה 09/12/2020 Ra.2 > C6m > Bed 208 6 bed m,Spinach,2.3,Kilograms,Farmers Market,הדוכן יום ב,Full-Size,No
23/03/2021,Lettuce hyd. ערבית - נהורה נטע 18/11/2020 Ra.3 > R3 > Bed 330 12 bed m,Lettuce,,,Wholesale,B2B,Full-Size,Yes
23/03/2021,Lettuce hyd. ערבית - נהורה נטע 18/11/2020 Ra.3 > R3 > Bed 330 12 bed m,Lettuce,,,Farmers Market,הדוכן יום ב,Full-Size,Yes
23/03/2021,Lettuce hyd. ערבית - נהורה נטע 18/11/2020 Ra.3 > R3 > Bed 330 12 bed m,Lettuce,,,,Unknown outlet,Full-Size,Yes
23/03/2021,Lettuce hyd. ערבית - נהורה נטע 18/11/2020 Ra.3 > R3 > Bed 330 12 bed m,Lettuce,,,Farmers Market,קטיף יום ה,Full-Size,Yes
25/03/2021,Cilantro hyd. Santoriny 06/01/2021 Hyd. S - no beds selected 720 plants,Cilantro,60.0,Bunches,Farmers Market,קטיף יום ה,Leaf,No
25/03/2021,Dill hyd. Emilya 06/01/2021 Hyd. S - no beds selected 720 plants,Dill,25.0,Bunches,Farmers Market,קטיף יום ה,Leaf,No
25/03/2021,Fennel Orion 23/11/2020 Ra.1 > L1 > Bed 120 12 bed m,Fennel,11.0,Kilograms,Farmers Market,קטיף יום ה,Full-Size,No
25/03/2021,Garlic שני - מהגינה 22/10/2020 Ra.4 > Lo24 > Beds 401-402 36 bed m,Garlic,75.4,Kilograms,Farmers Market,קטיף יום ה,Bulb,Yes
25/03/2021,Kale Lacinato (Dinosaur) 12/01/2021 Zvika > zA > Beds 501-502 24 bed m,Kale,11.0,Bunches,Farmers Market,קטיף יום ה,Full-Size,No
25/03/2021,Kohlrabi קרף - נטע 18/11/2020 Ra.2 > C2 > Bed 217 12 bed m,Kohlrabi,4.0,Kilograms,Farmers Market,קטיף יום ה,Full-Size,No
25/03/2021,Leeks Alto 02/12/2020 Ra.1 > L6m > Beds 106-108 18 bed m,Leeks,8.0,Bunches,Farmers Market,קטיף יום ה,,No
25/03/2021,Lettuce hyd. מסולסלת 11/02/2021 Hyd. S - no beds selected 256 plants,Lettuce,40.0,Heads,Farmers Market,קטיף יום ה,Full-Size,No
25/03/2021,Lettuce: Salad Mix Mesclun Mix 10/02/2021 Ra.2 > C2 > Bed 228 12 bed m,Lettuce: Salad Mix,1.5,Kilograms,Farmers Market,קטיף יום ה,Full-Size,No
25/03/2021,Lettuce: Salad Mix Nussly 09/12/2020 Ra.2 > C6m > Bed 205 6 bed m,Lettuce: Salad Mix,0.7,Kilograms,Farmers Market,קטיף יום ה,Full-Size,No
25/03/2021,Lettuce: Salad Mix Salanova® Home Garden Mix 07/12/2020 Ra.3 > R3 > Bed 329 12 bed m,Lettuce: Salad Mix,82.0,Heads,Farmers Market,קטיף יום ה,Full-Size,No
25/03/2021,Lettuce: Salad Mix נטע מיקס - Luna Nera+Cavalo 13/01/2021 Ra.2 > C2 > Bed 224 12 bed m,Lettuce: Salad Mix,1.5,Kilograms,Farmers Market,קטיף יום ה,Full-Size,No
25/03/2021,Mizuna mix red&green 03/02/2021 Ra.3 > R3 > Bed 333 6 bed m,Mizuna,1.3,Kilograms,Farmers Market,קטיף יום ה,Baby Leaf,No
25/03/2021,Mustard Red Giant 03/02/2021 Ra.3 > R3 > Bed 333 6 bed m,Mustard,1.3,Kilograms,Farmers Market,קטיף יום ה,Baby Leaf,No
25/03/2021,Parsley Root Hilmar 24/09/2020 Ra.1 > L2 > Bed 128 12 bed m,Parsley Root,6.0,Bunches,Farmers Market,קטיף יום ה,,Yes
25/03/2021,Parsley בורג'ו - נטע 05/10/2020 Ra.3 > R1 > Bed 309 12 bed m,Parsley,14.0,Bunches,Farmers Market,קטיף יום ה,Full-Size,No
25/03/2021,"Peas Sugar Snap 02/11/2020 Ra.3 > R6m > Beds 301, 304 12 bed m",Peas,0.2,Kilograms,Farmers Market,קטיף יום ה,Full-Size,No
25/03/2021,Spinach Regata ריגאטה 09/12/2020 Ra.2 > C6m > Bed 208 6 bed m,Spinach,3.2,Kilograms,Farmers Market,קטיף יום ה,Full-Size,No
27/03/2021,Sorrel Red Veined 21/11/2020 Ra.3 > R6m > Bed 303 6 bed m,Sorrel,,,Wholesale,B2B,Baby Leaf,Yes
27/03/2021,Sorrel Red Veined 21/11/2020 Ra.3 > R6m > Bed 303 6 bed m,Sorrel,,,Farmers Market,הדוכן יום ב,Baby Leaf,Yes
27/03/2021,Sorrel Red Veined 21/11/2020 Ra.3 > R6m > Bed 303 6 bed m,Sorrel,,,,Unknown outlet,Baby Leaf,Yes
27/03/2021,Sorrel Red Veined 21/11/2020 Ra.3 > R6m > Bed 303 6 bed m,Sorrel,,,Farmers Market,קטיף יום ה,Baby Leaf,Yes
29/03/2021,Arugula Wild Rocket 16/12/2020 Ra.3 > R2 > Bed 324 12 bed m,Arugula,0.0,Kilograms,Farmers Market,קטיף יום ה,Baby Leaf,No
29/03/2021,Beets Bull's Blood 23/11/2020 Ra.1 > L2 > Bed 126 12 bed m,Beets,7.0,Bunches,Farmers Market,קטיף יום ה,Full-Size Root,No
29/03/2021,Cabbage Generic Variety 12/10/2020 Ra.4 > Lo18 > Bed 404 18 bed m,Cabbage,10.0,Kilograms,Farmers Market,קטיף יום ה,Full-Size,No
29/03/2021,Cilantro hyd. Santoriny 06/01/2021 Hyd. S - no beds selected 720 plants,Cilantro,40.0,Bunches,Farmers Market,קטיף יום ה,Leaf,No
29/03/2021,Dill hyd. Emilya 13/02/2021 Hyd. S - no beds selected 420 plants,Dill,10.0,Bunches,Farmers Market,קטיף יום ה,Leaf,No
29/03/2021,Fennel Orion 23/11/2020 Ra.1 > L1 > Bed 120 12 bed m,Fennel,19.2,Kilograms,Farmers Market,קטיף יום ה,Full-Size,Yes
29/03/2021,Kale גומן 02/12/2020 Ra.1 > L2 > Bed 125 12 bed m,Kale,0.0,Bunches,Farmers Market,קטיף יום ה,Full-Size,Yes
29/03/2021,Leeks Alto 02/12/2020 Ra.1 > L6m > Beds 106-108 18 bed m,Leeks,18.0,Bunches,Farmers Market,קטיף יום ה,,No
29/03/2021,Lettuce hyd. מסולסלת 11/02/2021 Hyd. S - no beds selected 256 plants,Lettuce,40.0,Heads,Farmers Market,קטיף יום ה,Full-Size,No
29/03/2021,Lettuce IceBerg - לימור 30/12/2020 Ra.4 > Lo18 > Bed 405 18 bed m,Lettuce,10.0,Heads,Farmers Market,קטיף יום ה,Full-Size,No
29/03/2021,Lettuce: Salad Mix Mesclun Mix 03/02/2021 Ra.3 > R3 > Bed 331 12 bed m,Lettuce: Salad Mix,0.0,Kilograms,Farmers Market,קטיף יום ה,Full-Size,No
29/03/2021,Lettuce: Salad Mix Mesclun Mix 06/01/2021 Ra.3 > R2 > Bed 321 12 bed m,Lettuce: Salad Mix,2.0,Kilograms,Farmers Market,קטיף יום ה,Full-Size,Yes
29/03/2021,Lettuce: Salad Mix Mesclun Mix 13/01/2021 Ra.3 > R2 > Beds 322-323 24 bed m,Lettuce: Salad Mix,2.7,Kilograms,Farmers Market,קטיף יום ה,Full-Size,Yes
29/03/2021,Lettuce: Salad Mix Nussly 09/12/2020 Ra.2 > C6m > Bed 205 6 bed m,Lettuce: Salad Mix,0.8,Kilograms,Farmers Market,קטיף יום ה,Full-Size,No
29/03/2021,Lettuce: Salad Mix Salanova® Home Garden Mix 07/12/2020 Ra.3 > R3 > Bed 329 12 bed m,Lettuce: Salad Mix,42.0,Kilograms,Farmers Market,קטיף יום ה,Full-Size,No
29/03/2021,Lettuce: Salad Mix נטע מיקס - Luna Nera+Cavalo 13/01/2021 Ra.2 > C2 > Bed 224 12 bed m,Lettuce: Salad Mix,3.4,Kilograms,Farmers Market,קטיף יום ה,Full-Size,No
29/03/2021,Mustard Red Giant 03/02/2021 Ra.3 > R3 > Bed 333 6 bed m,Mustard,0.7,Kilograms,Farmers Market,קטיף יום ה,Baby Leaf,No
29/03/2021,New Zealand Spinach Tetragonia Specialty 02/09/2020 HH > C > Bed 13 12 bed m,New Zealand Spinach,7.0,Kilograms,Farmers Market,קטיף יום ה,,No
29/03/2021,Peas ורדה 16/09/2020 Ra.3 > R1 > Bed 306 12 bed m,Peas,0.7,Kilograms,Farmers Market,קטיף יום ה,Full-Size,Yes
29/03/2021,Radishes Daikon Long 23/11/2020 HH > B > Bed 10 6 bed m,Radishes,6.0,Each,Farmers Market,קטיף יום ה,Full-Size,No
29/03/2021,Spinach Regata ריגאטה 09/12/2020 Ra.2 > C6m > Bed 208 6 bed m,Spinach,1.8,Kilograms,Farmers Market,קטיף יום ה,Full-Size,No
29/03/2021,Spinach Regata ריגאטה 31/12/2020 Ra.2 > C1 > Beds 211-212 24 bed m,Spinach,0.3,Bunches,Farmers Market,קטיף יום ה,Full-Size,No
29/03/2021,Turnips lodigiana לבן שטוח 21/01/2021 HH > A > Bed 3 6 bed m,Turnips,6.0,Bunches,Farmers Market,קטיף יום ה,Full-Size,No
01/04/2021,Beets Bull's Blood 23/11/2020 Ra.1 > L2 > Bed 126 12 bed m,Beets,7.0,Bunches,Farmers Market,קטיף יום ה,Full-Size Root,Yes
01/04/2021,Beets Chioggia Guardsmark 09/12/2020 Ra.1 > L2 > Bed 121 12 bed m,Beets,3.0,Bunches,Farmers Market,קטיף יום ה,Full-Size Root,No
01/04/2021,Beets Generic Variety 02/11/2020 Ra.1 > L2 > Bed 122 12 bed m,Beets,8.0,Bunches,Farmers Market,קטיף יום ה,Full-Size Root,No
01/04/2021,Cabbage Generic Variety 12/10/2020 Ra.4 > Lo18 > Bed 404 18 bed m,Cabbage,9.0,Kilograms,Farmers Market,קטיף יום ה,Full-Size,No
01/04/2021,Celery hyd. Giant Dorato 11/10/2020 Hyd. S - no beds selected 288 plants,Celery,27.0,Heads,Farmers Market,קטיף יום ה,Full-Size,No
01/04/2021,Cilantro hyd. Santoriny 18/01/2021 Hyd. S - no beds selected 600 plants,Cilantro,40.0,Bunches,Farmers Market,קטיף יום ה,Leaf,No
01/04/2021,Kale Lacinato (Dinosaur) 12/01/2021 Zvika > zA > Beds 501-502 24 bed m,Kale,10.0,Bunches,Farmers Market,קטיף יום ה,Full-Size,No
01/04/2021,Leeks Alto 02/12/2020 Ra.1 > L6m > Beds 106-108 18 bed m,Leeks,43.0,Each,Farmers Market,קטיף יום ה,,Yes
01/04/2021,Lettuce hyd. מסולסלת 11/02/2021 Hyd. S - no beds selected 256 plants,Lettuce,,,Wholesale,B2B,Full-Size,Yes
01/04/2021,Lettuce hyd. מסולסלת 11/02/2021 Hyd. S - no beds selected 256 plants,Lettuce,,,Farmers Market,הדוכן יום ב,Full-Size,Yes
01/04/2021,Lettuce hyd. מסולסלת 11/02/2021 Hyd. S - no beds selected 256 plants,Lettuce,,,,Unknown outlet,Full-Size,Yes
01/04/2021,Lettuce hyd. מסולסלת 11/02/2021 Hyd. S - no beds selected 256 plants,Lettuce,,,Farmers Market,קטיף יום ה,Full-Size,Yes
01/04/2021,Lettuce hyd. מסולסלת 11/02/2021 Hyd. S - no beds selected 256 plants,Lettuce,45.0,Heads,Farmers Market,קטיף יום ה,Full-Size,No
01/04/2021,Lettuce IceBerg - לימור 30/12/2020 Ra.4 > Lo18 > Bed 405 18 bed m,Lettuce,20.0,Heads,Farmers Market,קטיף יום ה,Full-Size,No
01/04/2021,Lettuce ערבית צהובת עלים 30/12/2020 Ra.3 > R2 > Bed 318 12 bed m,Lettuce,20.0,Heads,Farmers Market,קטיף יום ה,Full-Size,No
01/04/2021,Lettuce: Salad Mix Mesclun Mix 03/02/2021 Ra.3 > R3 > Bed 331 12 bed m,Lettuce: Salad Mix,3.7,Kilograms,Farmers Market,קטיף יום ה,Full-Size,No
01/04/2021,Lettuce: Salad Mix Salanova® Home Garden Mix 07/12/2020 Ra.3 > R3 > Bed 329 12 bed m,Lettuce: Salad Mix,153.0,Heads,Farmers Market,קטיף יום ה,Full-Size,Yes
01/04/2021,Mustard Red Giant 03/02/2021 Ra.3 > R3 > Bed 333 6 bed m,Mustard,0.6,Kilograms,Farmers Market,קטיף יום ה,Baby Leaf,No
01/04/2021,Onions: Scallions hyd.  אפצ׳ה אדום 06/01/2021 Hyd. S - no beds selected 192 plants,Onions: Scallions,25.0,Bunches,Farmers Market,קטיף יום ה,Full-Size,No
01/04/2021,Parsley hyd. Borjo 06/01/2021 Hyd. S - no beds selected 600 plants,Parsley,30.0,Bunches,Farmers Market,קטיף יום ה,Full-Size,No
01/04/2021,"Peas Sugar Snap 02/11/2020 Ra.3 > R6m > Beds 301, 304 12 bed m",Peas,0.6,Kilograms,Farmers Market,קטיף יום ה,Full-Size,No
01/04/2021,"Peas Sugar Snap 02/11/2020 Ra.3 > R6m > Beds 301, 304 12 bed m",Peas,,,Wholesale,B2B,Full-Size,Yes
01/04/2021,"Peas Sugar Snap 02/11/2020 Ra.3 > R6m > Beds 301, 304 12 bed m",Peas,,,Farmers Market,הדוכן יום ב,Full-Size,Yes
01/04/2021,"Peas Sugar Snap 02/11/2020 Ra.3 > R6m > Beds 301, 304 12 bed m",Peas,,,,Unknown outlet,Full-Size,Yes
01/04/2021,"Peas Sugar Snap 02/11/2020 Ra.3 > R6m > Beds 301, 304 12 bed m",Peas,,,Farmers Market,קטיף יום ה,Full-Size,Yes
01/04/2021,Spinach Regata ריגאטה 05/10/2020 Ra.2 > C2 > Bed 225 12 bed m,Spinach,2.1,Kilograms,Farmers Market,קטיף יום ה,Full-Size,No
01/04/2021,Spinach Regata ריגאטה 05/10/2020 Ra.2 > C2 > Bed 225 12 bed m,Spinach,,,Wholesale,B2B,Full-Size,Yes
01/04/2021,Spinach Regata ריגאטה 05/10/2020 Ra.2 > C2 > Bed 225 12 bed m,Spinach,,,Farmers Market,הדוכן יום ב,Full-Size,Yes
01/04/2021,Spinach Regata ריגאטה 05/10/2020 Ra.2 > C2 > Bed 225 12 bed m,Spinach,,,,Unknown outlet,Full-Size,Yes
01/04/2021,Spinach Regata ריגאטה 05/10/2020 Ra.2 > C2 > Bed 225 12 bed m,Spinach,,,Farmers Market,קטיף יום ה,Full-Size,Yes
06/04/2021,"Lettuce May queen - Regina di Maggio 25/11/2020 Ra.3 > R6m > Beds 301, 304 12 bed m",Lettuce,,,Wholesale,B2B,Full-Size,Yes
06/04/2021,"Lettuce May queen - Regina di Maggio 25/11/2020 Ra.3 > R6m > Beds 301, 304 12 bed m",Lettuce,,,Farmers Market,הדוכן יום ב,Full-Size,Yes
06/04/2021,"Lettuce May queen - Regina di Maggio 25/11/2020 Ra.3 > R6m > Beds 301, 304 12 bed m",Lettuce,,,,Unknown outlet,Full-Size,Yes
06/04/2021,"Lettuce May queen - Regina di Maggio 25/11/2020 Ra.3 > R6m > Beds 301, 304 12 bed m",Lettuce,,,Farmers Market,קטיף יום ה,Full-Size,Yes
06/04/2021,Lettuce ערבית צהובת עלים 30/12/2020 Ra.3 > R2 > Bed 318 12 bed m,Lettuce,,,Wholesale,B2B,Full-Size,Yes
06/04/2021,Lettuce ערבית צהובת עלים 30/12/2020 Ra.3 > R2 > Bed 318 12 bed m,Lettuce,,,Farmers Market,הדוכן יום ב,Full-Size,Yes
06/04/2021,Lettuce ערבית צהובת עלים 30/12/2020 Ra.3 > R2 > Bed 318 12 bed m,Lettuce,,,,Unknown outlet,Full-Size,Yes
06/04/2021,Lettuce ערבית צהובת עלים 30/12/2020 Ra.3 > R2 > Bed 318 12 bed m,Lettuce,,,Farmers Market,קטיף יום ה,Full-Size,Yes
15/04/2021,Peas ורדה 02/12/2020 HH > A > Bed 5 + 1 more Block 18 bed m,Peas,,,Wholesale,B2B,Full-Size,Yes
15/04/2021,Peas ורדה 02/12/2020 HH > A > Bed 5 + 1 more Block 18 bed m,Peas,,,Farmers Market,הדוכן יום ב,Full-Size,Yes
15/04/2021,Peas ורדה 02/12/2020 HH > A > Bed 5 + 1 more Block 18 bed m,Peas,,,,Unknown outlet,Full-Size,Yes
15/04/2021,Peas ורדה 02/12/2020 HH > A > Bed 5 + 1 more Block 18 bed m,Peas,,,Farmers Market,קטיף יום ה,Full-Size,Yes
16/04/2021,Lettuce: Salad Mix Mesclun Mix 10/02/2021 Ra.2 > C2 > Bed 228 12 bed m,Lettuce: Salad Mix,2.0,Kilograms,Farmers Market,קטיף יום ה,Full-Size,No
16/04/2021,Lettuce: Salad Mix נטע מיקס - Luna Nera+Cavalo 13/01/2021 Ra.2 > C2 > Bed 224 12 bed m,Lettuce: Salad Mix,1.5,Kilograms,Farmers Market,קטיף יום ה,Full-Size,No
19/04/2021,Lettuce hyd. אייסברג 28/02/2021 Hyd. S - no beds selected 180 plants,Lettuce,,,Wholesale,B2B,Full-Size,Yes
19/04/2021,Lettuce hyd. אייסברג 28/02/2021 Hyd. S - no beds selected 180 plants,Lettuce,,,Farmers Market,הדוכן יום ב,Full-Size,Yes
19/04/2021,Lettuce hyd. אייסברג 28/02/2021 Hyd. S - no beds selected 180 plants,Lettuce,,,,Unknown outlet,Full-Size,Yes
19/04/2021,Lettuce hyd. אייסברג 28/02/2021 Hyd. S - no beds selected 180 plants,Lettuce,,,Farmers Market,קטיף יום ה,Full-Size,Yes
20/04/2021,Mustard Red Giant 03/02/2021 Ra.3 > R3 > Bed 333 6 bed m,Mustard,,,Wholesale,B2B,Baby Leaf,Yes
20/04/2021,Mustard Red Giant 03/02/2021 Ra.3 > R3 > Bed 333 6 bed m,Mustard,,,Farmers Market,הדוכן יום ב,Baby Leaf,Yes
20/04/2021,Mustard Red Giant 03/02/2021 Ra.3 > R3 > Bed 333 6 bed m,Mustard,,,,Unknown outlet,Baby Leaf,Yes
20/04/2021,Mustard Red Giant 03/02/2021 Ra.3 > R3 > Bed 333 6 bed m,Mustard,,,Farmers Market,קטיף יום ה,Baby Leaf,Yes
20/04/2021,Summer Squash ברכה 28/02/2021 Zvika > zA > Beds 506-507 24 bed m,Summer Squash,20.0,Kilograms,,Unknown outlet,,No
20/04/2021,Summer Squash יומנה 28/02/2021 Zvika > zA > Bed 504 12 bed m,Summer Squash,5.0,Kilograms,,Unknown outlet,,No
22/04/2021,Beets Chioggia Guardsmark 09/12/2020 Ra.1 > L2 > Bed 121 12 bed m,Beets,,,Wholesale,B2B,Full-Size Root,Yes
22/04/2021,Beets Chioggia Guardsmark 09/12/2020 Ra.1 > L2 > Bed 121 12 bed m,Beets,,,Farmers Market,הדוכן יום ב,Full-Size Root,Yes
22/04/2021,Beets Chioggia Guardsmark 09/12/2020 Ra.1 > L2 > Bed 121 12 bed m,Beets,,,,Unknown outlet,Full-Size Root,Yes
22/04/2021,Beets Chioggia Guardsmark 09/12/2020 Ra.1 > L2 > Bed 121 12 bed m,Beets,,,Farmers Market,קטיף יום ה,Full-Size Root,Yes
22/04/2021,Dill hyd. Emilya 06/01/2021 Hyd. S - no beds selected 720 plants,Dill,,,Wholesale,B2B,Leaf,Yes
22/04/2021,Dill hyd. Emilya 06/01/2021 Hyd. S - no beds selected 720 plants,Dill,,,Farmers Market,הדוכן יום ב,Leaf,Yes
22/04/2021,Dill hyd. Emilya 06/01/2021 Hyd. S - no beds selected 720 plants,Dill,,,,Unknown outlet,Leaf,Yes
22/04/2021,Dill hyd. Emilya 06/01/2021 Hyd. S - no beds selected 720 plants,Dill,,,Farmers Market,קטיף יום ה,Leaf,Yes
23/04/2021,Carrots Nantes Half Long 18/11/2020 Ra.1 > L2 > Beds 123-124 24 bed m,Carrots,25.0,Bunches,Farmers Market,קטיף יום ה,Full-Size,No
23/04/2021,Celery hyd. Giant Dorato 11/10/2020 Hyd. S - no beds selected 288 plants,Celery,16.0,Each,Farmers Market,קטיף יום ה,Full-Size,No
23/04/2021,"Cucumbers Facus - פאקוס 28/02/2021 Zvika > zB > Beds 517, 521-522 36 bed m",Cucumbers,1.0,Kilograms,Farmers Market,קטיף יום ה,,No
23/04/2021,Lettuce hyd. רומית 28/02/2021 Hyd. S - no beds selected 392 plants,Lettuce,35.0,Heads,Farmers Market,קטיף יום ה,Full-Size,No
23/04/2021,Parsley hyd. Borjo 06/01/2021 Hyd. S - no beds selected 600 plants,Parsley,20.0,Bunches,Farmers Market,קטיף יום ה,Full-Size,No
25/04/2021,Summer Squash Round Zucchini 28/01/2021 Ra.1 > L1 > Beds 111-112 18 bed m,Summer Squash,18.0,Kilograms,Farmers Market,הדוכן יום ב,,No
25/04/2021,Summer Squash ברכה 28/02/2021 Zvika > zA > Beds 506-507 24 bed m,Summer Squash,8.0,Kilograms,Farmers Market,הדוכן יום ב,,No
25/04/2021,Summer Squash יומנה 28/02/2021 Zvika > zA > Bed 504 12 bed m,Summer Squash,4.0,Kilograms,Farmers Market,הדוכן יום ב,,No
26/04/2021,Cabbage Generic Variety 12/10/2020 Ra.4 > Lo18 > Bed 404 18 bed m,Cabbage,3.0,Kilograms,Farmers Market,הדוכן יום ב,Full-Size,Yes
26/04/2021,Lettuce IceBerg - לימור 30/12/2020 Ra.4 > Lo18 > Bed 405 18 bed m,Lettuce,35.0,Heads,Farmers Market,הדוכן יום ב,Full-Size,Yes
26/04/2021,Mizuna mix red&green 03/02/2021 Ra.3 > R3 > Bed 333 6 bed m,Mizuna,0.0,Kilograms,Farmers Market,הדוכן יום ב,Baby Leaf,Yes
26/04/2021,Mizuna mix red&green 12/04/2021 Ra.3 > R3 > Bed 336 6 bed m,Mizuna,0.0,Kilograms,Farmers Market,הדוכן יום ב,Baby Leaf,Yes
27/04/2021,Lettuce: Salad Mix Mesclun Mix 03/02/2021 Ra.3 > R3 > Bed 331 12 bed m,Lettuce: Salad Mix,,,Wholesale,B2B,Full-Size,Yes
27/04/2021,Lettuce: Salad Mix Mesclun Mix 03/02/2021 Ra.3 > R3 > Bed 331 12 bed m,Lettuce: Salad Mix,,,Farmers Market,הדוכן יום ב,Full-Size,Yes
27/04/2021,Lettuce: Salad Mix Mesclun Mix 03/02/2021 Ra.3 > R3 > Bed 331 12 bed m,Lettuce: Salad Mix,,,,Unknown outlet,Full-Size,Yes
27/04/2021,Lettuce: Salad Mix Mesclun Mix 03/02/2021 Ra.3 > R3 > Bed 331 12 bed m,Lettuce: Salad Mix,,,Farmers Market,קטיף יום ה,Full-Size,Yes
28/04/2021,Celery hyd. Giant Dorato 11/10/2020 Hyd. S - no beds selected 288 plants,Celery,27.0,Each,Farmers Market,הדוכן יום ב,Full-Size,No
28/04/2021,Celery hyd. Giant Dorato 25/11/2020 Hyd. S - no beds selected 192 plants,Celery,27.0,Each,Farmers Market,הדוכן יום ב,Full-Size,No
28/04/2021,"Cucumbers Facus - פאקוס 28/02/2021 Zvika > zB > Beds 517, 521-522 36 bed m",Cucumbers,1.5,Kilograms,Farmers Market,קטיף יום ה,,No
28/04/2021,Summer Squash ברכה 28/02/2021 Zvika > zA > Beds 506-507 24 bed m,Summer Squash,2.0,Kilograms,Farmers Market,הדוכן יום ב,,No
28/04/2021,Summer Squash יומנה 28/02/2021 Zvika > zA > Bed 504 12 bed m,Summer Squash,3.5,Kilograms,Farmers Market,הדוכן יום ב,,No
29/04/2021,Summer Squash Alberrllo DI Sarzana 12/02/2021 Ra.1 > L6m > Bed 108 6 bed m,Summer Squash,2.0,Kilograms,Farmers Market,קטיף יום ה,,No
29/04/2021,Summer Squash Striata D'Italia 17/02/2021 Ra.1 > L1 > Bed 110 12 bed m,Summer Squash,2.0,Kilograms,Farmers Market,קטיף יום ה,,No
29/04/2021,Winter Squash Red Kuri 28/01/2021 Zvika > zA > Beds 509-510 48 plants,Winter Squash,5.0,Kilograms,Farmers Market,קטיף יום ה,,No
29/04/2021,Winter Squash אמורו 24/02/2021 Zvika > zB > Beds 515-516 24 bed m,Winter Squash,3.0,Kilograms,Farmers Market,קטיף יום ה,,No
01/05/2021,"Cucumbers Facus - פאקוס 28/02/2021 Zvika > zB > Beds 517, 521-522 36 bed m",Cucumbers,2.0,Kilograms,Farmers Market,קטיף יום ה,,No
01/05/2021,Summer Squash Alberrllo DI Sarzana 12/02/2021 Ra.1 > L6m > Bed 108 6 bed m,Summer Squash,4.0,Kilograms,Farmers Market,קטיף יום ה,,No
01/05/2021,Summer Squash Nero di Milano 10/02/2021 Ra.1 > L6m > Bed 102 6 bed m,Summer Squash,4.0,Kilograms,Farmers Market,קטיף יום ה,,No
01/05/2021,Summer Squash Round Zucchini 28/01/2021 Ra.1 > L1 > Beds 111-112 18 bed m,Summer Squash,2.0,Kilograms,Farmers Market,קטיף יום ה,,No
01/05/2021,Summer Squash Striata D'Italia 17/02/2021 Ra.1 > L1 > Bed 110 12 bed m,Summer Squash,4.0,Kilograms,Farmers Market,קטיף יום ה,,No
01/05/2021,Winter Squash Red Kuri 28/01/2021 Zvika > zA > Beds 509-510 48 plants,Winter Squash,2.0,Kilograms,Farmers Market,קטיף יום ה,,No
02/05/2021,Basil hyd. סגול 01/03/2021  198 plants,Basil,300.0,plants,Farmers Market,קטיף יום ה,Plant sale,Yes
02/05/2021,Dill hyd. Emilya 27/01/2021 Hyd. S - no beds selected 3.6 bed m,Dill,0.0,Bunches,Farmers Market,קטיף יום ה,Leaf,Yes
05/05/2021,Lettuce: Salad Mix Nussly 09/12/2020 Ra.2 > C6m > Bed 205 6 bed m,Lettuce: Salad Mix,,,Wholesale,B2B,Full-Size,Yes
05/05/2021,Lettuce: Salad Mix Nussly 09/12/2020 Ra.2 > C6m > Bed 205 6 bed m,Lettuce: Salad Mix,,,Farmers Market,הדוכן יום ב,Full-Size,Yes
05/05/2021,Lettuce: Salad Mix Nussly 09/12/2020 Ra.2 > C6m > Bed 205 6 bed m,Lettuce: Salad Mix,,,,Unknown outlet,Full-Size,Yes
05/05/2021,Lettuce: Salad Mix Nussly 09/12/2020 Ra.2 > C6m > Bed 205 6 bed m,Lettuce: Salad Mix,,,Farmers Market,קטיף יום ה,Full-Size,Yes
06/05/2021,Beets Generic Variety 02/11/2020 Ra.1 > L2 > Bed 122 12 bed m,Beets,,,Wholesale,B2B,Full-Size Root,Yes
06/05/2021,Beets Generic Variety 02/11/2020 Ra.1 > L2 > Bed 122 12 bed m,Beets,,,Farmers Market,הדוכן יום ב,Full-Size Root,Yes
06/05/2021,Beets Generic Variety 02/11/2020 Ra.1 > L2 > Bed 122 12 bed m,Beets,,,,Unknown outlet,Full-Size Root,Yes
06/05/2021,Beets Generic Variety 02/11/2020 Ra.1 > L2 > Bed 122 12 bed m,Beets,,,Farmers Market,קטיף יום ה,Full-Size Root,Yes
06/05/2021,Radishes צנון לבן z1015 11/01/2021 HH > A > Bed 2 6 bed m,Radishes,,,Wholesale,B2B,Full-Size,Yes
06/05/2021,Radishes צנון לבן z1015 11/01/2021 HH > A > Bed 2 6 bed m,Radishes,,,Farmers Market,הדוכן יום ב,Full-Size,Yes
06/05/2021,Radishes צנון לבן z1015 11/01/2021 HH > A > Bed 2 6 bed m,Radishes,,,,Unknown outlet,Full-Size,Yes
06/05/2021,Radishes צנון לבן z1015 11/01/2021 HH > A > Bed 2 6 bed m,Radishes,,,Farmers Market,קטיף יום ה,Full-Size,Yes
10/05/2021,Lettuce: Salad Mix Mesclun Mix 15/03/2021 Ra.3 > R1 > Bed 314 12 bed m,Lettuce: Salad Mix,,,Wholesale,B2B,Full-Size,Yes
10/05/2021,Lettuce: Salad Mix Mesclun Mix 15/03/2021 Ra.3 > R1 > Bed 314 12 bed m,Lettuce: Salad Mix,,,Farmers Market,הדוכן יום ב,Full-Size,Yes
10/05/2021,Lettuce: Salad Mix Mesclun Mix 15/03/2021 Ra.3 > R1 > Bed 314 12 bed m,Lettuce: Salad Mix,,,,Unknown outlet,Full-Size,Yes
10/05/2021,Lettuce: Salad Mix Mesclun Mix 15/03/2021 Ra.3 > R1 > Bed 314 12 bed m,Lettuce: Salad Mix,,,Farmers Market,קטיף יום ה,Full-Size,Yes
10/05/2021,Radishes Generic Variety 08/04/2021 HH > A > Bed 1 6 bed m,Radishes,6.0,Bunches,Farmers Market,קטיף יום ה,Full-Size,No
10/05/2021,Summer Squash Alberrllo DI Sarzana 12/02/2021 Ra.1 > L6m > Bed 108 6 bed m,Summer Squash,1.0,Kilograms,Farmers Market,קטיף יום ה,,No
10/05/2021,Summer Squash Golden Patty Pan Organic 03/03/2021 Ra.4 > Lo24 > Bed 401 10 bed m,Summer Squash,8.5,Kilograms,Farmers Market,קטיף יום ה,,No
10/05/2021,Summer Squash Nero di Milano 10/02/2021 Ra.1 > L6m > Bed 102 6 bed m,Summer Squash,2.0,Kilograms,Farmers Market,קטיף יום ה,,No
10/05/2021,Summer Squash Round Zucchini 28/01/2021 Ra.1 > L1 > Beds 111-112 18 bed m,Summer Squash,5.0,Kilograms,Farmers Market,קטיף יום ה,,No
10/05/2021,Summer Squash Striata D'Italia 17/02/2021 Ra.1 > L1 > Bed 110 12 bed m,Summer Squash,1.0,Kilograms,Farmers Market,קטיף יום ה,,No
10/05/2021,Summer Squash ברכה 28/02/2021 Zvika > zA > Beds 506-507 24 bed m,Summer Squash,5.0,Kilograms,Farmers Market,קטיף יום ה,,No
10/05/2021,Summer Squash יומנה 28/02/2021 Zvika > zA > Bed 504 12 bed m,Summer Squash,3.0,Kilograms,Farmers Market,קטיף יום ה,,No
12/05/2021,Chives Common 30/11/2020 Ra.2 > C6m > Bed 204 6 bed m,Chives,10.0,Bunches,Farmers Market,קטיף יום ה,Full-Size,No
12/05/2021,"Cucumbers Facus - פאקוס 28/02/2021 Zvika > zB > Beds 517, 521-522 36 bed m",Cucumbers,4.5,Kilograms,Farmers Market,קטיף יום ה,,No
12/05/2021,Summer Squash Alberrllo DI Sarzana 12/02/2021 Ra.1 > L6m > Bed 108 6 bed m,Summer Squash,2.4,Kilograms,Farmers Market,קטיף יום ה,,No
12/05/2021,Summer Squash Nero di Milano 10/02/2021 Ra.1 > L6m > Bed 102 6 bed m,Summer Squash,1.4,Kilograms,Farmers Market,קטיף יום ה,,No
12/05/2021,Summer Squash Round Zucchini 28/01/2021 Ra.1 > L1 > Beds 111-112 18 bed m,Summer Squash,13.0,Kilograms,Farmers Market,קטיף יום ה,,No
12/05/2021,Summer Squash Striata D'Italia 17/02/2021 Ra.1 > L1 > Bed 110 12 bed m,Summer Squash,0.4,Kilograms,Farmers Market,קטיף יום ה,,No
12/05/2021,Summer Squash ברכה 28/02/2021 Zvika > zA > Beds 506-507 24 bed m,Summer Squash,6.3,Kilograms,Farmers Market,קטיף יום ה,,No
12/05/2021,Summer Squash יומנה 28/02/2021 Zvika > zA > Bed 504 12 bed m,Summer Squash,3.3,Kilograms,Farmers Market,קטיף יום ה,,No
15/05/2021,Lettuce: Salad Mix Mesclun Mix 24/02/2021 Ra.3 > R1 > Bed 316 + 1 more Block 24 bed m,Lettuce: Salad Mix,,,Wholesale,B2B,Full-Size,Yes
15/05/2021,Lettuce: Salad Mix Mesclun Mix 24/02/2021 Ra.3 > R1 > Bed 316 + 1 more Block 24 bed m,Lettuce: Salad Mix,,,Farmers Market,הדוכן יום ב,Full-Size,Yes
15/05/2021,Lettuce: Salad Mix Mesclun Mix 24/02/2021 Ra.3 > R1 > Bed 316 + 1 more Block 24 bed m,Lettuce: Salad Mix,,,,Unknown outlet,Full-Size,Yes
15/05/2021,Lettuce: Salad Mix Mesclun Mix 24/02/2021 Ra.3 > R1 > Bed 316 + 1 more Block 24 bed m,Lettuce: Salad Mix,,,Farmers Market,קטיף יום ה,Full-Size,Yes
16/05/2021,Cilantro hyd. Santoriny 17/02/2021 Hyd. S - no beds selected 780 plants,Cilantro,,,Wholesale,B2B,Leaf,Yes
16/05/2021,Cilantro hyd. Santoriny 17/02/2021 Hyd. S - no beds selected 780 plants,Cilantro,,,Farmers Market,הדוכן יום ב,Leaf,Yes
16/05/2021,Cilantro hyd. Santoriny 17/02/2021 Hyd. S - no beds selected 780 plants,Cilantro,,,,Unknown outlet,Leaf,Yes
16/05/2021,Cilantro hyd. Santoriny 17/02/2021 Hyd. S - no beds selected 780 plants,Cilantro,,,Farmers Market,קטיף יום ה,Leaf,Yes
16/05/2021,Lettuce: Salad Mix נטע מיקס - Luna Nera+Cavalo 13/01/2021 Ra.2 > C2 > Bed 224 12 bed m,Lettuce: Salad Mix,,,Wholesale,B2B,Full-Size,Yes
16/05/2021,Lettuce: Salad Mix נטע מיקס - Luna Nera+Cavalo 13/01/2021 Ra.2 > C2 > Bed 224 12 bed m,Lettuce: Salad Mix,,,Farmers Market,הדוכן יום ב,Full-Size,Yes
16/05/2021,Lettuce: Salad Mix נטע מיקס - Luna Nera+Cavalo 13/01/2021 Ra.2 > C2 > Bed 224 12 bed m,Lettuce: Salad Mix,,,,Unknown outlet,Full-Size,Yes
16/05/2021,Lettuce: Salad Mix נטע מיקס - Luna Nera+Cavalo 13/01/2021 Ra.2 > C2 > Bed 224 12 bed m,Lettuce: Salad Mix,,,Farmers Market,קטיף יום ה,Full-Size,Yes
17/05/2021,Artichokes גבע - דור 2 23/09/2019 HH > A > Beds 5-6 + 1 more Block 36 bed m,Artichokes,2.0,Kilograms,,Unknown outlet,,No
19/05/2021,Arugula Wild Rocket 12/04/2021 Ra.3 > R1 > Bed 312 12 bed m,Arugula,0.0,Kilograms,Farmers Market,קטיף יום ה,Baby Leaf,Yes
19/05/2021,Cabbage Generic Variety 09/12/2020 Zvika > zB > Bed 519 12 bed m,Cabbage,5.0,Kilograms,Farmers Market,קטיף יום ה,Full-Size,Yes
19/05/2021,Chives Common 30/11/2020 Ra.2 > C6m > Bed 204 6 bed m,Chives,10.0,Bunches,Farmers Market,קטיף יום ה,Full-Size,No
19/05/2021,"Cucumbers Facus - פאקוס 28/02/2021 Zvika > zB > Beds 517, 521-522 36 bed m",Cucumbers,2.5,Kilograms,Farmers Market,קטיף יום ה,,No
19/05/2021,Cucumbers Facus - פאקוס ירוק 24/03/2021 Ra.4 > Lo24 > Bed 401 14 bed m,Cucumbers,4.3,Kilograms,Farmers Market,קטיף יום ה,,No
19/05/2021,Onions: Scallions hyd. Aldorado 01/04/2021  300 plants,Onions: Scallions,300.0,plants,Farmers Market,קטיף יום ה,Plant sale,Yes
19/05/2021,"Soybeans סויה אלמוג 28/02/2021 Zvika > zA > Beds 505, 508 24 bed m",Soybeans,0.5,Kilograms,Farmers Market,קטיף יום ה,Fresh Shelling,No
19/05/2021,Summer Squash Alberrllo DI Sarzana 12/02/2021 Ra.1 > L6m > Bed 108 6 bed m,Summer Squash,2.0,Kilograms,Farmers Market,קטיף יום ה,,No
19/05/2021,Summer Squash Golden Patty Pan Organic 03/03/2021 Ra.4 > Lo24 > Bed 401 10 bed m,Summer Squash,12.0,Kilograms,Farmers Market,קטיף יום ה,,No
19/05/2021,Summer Squash Nero di Milano 10/02/2021 Ra.1 > L6m > Bed 102 6 bed m,Summer Squash,2.0,Kilograms,Farmers Market,קטיף יום ה,,No
19/05/2021,Summer Squash Round Zucchini 28/01/2021 Ra.1 > L1 > Beds 111-112 18 bed m,Summer Squash,7.6,Kilograms,Farmers Market,קטיף יום ה,,No
19/05/2021,Summer Squash Striata D'Italia 17/02/2021 Ra.1 > L1 > Bed 110 12 bed m,Summer Squash,7.6,Kilograms,Farmers Market,קטיף יום ה,,No
19/05/2021,Summer Squash ברכה 28/02/2021 Zvika > zA > Beds 506-507 24 bed m,Summer Squash,5.0,Kilograms,Farmers Market,קטיף יום ה,,No
19/05/2021,Summer Squash יומנה 28/02/2021 Zvika > zA > Bed 504 12 bed m,Summer Squash,2.0,Kilograms,Farmers Market,קטיף יום ה,,No
19/05/2021,Winter Squash Red Kuri 28/01/2021 Zvika > zA > Beds 509-510 48 plants,Winter Squash,13.7,Kilograms,Farmers Market,קטיף יום ה,,No
23/05/2021,Cabbage Generic Variety 04/01/2021 Ra.4 > Lo18 > Bed 403 12 bed m,Cabbage,0.0,Kilograms,Wholesale,B2B,Full-Size,Yes
23/05/2021,Cabbage Generic Variety 04/01/2021 Ra.4 > Lo18 > Bed 403 12 bed m,Cabbage,20.0,Kilograms,Farmers Market,הדוכן יום ב,Full-Size,Yes
23/05/2021,Cabbage Generic Variety 04/01/2021 Ra.4 > Lo18 > Bed 403 12 bed m,Cabbage,0.0,Kilograms,,Unknown outlet,Full-Size,Yes
23/05/2021,Cabbage Generic Variety 04/01/2021 Ra.4 > Lo18 > Bed 403 12 bed m,Cabbage,20.0,Kilograms,Farmers Market,קטיף יום ה,Full-Size,Yes
23/05/2021,Mizuna mix red&green 01/04/2021 Ra.3 > R2 > Bed 322 6 bed m,Mizuna,0.0,Kilograms,Wholesale,B2B,Baby Leaf,Yes
23/05/2021,Mizuna mix red&green 01/04/2021 Ra.3 > R2 > Bed 322 6 bed m,Mizuna,0.0,Kilograms,Farmers Market,הדוכן יום ב,Baby Leaf,Yes
23/05/2021,Mizuna mix red&green 01/04/2021 Ra.3 > R2 > Bed 322 6 bed m,Mizuna,0.0,Kilograms,,Unknown outlet,Baby Leaf,Yes
23/05/2021,Mizuna mix red&green 01/04/2021 Ra.3 > R2 > Bed 322 6 bed m,Mizuna,0.0,Kilograms,Farmers Market,קטיף יום ה,Baby Leaf,Yes
23/05/2021,Mustard Red Giant 01/04/2021 Ra.3 > R2 > Bed 322 6 bed m,Mustard,0.0,Kilograms,Wholesale,B2B,Baby Leaf,Yes
23/05/2021,Mustard Red Giant 01/04/2021 Ra.3 > R2 > Bed 322 6 bed m,Mustard,0.0,Kilograms,Farmers Market,הדוכן יום ב,Baby Leaf,Yes
23/05/2021,Mustard Red Giant 01/04/2021 Ra.3 > R2 > Bed 322 6 bed m,Mustard,0.0,Kilograms,,Unknown outlet,Baby Leaf,Yes
23/05/2021,Mustard Red Giant 01/04/2021 Ra.3 > R2 > Bed 322 6 bed m,Mustard,0.0,Kilograms,Farmers Market,קטיף יום ה,Baby Leaf,Yes
24/05/2021,Artichokes גבע - דור 2 23/09/2019 HH > A > Beds 5-6 + 1 more Block 36 bed m,Artichokes,3.0,Kilograms,Farmers Market,הדוכן יום ב,,No
24/05/2021,Celery hyd. Giant Dorato 25/11/2020 Hyd. S - no beds selected 192 plants,Celery,,,Wholesale,B2B,Full-Size,Yes
24/05/2021,Celery hyd. Giant Dorato 25/11/2020 Hyd. S - no beds selected 192 plants,Celery,,,Farmers Market,הדוכן יום ב,Full-Size,Yes
24/05/2021,Celery hyd. Giant Dorato 25/11/2020 Hyd. S - no beds selected 192 plants,Celery,,,,Unknown outlet,Full-Size,Yes
24/05/2021,Celery hyd. Giant Dorato 25/11/2020 Hyd. S - no beds selected 192 plants,Celery,,,Farmers Market,קטיף יום ה,Full-Size,Yes
24/05/2021,Chives Common 30/11/2020 Ra.2 > C6m > Bed 204 6 bed m,Chives,10.0,Bunches,Farmers Market,הדוכן יום ב,Full-Size,No
24/05/2021,Cucumbers Facus - פאקוס ירוק 24/03/2021 Ra.4 > Lo24 > Bed 401 14 bed m,Cucumbers,11.5,Kilograms,Farmers Market,הדוכן יום ב,,No
24/05/2021,Lettuce hyd. Bronze Arrow 17/02/2021 Hyd. S - no beds selected 120 plants,Lettuce,10.0,Heads,Farmers Market,הדוכן יום ב,Full-Size,No
24/05/2021,Peppers ברק 25/03/2021 Ra.2 > C2 > Bed 218 6 bed m,Peppers,2.4,Kilograms,Farmers Market,הדוכן יום ב,Ripe,No
24/05/2021,Summer Squash Golden Patty Pan Organic 03/03/2021 Ra.4 > Lo24 > Bed 401 10 bed m,Summer Squash,15.0,Kilograms,Farmers Market,הדוכן יום ב,,No
27/05/2021,Lettuce hyd. Bronze Arrow 17/02/2021 Hyd. S - no beds selected 120 plants,Lettuce,,,Wholesale,B2B,Full-Size,Yes
27/05/2021,Lettuce hyd. Bronze Arrow 17/02/2021 Hyd. S - no beds selected 120 plants,Lettuce,,,Farmers Market,הדוכן יום ב,Full-Size,Yes
27/05/2021,Lettuce hyd. Bronze Arrow 17/02/2021 Hyd. S - no beds selected 120 plants,Lettuce,,,,Unknown outlet,Full-Size,Yes
27/05/2021,Lettuce hyd. Bronze Arrow 17/02/2021 Hyd. S - no beds selected 120 plants,Lettuce,,,Farmers Market,קטיף יום ה,Full-Size,Yes
01/06/2021,Lettuce hyd. אייסברג 24/03/2021 Hyd. S - no beds selected 240 plants,Lettuce,,,Wholesale,B2B,Full-Size,Yes
01/06/2021,Lettuce hyd. אייסברג 24/03/2021 Hyd. S - no beds selected 240 plants,Lettuce,,,Farmers Market,הדוכן יום ב,Full-Size,Yes
01/06/2021,Lettuce hyd. אייסברג 24/03/2021 Hyd. S - no beds selected 240 plants,Lettuce,,,,Unknown outlet,Full-Size,Yes
01/06/2021,Lettuce hyd. אייסברג 24/03/2021 Hyd. S - no beds selected 240 plants,Lettuce,,,Farmers Market,קטיף יום ה,Full-Size,Yes
01/06/2021,Lettuce hyd. רומית 24/03/2021 Hyd. S - no beds selected 300 plants,Lettuce,,,Wholesale,B2B,Full-Size,Yes
01/06/2021,Lettuce hyd. רומית 24/03/2021 Hyd. S - no beds selected 300 plants,Lettuce,,,Farmers Market,הדוכן יום ב,Full-Size,Yes
01/06/2021,Lettuce hyd. רומית 24/03/2021 Hyd. S - no beds selected 300 plants,Lettuce,,,,Unknown outlet,Full-Size,Yes
01/06/2021,Lettuce hyd. רומית 24/03/2021 Hyd. S - no beds selected 300 plants,Lettuce,,,Farmers Market,קטיף יום ה,Full-Size,Yes
02/06/2021,Amaranth (Vegetable) הודי אדום 12/04/2021 Ra.3 > R2 > Bed 319 12 bed m,Amaranth (Vegetable),4.0,Bunches,,Unknown outlet,Baby Leaf,No
02/06/2021,"Cucumbers Facus - פאקוס 28/02/2021 Zvika > zB > Beds 517, 521-522 36 bed m",Cucumbers,2.0,Kilograms,,Unknown outlet,,No
02/06/2021,Cucumbers Facus - פאקוס ירוק 08/04/2021 Ra.4 > Lo24 > Bed 402 24 bed m,Cucumbers,4.0,Kilograms,,Unknown outlet,,No
02/06/2021,Cucumbers Facus - פאקוס ירוק 24/03/2021 Ra.4 > Lo24 > Bed 401 14 bed m,Cucumbers,4.0,Kilograms,,Unknown outlet,,No
02/06/2021,Eggplant בלאדי - יעל 26/02/2020 Ra.3 > R2 > Beds 325-326 24 bed m,Eggplant,1.5,Kilograms,,Unknown outlet,,No
02/06/2021,Fennel hyd. Orion 18/01/2021 Hyd. S - no beds selected 192 plants,Fennel,1.0,Kilograms,,Unknown outlet,Full-Size,Yes
02/06/2021,Kale Red Russian 29/04/2021 Ra.3 > R3 > Bed 332 6 bed m,Kale,1.0,Kilograms,,Unknown outlet,Baby Leaf,Yes
02/06/2021,Kohlrabi Konmar 13/01/2021 Ra.4 > Lo18 > Bed 406 18 bed m,Kohlrabi,1.0,Kilograms,,Unknown outlet,Full-Size,Yes
02/06/2021,Lettuce hyd. בייבי גאם 01/04/2021 Hyd. S - no beds selected 180 plants,Lettuce,15.0,Heads,,Unknown outlet,Full-Size,No
02/06/2021,Lettuce: Salad Mix Mesclun Mix 29/04/2021 Ra.3 > R3 > Beds 329-330 24 bed m,Lettuce: Salad Mix,0.9,Kilograms,Farmers Market,קטיף יום ה,Full-Size,No
02/06/2021,Mustard Red Giant 29/04/2021 Ra.3 > R3 > Bed 332 6 bed m,Mustard,0.2,Kilograms,,Unknown outlet,Baby Leaf,Yes
02/06/2021,Onions: Scallions hyd. Aldorado 08/02/2021 Hyd. S - no beds selected 660 plants,Onions: Scallions,60.0,Bunches,,Unknown outlet,Full-Size,Yes
02/06/2021,Summer Squash Golden Patty Pan Organic 03/03/2021 Ra.4 > Lo24 > Bed 401 10 bed m,Summer Squash,4.0,Kilograms,,Unknown outlet,,No
02/06/2021,Thyme Generic Variety 25/05/2020 side > 200 > Bed 3 3 bed m,Thyme,4.0,Bunches,,Unknown outlet,Full-Size,No
02/06/2021,Winter Squash Atlas 28/02/2021 Ra.1 > L2 > Bed 132 + 1 more Block 24 bed m,Winter Squash,50.0,Kilograms,,Unknown outlet,,No
02/06/2021,Winter Squash Burpee's Bush Table Queen 18/03/2021 Ra.2 > C6m > Beds 206-207 + 1 more Block 24 bed m,Winter Squash,1.0,Kilograms,,Unknown outlet,,No
02/06/2021,Winter Squash mix נוי - בן שחר 28/01/2021 Ra.1 > L6m > Beds 103-105 45 plants,Winter Squash,60.0,Kilograms,,Unknown outlet,,No
02/06/2021,Winter Squash Red Kuri 28/01/2021 Zvika > zA > Beds 509-510 48 plants,Winter Squash,4.0,Kilograms,,Unknown outlet,,No
02/06/2021,Winter Squash Table Queen 28/01/2021 Zvika > zA > Beds 511-512 24 bed m,Winter Squash,17.0,Kilograms,,Unknown outlet,,No
02/06/2021,Winter Squash trombetta d'albenga 18/01/2021 Zvika > zB > Bed 514 6 bed m,Winter Squash,2.0,Kilograms,,Unknown outlet,,No
03/06/2021,Eggplant Meatball 24/02/2021 Ra.2 > C2 > Beds 219-220 24 bed m,Eggplant,0.4,Kilograms,,Unknown outlet,,No
03/06/2021,Eggplant בלאדי - יעל 26/02/2020 Ra.3 > R2 > Beds 325-326 24 bed m,Eggplant,2.0,Kilograms,,Unknown outlet,,No
03/06/2021,Sorrel Generic Variety 12/01/2021 Ra.2 > C2 > Bed 221 12 bed m,Sorrel,0.7,Kilograms,Farmers Market,קטיף יום ה,Baby Leaf,No
03/06/2021,Sorrel Generic Variety 12/01/2021 Ra.2 > C2 > Bed 221 12 bed m,Sorrel,0.7,Kilograms,,Unknown outlet,Baby Leaf,No
03/06/2021,Winter Squash אמורו 24/02/2021 Zvika > zB > Beds 515-516 24 bed m,Winter Squash,,,Wholesale,B2B,,Yes
03/06/2021,Winter Squash אמורו 24/02/2021 Zvika > zB > Beds 515-516 24 bed m,Winter Squash,,,Farmers Market,הדוכן יום ב,,Yes
03/06/2021,Winter Squash אמורו 24/02/2021 Zvika > zB > Beds 515-516 24 bed m,Winter Squash,,,,Unknown outlet,,Yes
03/06/2021,Winter Squash אמורו 24/02/2021 Zvika > zB > Beds 515-516 24 bed m,Winter Squash,,,Farmers Market,קטיף יום ה,,Yes
04/06/2021,Lettuce hyd. בייבי גאם 01/04/2021 Hyd. S - no beds selected 180 plants,Lettuce,,,Wholesale,B2B,Full-Size,Yes
04/06/2021,Lettuce hyd. בייבי גאם 01/04/2021 Hyd. S - no beds selected 180 plants,Lettuce,,,Farmers Market,הדוכן יום ב,Full-Size,Yes
04/06/2021,Lettuce hyd. בייבי גאם 01/04/2021 Hyd. S - no beds selected 180 plants,Lettuce,,,,Unknown outlet,Full-Size,Yes
04/06/2021,Lettuce hyd. בייבי גאם 01/04/2021 Hyd. S - no beds selected 180 plants,Lettuce,,,Farmers Market,קטיף יום ה,Full-Size,Yes
05/06/2021,Summer Squash Round Zucchini 28/01/2021 Ra.1 > L1 > Beds 111-112 18 bed m,Summer Squash,,,Wholesale,B2B,,Yes
05/06/2021,Summer Squash Round Zucchini 28/01/2021 Ra.1 > L1 > Beds 111-112 18 bed m,Summer Squash,,,Farmers Market,הדוכן יום ב,,Yes
05/06/2021,Summer Squash Round Zucchini 28/01/2021 Ra.1 > L1 > Beds 111-112 18 bed m,Summer Squash,,,,Unknown outlet,,Yes
05/06/2021,Summer Squash Round Zucchini 28/01/2021 Ra.1 > L1 > Beds 111-112 18 bed m,Summer Squash,,,Farmers Market,קטיף יום ה,,Yes
07/06/2021,Summer Squash Alberrllo DI Sarzana 12/02/2021 Ra.1 > L6m > Bed 108 6 bed m,Summer Squash,,,Wholesale,B2B,,Yes
07/06/2021,Summer Squash Alberrllo DI Sarzana 12/02/2021 Ra.1 > L6m > Bed 108 6 bed m,Summer Squash,,,Farmers Market,הדוכן יום ב,,Yes
07/06/2021,Summer Squash Alberrllo DI Sarzana 12/02/2021 Ra.1 > L6m > Bed 108 6 bed m,Summer Squash,,,,Unknown outlet,,Yes
07/06/2021,Summer Squash Alberrllo DI Sarzana 12/02/2021 Ra.1 > L6m > Bed 108 6 bed m,Summer Squash,,,Farmers Market,קטיף יום ה,,Yes
09/06/2021,Chard Silverado 28/01/2021 HH > B > Bed 8 12 bed m,Chard,5.0,Heads,,Unknown outlet,Full-Size,Yes
09/06/2021,Cucumbers Facus - פאקוס ירוק 08/04/2021 Ra.4 > Lo24 > Bed 402 24 bed m,Cucumbers,5.0,Kilograms,,Unknown outlet,,No
09/06/2021,Cucumbers Facus - פאקוס ירוק 24/03/2021 Ra.4 > Lo24 > Bed 401 14 bed m,Cucumbers,5.0,Kilograms,,Unknown outlet,,No
09/06/2021,Lettuce hyd. לולה 01/04/2021 Hyd. S - no beds selected 180 plants,Lettuce,1.0,Heads,,Unknown outlet,Full-Size,Yes
09/06/2021,Lettuce hyd. מסולסלת 16/05/2021 Hyd. S - no beds selected 218 plants,Lettuce,30.0,Heads,,Unknown outlet,Full-Size,No
09/06/2021,Lettuce hyd. סלנובה 16/05/2021 Hyd. S - no beds selected 6 bed m,Lettuce,15.0,Heads,,Unknown outlet,Full-Size,No
09/06/2021,Lettuce: Salad Mix Mesclun Mix 12/04/2021 Ra.3 > R3 > Beds 334-335 24 bed m,Lettuce: Salad Mix,1.0,Kilograms,,Unknown outlet,Full-Size,Yes
09/06/2021,Lettuce: Salad Mix נטע מיקס - Luna Nera+Cavalo 15/03/2021 Ra.3 > R1 > Bed 311 12 bed m,Lettuce: Salad Mix,0.0,Kilograms,,Unknown outlet,Full-Size,Yes
09/06/2021,Okra Kandahar Pendi 18/03/2021 Ra.4 > Lo18 > Beds 404-405 36 bed m,Okra,0.5,Kilograms,,Unknown outlet,,No
09/06/2021,Parsley hyd. Borjo 05/05/2021  600 plants,Parsley,50.0,plants,,Unknown outlet,Plant sale,Yes
09/06/2021,Peppers Thai Hot 21/04/2021  40 plants,Peppers,20.0,plants,,Unknown outlet,Plant sale,Yes
09/06/2021,Summer Squash Striata D'Italia 17/02/2021 Ra.1 > L1 > Bed 110 12 bed m,Summer Squash,,,Wholesale,B2B,,Yes
09/06/2021,Summer Squash Striata D'Italia 17/02/2021 Ra.1 > L1 > Bed 110 12 bed m,Summer Squash,,,Farmers Market,הדוכן יום ב,,Yes
09/06/2021,Summer Squash Striata D'Italia 17/02/2021 Ra.1 > L1 > Bed 110 12 bed m,Summer Squash,,,,Unknown outlet,,Yes
09/06/2021,Summer Squash Striata D'Italia 17/02/2021 Ra.1 > L1 > Bed 110 12 bed m,Summer Squash,,,Farmers Market,קטיף יום ה,,Yes
09/06/2021,Summer Squash ברכה 28/02/2021 Zvika > zA > Beds 506-507 24 bed m,Summer Squash,1.0,Kilograms,,Unknown outlet,,No
09/06/2021,Tomatoes Bull's Heart - מורשת יעל 18/01/2021 Ra.1 > L1 > Bed 117 12 bed m,Tomatoes,1.0,Kilograms,,Unknown outlet,Green,No
09/06/2021,Winter Squash Gialla Quintale 18/01/2021 Zvika > zA > Bed 513 12 plants,Winter Squash,25.0,Kilograms,,Unknown outlet,,No
10/06/2021,Arugula Arugula 12/04/2021 Ra.3 > R1 > Bed 313 12 bed m,Arugula,2.9,Kilograms,,Unknown outlet,Baby Leaf,No
10/06/2021,Beans: Bush & Pole Speedy 14/04/2021 Ra.1 > L6m > Beds 106-107 12 bed m,Beans: Bush & Pole,1.2,Kilograms,,Unknown outlet,Fresh,No
10/06/2021,Beets MIX עלי ביבי 24/02/2021 Ra.3 > R2 > Bed 320 12 bed m,Beets,0.9,Kilograms,,Unknown outlet,Baby Leaf Greens,No
10/06/2021,Eggplant Meatball 24/02/2021 Ra.2 > C2 > Beds 219-220 24 bed m,Eggplant,8.5,Kilograms,,Unknown outlet,,No
10/06/2021,Lettuce: Salad Mix Mesclun Mix 13/05/2021 Ra.3 > R1 > Beds 315-316 24 bed m,Lettuce: Salad Mix,2.9,Kilograms,,Unknown outlet,Full-Size,No
11/06/2021,Summer Squash Nero di Milano 10/02/2021 Ra.1 > L6m > Bed 102 6 bed m,Summer Squash,,,Wholesale,B2B,,Yes
11/06/2021,Summer Squash Nero di Milano 10/02/2021 Ra.1 > L6m > Bed 102 6 bed m,Summer Squash,,,Farmers Market,הדוכן יום ב,,Yes
11/06/2021,Summer Squash Nero di Milano 10/02/2021 Ra.1 > L6m > Bed 102 6 bed m,Summer Squash,,,,Unknown outlet,,Yes
11/06/2021,Summer Squash Nero di Milano 10/02/2021 Ra.1 > L6m > Bed 102 6 bed m,Summer Squash,,,Farmers Market,קטיף יום ה,,Yes
13/06/2021,Winter Squash Red Kuri 28/01/2021 Zvika > zA > Beds 509-510 48 plants,Winter Squash,,,Wholesale,B2B,,Yes
13/06/2021,Winter Squash Red Kuri 28/01/2021 Zvika > zA > Beds 509-510 48 plants,Winter Squash,,,Farmers Market,הדוכן יום ב,,Yes
13/06/2021,Winter Squash Red Kuri 28/01/2021 Zvika > zA > Beds 509-510 48 plants,Winter Squash,,,,Unknown outlet,,Yes
13/06/2021,Winter Squash Red Kuri 28/01/2021 Zvika > zA > Beds 509-510 48 plants,Winter Squash,,,Farmers Market,קטיף יום ה,,Yes
15/06/2021,Winter Squash כתר המלכה 28/01/2021 Zvika > zB > Bed 514 12 plants,Winter Squash,,,Wholesale,B2B,,Yes
15/06/2021,Winter Squash כתר המלכה 28/01/2021 Zvika > zB > Bed 514 12 plants,Winter Squash,,,Farmers Market,הדוכן יום ב,,Yes
15/06/2021,Winter Squash כתר המלכה 28/01/2021 Zvika > zB > Bed 514 12 plants,Winter Squash,,,,Unknown outlet,,Yes
15/06/2021,Winter Squash כתר המלכה 28/01/2021 Zvika > zB > Bed 514 12 plants,Winter Squash,,,Farmers Market,קטיף יום ה,,Yes
16/06/2021,Beans: Bush & Pole Blauhilde 03/03/2021 Ra.3 > R1 > Bed 305 12 bed m,Beans: Bush & Pole,1.0,Kilograms,,Unknown outlet,Fresh,No
16/06/2021,Beans: Bush & Pole Blauhilde 03/03/2021 Ra.3 > R1 > Bed 305 12 bed m,Beans: Bush & Pole,0.2,Kilograms,,Unknown outlet,Fresh,No
16/06/2021,Beans: Bush & Pole Hilda - שטוחה מטפסת 10/03/2021 Ra.3 > R1 > Bed 306 12 bed m,Beans: Bush & Pole,0.5,Kilograms,,Unknown outlet,Fresh,No
16/06/2021,Beans: Bush & Pole Speedy 14/04/2021 Ra.1 > L6m > Beds 106-107 12 bed m,Beans: Bush & Pole,1.5,Kilograms,,Unknown outlet,Fresh,No
16/06/2021,Beans: Bush & Pole Speedy 14/04/2021 Ra.1 > L6m > Beds 106-107 12 bed m,Beans: Bush & Pole,0.5,Kilograms,,Unknown outlet,Fresh,No
16/06/2021,Beets MIX עלי ביבי 01/04/2021 Ra.3 > R2 > Bed 321 12 bed m,Beets,0.0,Kilograms,,Unknown outlet,Baby Leaf Greens,Yes
16/06/2021,Carrots Purple Haze 31/12/2020 Ra.2 > C1 > Bed 214 12 bed m,Carrots,10.0,Bunches,,Unknown outlet,Full-Size,No
16/06/2021,Chard Bright Lights 14/04/2021 Ra.2 > C2 > Beds 225-226 24 bed m,Chard,10.0,Bunches,,Unknown outlet,Full-Size,No
16/06/2021,"Cucumbers Facus - פאקוס 28/02/2021 Zvika > zB > Beds 517, 521-522 36 bed m",Cucumbers,4.5,Kilograms,,Unknown outlet,,No
16/06/2021,Lettuce hyd. מסולסלת 16/05/2021 Hyd. S - no beds selected 218 plants,Lettuce,0.0,Heads,,Unknown outlet,Full-Size,Yes
16/06/2021,Lettuce hyd. סלנובה 16/05/2021 Hyd. S - no beds selected 6 bed m,Lettuce,0.0,Heads,,Unknown outlet,Full-Size,Yes
16/06/2021,Lettuce hyd. רומית 16/05/2021 Hyd. S - no beds selected 240 plants,Lettuce,5.0,Heads,,Unknown outlet,Full-Size,Yes
16/06/2021,Lettuce: Salad Mix Mesclun Mix 13/05/2021 Ra.3 > R1 > Beds 315-316 24 bed m,Lettuce: Salad Mix,6.0,Kilograms,,Unknown outlet,Full-Size,No
16/06/2021,Okra Kandahar Pendi 18/03/2021 Ra.4 > Lo18 > Beds 404-405 36 bed m,Okra,0.9,Kilograms,,Unknown outlet,,No
16/06/2021,Okra Kandahar Pendi 18/03/2021 Ra.4 > Lo18 > Beds 404-405 36 bed m,Okra,0.6,Kilograms,,Unknown outlet,,No
16/06/2021,Radishes Daikon Long 25/03/2021 Ra.2 > C2 > Bed 222 6 bed m,Radishes,2.0,Each,,Unknown outlet,Full-Size,Yes
16/06/2021,Radishes Nero Tondo 25/03/2021 Ra.2 > C2 > Bed 222 6 bed m,Radishes,10.0,Bunches,,Unknown outlet,Full-Size,No
16/06/2021,Summer Squash Golden Patty Pan Organic 03/03/2021 Ra.4 > Lo24 > Bed 401 10 bed m,Summer Squash,2.0,Kilograms,,Unknown outlet,,No
16/06/2021,Summer Squash ברכה 28/02/2021 Zvika > zA > Beds 506-507 24 bed m,Summer Squash,5.0,Kilograms,,Unknown outlet,,No
16/06/2021,Tarragon שיבה 17/07/2018 Ra.1 > L1 > Bed 109 2 bed m,Tarragon,20.0,Bunches,,Unknown outlet,Full-Size,No
16/06/2021,Tomatoes Bull's Heart - מורשת יעל 18/01/2021 Ra.1 > L1 > Bed 117 12 bed m,Tomatoes,3.0,Kilograms,,Unknown outlet,Green,No
16/06/2021,Tomatoes Cuore Di Bue 18/01/2021 Ra.1 > L2 > Bed 131 12 bed m,Tomatoes,4.8,Kilograms,,Unknown outlet,Ripe,No
16/06/2021,"Tomatoes Lobelo - חישתיל מורכב 08/04/2021 Ra.1 > L2 > Beds 125, 128 24 bed m",Tomatoes,10.0,Kilograms,,Unknown outlet,Ripe,No
16/06/2021,"Tomatoes Lobelo - חישתיל מורכב 08/04/2021 Ra.1 > L2 > Beds 125, 128 24 bed m",Tomatoes,2.4,Kilograms,,Unknown outlet,Ripe,No
16/06/2021,Tomatoes Marmande - מורשת יעל 18/01/2021 Ra.1 > L2 > Bed 130 12 bed m,Tomatoes,6.0,Kilograms,,Unknown outlet,Ripe,No
16/06/2021,Tomatoes Marmande - מורשת יעל 18/01/2021 Ra.1 > L2 > Bed 130 12 bed m,Tomatoes,1.6,Kilograms,,Unknown outlet,Ripe,No
16/06/2021,Tomatoes Marmande - מורשת יעל 18/02/2021 Ra.1 > L1 > Bed 120 12 bed m,Tomatoes,2.0,Kilograms,,Unknown outlet,Ripe,No
16/06/2021,Tomatoes Marmande - מורשת יעל 18/02/2021 Ra.1 > L1 > Bed 120 12 bed m,Tomatoes,3.1,Kilograms,,Unknown outlet,Ripe,No
16/06/2021,"Tomatoes ליקופן - מורשת 28/01/2021 Ra.1 > L1 > Beds 113, 116 24 bed m",Tomatoes,24.0,Kilograms,,Unknown outlet,Ripe,No
16/06/2021,"Tomatoes ליקופן - מורשת 28/01/2021 Ra.1 > L1 > Beds 113, 116 24 bed m",Tomatoes,0.2,Kilograms,,Unknown outlet,Ripe,No
16/06/2021,Tomatoes ניצן 24/03/2021 Ra.1 > L1 > Beds 118-119 24 bed m,Tomatoes,4.5,Kilograms,,Unknown outlet,Ripe,No
16/06/2021,Tomatoes ניצן 24/03/2021 Ra.1 > L1 > Beds 118-119 24 bed m,Tomatoes,1.5,Kilograms,,Unknown outlet,Ripe,No
16/06/2021,Winter Squash Atlas 28/02/2021 Ra.1 > L2 > Bed 132 + 1 more Block 24 bed m,Winter Squash,1.2,Kilograms,,Unknown outlet,,No
16/06/2021,Winter Squash Autumn Frost 18/01/2021 Zvika > zA > Bed 513 10 plants,Winter Squash,11.0,Kilograms,,Unknown outlet,,No
16/06/2021,Winter Squash Burpee's Bush Table Queen 18/03/2021 Ra.2 > C6m > Beds 206-207 + 1 more Block 24 bed m,Winter Squash,0.0,Kilograms,,Unknown outlet,,Yes
16/06/2021,Winter Squash Gialla Quintale 18/01/2021 Zvika > zA > Bed 513 12 plants,Winter Squash,11.0,Kilograms,,Unknown outlet,,No
16/06/2021,Winter Squash Lunga Di Napoli 18/01/2021 Zvika > zA > Bed 503 12 bed m,Winter Squash,10.0,Kilograms,,Unknown outlet,,No
16/06/2021,Winter Squash Lunga Di Napoli 28/02/2021 Ra.1 > L3 > Beds 134-135 24 bed m,Winter Squash,16.0,Kilograms,,Unknown outlet,,No
16/06/2021,Winter Squash פרובנס 28/02/2021 Ra.4 > Lo12 > Beds 407-408 22 bed m,Winter Squash,34.0,Kilograms,,Unknown outlet,,No
17/06/2021,Beans: Bush & Pole Speedy 14/04/2021 Ra.1 > L6m > Beds 106-107 12 bed m,Beans: Bush & Pole,1.6,Kilograms,,Unknown outlet,Fresh,No
17/06/2021,"Tomatoes ליקופן - מורשת 28/01/2021 Ra.1 > L1 > Beds 113, 116 24 bed m",Tomatoes,2.0,Kilograms,,Unknown outlet,Ripe,No
17/06/2021,Tomatoes ניצן 24/03/2021 Ra.1 > L1 > Beds 118-119 24 bed m,Tomatoes,2.0,Kilograms,,Unknown outlet,Ripe,No
20/06/2021,Winter Squash mix נוי - בן שחר 28/01/2021 Ra.1 > L6m > Beds 103-105 45 plants,Winter Squash,,,Wholesale,B2B,,Yes
20/06/2021,Winter Squash mix נוי - בן שחר 28/01/2021 Ra.1 > L6m > Beds 103-105 45 plants,Winter Squash,,,Farmers Market,הדוכן יום ב,,Yes
20/06/2021,Winter Squash mix נוי - בן שחר 28/01/2021 Ra.1 > L6m > Beds 103-105 45 plants,Winter Squash,,,,Unknown outlet,,Yes
20/06/2021,Winter Squash mix נוי - בן שחר 28/01/2021 Ra.1 > L6m > Beds 103-105 45 plants,Winter Squash,,,Farmers Market,קטיף יום ה,,Yes
21/06/2021,Beans: Bush & Pole Blauhilde 03/03/2021 Ra.3 > R1 > Bed 305 12 bed m,Beans: Bush & Pole,1.0,Kilograms,,Unknown outlet,Fresh,No
21/06/2021,Beans: Bush & Pole Speedy 14/04/2021 Ra.1 > L6m > Beds 106-107 12 bed m,Beans: Bush & Pole,0.5,Kilograms,,Unknown outlet,Fresh,No
21/06/2021,Celery hyd. Giant Dorato 18/01/2021 Hyd. S - no beds selected 122 plants,Celery,10.0,Each,,Unknown outlet,Full-Size,No
21/06/2021,Lettuce Generic Variety 20/05/2021  500 plants,Lettuce,20.0,plants,,Unknown outlet,Plant sale,No
21/06/2021,Lettuce hyd. רומית 16/05/2021 Hyd. S - no beds selected 240 plants,Lettuce,20.0,Each,,Unknown outlet,Full-Size,No
21/06/2021,Okra Kandahar Pendi 18/03/2021 Ra.4 > Lo18 > Beds 404-405 36 bed m,Okra,1.0,Kilograms,,Unknown outlet,,No
21/06/2021,Soybeans סויה אלמוג 14/04/2021 Ra.3 > R6m > Beds 302-304 18 bed m,Soybeans,0.5,Kilograms,,Unknown outlet,Fresh Shelling,No
21/06/2021,"Tomatoes ליקופן - מורשת 28/01/2021 Ra.1 > L1 > Beds 113, 116 24 bed m",Tomatoes,4.0,Kilograms,,Unknown outlet,Ripe,No
21/06/2021,Tomatoes ניצן 24/03/2021 Ra.1 > L1 > Beds 118-119 24 bed m,Tomatoes,2.2,Kilograms,,Unknown outlet,Ripe,No
21/06/2021,Winter Squash trombetta d'albenga 18/01/2021 Zvika > zB > Bed 514 6 bed m,Winter Squash,,,Wholesale,B2B,,Yes
21/06/2021,Winter Squash trombetta d'albenga 18/01/2021 Zvika > zB > Bed 514 6 bed m,Winter Squash,,,Farmers Market,הדוכן יום ב,,Yes
21/06/2021,Winter Squash trombetta d'albenga 18/01/2021 Zvika > zB > Bed 514 6 bed m,Winter Squash,,,,Unknown outlet,,Yes
21/06/2021,Winter Squash trombetta d'albenga 18/01/2021 Zvika > zB > Bed 514 6 bed m,Winter Squash,,,Farmers Market,קטיף יום ה,,Yes
23/06/2021,Lettuce Generic Variety 20/05/2021  500 plants,Lettuce,50.0,plants,,Unknown outlet,Plant sale,Yes
23/06/2021,New Zealand Spinach Tetragonia Specialty 02/12/2020 HH > C > Bed 14 12 bed m,New Zealand Spinach,4.0,Kilograms,,Unknown outlet,,No
25/06/2021,Carrots Generic Variety 10/03/2021 Ra.2 > C1 > Beds 215-216 24 bed m,Carrots,,,Wholesale,B2B,Full-Size,Yes
25/06/2021,Carrots Generic Variety 10/03/2021 Ra.2 > C1 > Beds 215-216 24 bed m,Carrots,,,Farmers Market,הדוכן יום ב,Full-Size,Yes
25/06/2021,Carrots Generic Variety 10/03/2021 Ra.2 > C1 > Beds 215-216 24 bed m,Carrots,,,,Unknown outlet,Full-Size,Yes
25/06/2021,Carrots Generic Variety 10/03/2021 Ra.2 > C1 > Beds 215-216 24 bed m,Carrots,,,Farmers Market,קטיף יום ה,Full-Size,Yes
26/06/2021,Arugula Arugula 12/04/2021 Ra.3 > R1 > Bed 313 12 bed m,Arugula,,,Wholesale,B2B,Baby Leaf,Yes
26/06/2021,Arugula Arugula 12/04/2021 Ra.3 > R1 > Bed 313 12 bed m,Arugula,,,Farmers Market,הדוכן יום ב,Baby Leaf,Yes
26/06/2021,Arugula Arugula 12/04/2021 Ra.3 > R1 > Bed 313 12 bed m,Arugula,,,,Unknown outlet,Baby Leaf,Yes
26/06/2021,Arugula Arugula 12/04/2021 Ra.3 > R1 > Bed 313 12 bed m,Arugula,,,Farmers Market,קטיף יום ה,Baby Leaf,Yes
26/06/2021,Parsley hyd. Borjo 17/02/2021 Hyd. S - no beds selected 600 plants,Parsley,,,Wholesale,B2B,Full-Size,Yes
26/06/2021,Parsley hyd. Borjo 17/02/2021 Hyd. S - no beds selected 600 plants,Parsley,,,Farmers Market,הדוכן יום ב,Full-Size,Yes
26/06/2021,Parsley hyd. Borjo 17/02/2021 Hyd. S - no beds selected 600 plants,Parsley,,,,Unknown outlet,Full-Size,Yes
26/06/2021,Parsley hyd. Borjo 17/02/2021 Hyd. S - no beds selected 600 plants,Parsley,,,Farmers Market,קטיף יום ה,Full-Size,Yes
29/06/2021,Beets MIX עלי ביבי 24/02/2021 Ra.3 > R2 > Bed 320 12 bed m,Beets,,,Wholesale,B2B,Baby Leaf Greens,Yes
29/06/2021,Beets MIX עלי ביבי 24/02/2021 Ra.3 > R2 > Bed 320 12 bed m,Beets,,,Farmers Market,הדוכן יום ב,Baby Leaf Greens,Yes
29/06/2021,Beets MIX עלי ביבי 24/02/2021 Ra.3 > R2 > Bed 320 12 bed m,Beets,,,,Unknown outlet,Baby Leaf Greens,Yes
29/06/2021,Beets MIX עלי ביבי 24/02/2021 Ra.3 > R2 > Bed 320 12 bed m,Beets,,,Farmers Market,קטיף יום ה,Baby Leaf Greens,Yes
30/06/2021,Lettuce May queen - Regina di Maggio 01/04/2021 Hyd. S - no beds selected 210 plants,Lettuce,,,Wholesale,B2B,Full-Size,Yes
30/06/2021,Lettuce May queen - Regina di Maggio 01/04/2021 Hyd. S - no beds selected 210 plants,Lettuce,,,Farmers Market,הדוכן יום ב,Full-Size,Yes
30/06/2021,Lettuce May queen - Regina di Maggio 01/04/2021 Hyd. S - no beds selected 210 plants,Lettuce,,,,Unknown outlet,Full-Size,Yes
30/06/2021,Lettuce May queen - Regina di Maggio 01/04/2021 Hyd. S - no beds selected 210 plants,Lettuce,,,Farmers Market,קטיף יום ה,Full-Size,Yes
01/07/2021,Jerusalem Artichokes Generic Variety 04/12/2019 HH > A > Beds 1-3 18 bed m,Jerusalem Artichokes,,,Wholesale,B2B,,Yes
01/07/2021,Jerusalem Artichokes Generic Variety 04/12/2019 HH > A > Beds 1-3 18 bed m,Jerusalem Artichokes,,,Farmers Market,הדוכן יום ב,,Yes
01/07/2021,Jerusalem Artichokes Generic Variety 04/12/2019 HH > A > Beds 1-3 18 bed m,Jerusalem Artichokes,,,,Unknown outlet,,Yes
01/07/2021,Jerusalem Artichokes Generic Variety 04/12/2019 HH > A > Beds 1-3 18 bed m,Jerusalem Artichokes,,,Farmers Market,קטיף יום ה,,Yes
02/07/2021,Basil hyd. Prospera 02/03/2021 Hyd. S - no beds selected 210 plants,Basil,15.0,Bunches,,Unknown outlet,Full-Size,No
02/07/2021,Beans: Bush & Pole Blauhilde 03/03/2021 Ra.3 > R1 > Bed 305 12 bed m,Beans: Bush & Pole,2.0,Kilograms,,Unknown outlet,Fresh,No
02/07/2021,Beans: Bush & Pole Blauhilde 07/04/2021 Ra.2 > C6m > Beds 201-203 18 bed m,Beans: Bush & Pole,0.5,Kilograms,,Unknown outlet,Fresh,No
02/07/2021,Beans: Bush & Pole California Black Eyed 01/04/2021 Ra.3 > R1 > Beds 307-308 24 bed m,Beans: Bush & Pole,3.0,Kilograms,,Unknown outlet,Fresh,No
02/07/2021,Beans: Bush & Pole Hilda - שטוחה מטפסת 10/03/2021 Ra.3 > R1 > Bed 306 12 bed m,Beans: Bush & Pole,3.0,Kilograms,,Unknown outlet,Fresh,No
02/07/2021,Beans: Bush & Pole Speedy 14/04/2021 Ra.1 > L6m > Beds 106-107 12 bed m,Beans: Bush & Pole,1.0,Kilograms,,Unknown outlet,Fresh,No
02/07/2021,Chives hyd. common 18/02/2021 Hyd. N > NE > Bed 5 180 plants,Chives,10.0,Bunches,,Unknown outlet,Full-Size,No
02/07/2021,Eggplant Meatball 24/02/2021 Ra.2 > C2 > Beds 219-220 24 bed m,Eggplant,4.0,Kilograms,,Unknown outlet,,No
02/07/2021,Kale Lacinato (Dinosaur) 10/03/2021 Ra.3 > R2 > Bed 327 12 bed m,Kale,6.0,Bunches,,Unknown outlet,Full-Size,No
02/07/2021,Kale Scarlet 18/01/2021 Ra.3 > R2 > Bed 328 12 bed m,Kale,3.0,Bunches,,Unknown outlet,Full-Size,No
02/07/2021,Lettuce Generic Variety 20/05/2021  500 plants,Lettuce,20.0,plants,,Unknown outlet,Plant sale,Yes
02/07/2021,Lettuce hyd. פלנדריה - חמאה 25/05/2021 Hyd. S - no beds selected 168 plants,Lettuce,10.0,Heads,,Unknown outlet,Full-Size,Yes
02/07/2021,Lettuce: Salad Mix Mesclun Mix 13/05/2021 Ra.3 > R1 > Beds 315-316 24 bed m,Lettuce: Salad Mix,1.2,Kilograms,,Unknown outlet,Full-Size,No
02/07/2021,Lettuce: Salad Mix Mesclun Mix 27/05/2021 Ra.3 > R2 > Beds 317-318 24 bed m,Lettuce: Salad Mix,2.4,Kilograms,,Unknown outlet,Full-Size,No
02/07/2021,Parsley hyd. Borjo 20/05/2021  600 plants,Parsley,100.0,plants,,Unknown outlet,Plant sale,Yes
02/07/2021,Sorrel Generic Variety 12/01/2021 Ra.2 > C2 > Bed 221 12 bed m,Sorrel,0.0,Kilograms,,Unknown outlet,Baby Leaf,Yes
02/07/2021,"Tomatoes Lobelo - חישתיל מורכב 08/04/2021 Ra.1 > L2 > Beds 125, 128 24 bed m",Tomatoes,2.0,Kilograms,,Unknown outlet,Ripe,No
02/07/2021,Tomatoes Marmande - מורשת יעל 04/03/2021 Ra.1 > L2 > Bed 127 12 bed m,Tomatoes,1.0,Kilograms,,Unknown outlet,Ripe,No
02/07/2021,Tomatoes Marmande - מורשת יעל 18/01/2021 Ra.1 > L2 > Bed 130 12 bed m,Tomatoes,0.5,Kilograms,,Unknown outlet,Ripe,No
02/07/2021,Tomatoes Marmande - מורשת יעל 18/02/2021 Ra.1 > L1 > Bed 120 12 bed m,Tomatoes,0.5,Kilograms,,Unknown outlet,Ripe,No
02/07/2021,"Tomatoes ליקופן - מורשת 28/01/2021 Ra.1 > L1 > Beds 113, 116 24 bed m",Tomatoes,3.4,Kilograms,,Unknown outlet,Ripe,No
02/07/2021,Tomatoes ניצן 24/03/2021 Ra.1 > L1 > Beds 118-119 24 bed m,Tomatoes,2.0,Kilograms,,Unknown outlet,Ripe,No
04/07/2021,Beans: Bush & Pole Blauhilde 03/03/2021 Ra.3 > R1 > Bed 305 12 bed m,Beans: Bush & Pole,1.0,Kilograms,,Unknown outlet,Fresh,No
04/07/2021,Beans: Bush & Pole Blauhilde 07/04/2021 Ra.2 > C6m > Beds 201-203 18 bed m,Beans: Bush & Pole,20.0,Bunches,,Unknown outlet,Fresh,No
04/07/2021,Beans: Bush & Pole California Black Eyed 01/04/2021 Ra.3 > R1 > Beds 307-308 24 bed m,Beans: Bush & Pole,1.5,Kilograms,,Unknown outlet,Fresh,No
04/07/2021,Beans: Bush & Pole Hilda - שטוחה מטפסת 10/03/2021 Ra.3 > R1 > Bed 306 12 bed m,Beans: Bush & Pole,1.0,Kilograms,,Unknown outlet,Fresh,No
04/07/2021,Beans: Bush & Pole Speedy 13/05/2021 Ra.2 > C6m > Bed 208 6 bed m,Beans: Bush & Pole,2.5,Kilograms,,Unknown outlet,Fresh,No
04/07/2021,Beans: Bush & Pole Speedy 14/04/2021 Ra.1 > L6m > Beds 106-107 12 bed m,Beans: Bush & Pole,1.0,Kilograms,,Unknown outlet,Fresh,No
04/07/2021,Lettuce Generic Variety 03/06/2021  500 plants,Lettuce,20.0,plants,,Unknown outlet,Plant sale,Yes
04/07/2021,Tomatoes Black Cherry 04/03/2021 Ra.1 > L2 > Bed 123 12 bed m,Tomatoes,4.0,Kilograms,,Unknown outlet,Ripe,No
04/07/2021,Tomatoes Bull's Heart - מורשת יעל 18/01/2021 Ra.1 > L1 > Bed 117 12 bed m,Tomatoes,3.0,Kilograms,,Unknown outlet,Green,No
04/07/2021,Tomatoes Cuore Di Bue 18/01/2021 Ra.1 > L2 > Bed 131 12 bed m,Tomatoes,1.0,Kilograms,,Unknown outlet,Ripe,No
04/07/2021,"Tomatoes Lobelo - חישתיל מורכב 08/04/2021 Ra.1 > L2 > Beds 125, 128 24 bed m",Tomatoes,12.0,Kilograms,,Unknown outlet,Ripe,No
04/07/2021,Tomatoes Marmande - מורשת יעל 04/03/2021 Ra.1 > L2 > Bed 127 12 bed m,Tomatoes,9.0,Kilograms,,Unknown outlet,Ripe,No
04/07/2021,Tomatoes Marmande - מורשת יעל 18/01/2021 Ra.1 > L2 > Bed 130 12 bed m,Tomatoes,9.0,Kilograms,,Unknown outlet,Ripe,No
04/07/2021,Tomatoes Marmande - מורשת יעל 18/02/2021 Ra.1 > L1 > Bed 120 12 bed m,Tomatoes,9.0,Kilograms,,Unknown outlet,Ripe,No
04/07/2021,Tomatoes ליקופן - מורשת 04/03/2021 Ra.1 > L2 > Bed 126 12 bed m,Tomatoes,6.0,Kilograms,,Unknown outlet,Ripe,No
04/07/2021,"Tomatoes ליקופן - מורשת 28/01/2021 Ra.1 > L1 > Beds 113, 116 24 bed m",Tomatoes,6.0,Kilograms,,Unknown outlet,Ripe,No
04/07/2021,Tomatoes ניצן 24/03/2021 Ra.1 > L1 > Beds 118-119 24 bed m,Tomatoes,12.0,Kilograms,,Unknown outlet,Ripe,No
07/07/2021,Beans: Bush & Pole Blauhilde 07/04/2021 Ra.2 > C6m > Beds 201-203 18 bed m,Beans: Bush & Pole,11.0,Bunches,,Unknown outlet,Fresh,No
07/07/2021,Beans: Bush & Pole California Black Eyed 01/04/2021 Ra.3 > R1 > Beds 307-308 24 bed m,Beans: Bush & Pole,1.8,Kilograms,,Unknown outlet,Fresh,No
07/07/2021,Beans: Bush & Pole Speedy 13/05/2021 Ra.2 > C6m > Bed 208 6 bed m,Beans: Bush & Pole,1.0,Kilograms,,Unknown outlet,Fresh,No
07/07/2021,Beans: Bush & Pole Speedy 14/04/2021 Ra.1 > L6m > Beds 106-107 12 bed m,Beans: Bush & Pole,,,Wholesale,B2B,Fresh,Yes
07/07/2021,Beans: Bush & Pole Speedy 14/04/2021 Ra.1 > L6m > Beds 106-107 12 bed m,Beans: Bush & Pole,,,Farmers Market,הדוכן יום ב,Fresh,Yes
07/07/2021,Beans: Bush & Pole Speedy 14/04/2021 Ra.1 > L6m > Beds 106-107 12 bed m,Beans: Bush & Pole,,,,Unknown outlet,Fresh,Yes
07/07/2021,Beans: Bush & Pole Speedy 14/04/2021 Ra.1 > L6m > Beds 106-107 12 bed m,Beans: Bush & Pole,,,Farmers Market,קטיף יום ה,Fresh,Yes
07/07/2021,Okra Kandahar Pendi 18/03/2021 Ra.4 > Lo18 > Beds 404-405 36 bed m,Okra,2.0,Kilograms,,Unknown outlet,,No
07/07/2021,Tomatoes Black Cherry 04/03/2021 Ra.1 > L2 > Bed 123 12 bed m,Tomatoes,3.0,Kilograms,,Unknown outlet,Ripe,No
07/07/2021,Tomatoes Bull's Heart - מורשת יעל 18/01/2021 Ra.1 > L1 > Bed 117 12 bed m,Tomatoes,2.0,Kilograms,,Unknown outlet,Green,No
07/07/2021,"Tomatoes Lobelo - חישתיל מורכב 08/04/2021 Ra.1 > L2 > Beds 125, 128 24 bed m",Tomatoes,8.5,Kilograms,,Unknown outlet,Ripe,No
07/07/2021,Tomatoes Marmande - מורשת יעל 04/03/2021 Ra.1 > L2 > Bed 127 12 bed m,Tomatoes,3.0,Kilograms,,Unknown outlet,Ripe,No
07/07/2021,Tomatoes Marmande - מורשת יעל 18/01/2021 Ra.1 > L2 > Bed 130 12 bed m,Tomatoes,3.0,Kilograms,,Unknown outlet,Ripe,No
07/07/2021,Tomatoes Marmande - מורשת יעל 18/02/2021 Ra.1 > L1 > Bed 120 12 bed m,Tomatoes,3.0,Kilograms,,Unknown outlet,Ripe,No
07/07/2021,Tomatoes ליקופן - מורשת 04/03/2021 Ra.1 > L2 > Bed 126 12 bed m,Tomatoes,3.0,Kilograms,,Unknown outlet,Ripe,No
07/07/2021,"Tomatoes ליקופן - מורשת 28/01/2021 Ra.1 > L1 > Beds 113, 116 24 bed m",Tomatoes,3.0,Kilograms,,Unknown outlet,Ripe,No
07/07/2021,Tomatoes ניצן 24/03/2021 Ra.1 > L1 > Beds 118-119 24 bed m,Tomatoes,3.0,Kilograms,,Unknown outlet,Ripe,No
08/07/2021,Cucumbers Facus - פאקוס ירוק 24/03/2021 Ra.4 > Lo24 > Bed 401 14 bed m,Cucumbers,,,Wholesale,B2B,,Yes
08/07/2021,Cucumbers Facus - פאקוס ירוק 24/03/2021 Ra.4 > Lo24 > Bed 401 14 bed m,Cucumbers,,,Farmers Market,הדוכן יום ב,,Yes
08/07/2021,Cucumbers Facus - פאקוס ירוק 24/03/2021 Ra.4 > Lo24 > Bed 401 14 bed m,Cucumbers,,,,Unknown outlet,,Yes
08/07/2021,Cucumbers Facus - פאקוס ירוק 24/03/2021 Ra.4 > Lo24 > Bed 401 14 bed m,Cucumbers,,,Farmers Market,קטיף יום ה,,Yes
08/07/2021,Eggplant Meatball 24/02/2021 Ra.2 > C2 > Beds 219-220 24 bed m,Eggplant,8.5,Kilograms,,Unknown outlet,,No
08/07/2021,Eggplant בלאדי - יעל 26/02/2020 Ra.3 > R2 > Beds 325-326 24 bed m,Eggplant,1.3,Kilograms,,Unknown outlet,,No
08/07/2021,Radishes Nero Tondo 10/03/2021 Ra.1 > L6m > Bed 101 3 bed m,Radishes,0.0,Each,,Unknown outlet,Full-Size,Yes
08/07/2021,Radishes Nero Tondo 25/03/2021 Ra.2 > C2 > Bed 222 6 bed m,Radishes,0.0,Each,Wholesale,B2B,Full-Size,Yes
08/07/2021,Radishes Nero Tondo 25/03/2021 Ra.2 > C2 > Bed 222 6 bed m,Radishes,0.0,Each,Farmers Market,הדוכן יום ב,Full-Size,Yes
08/07/2021,Radishes Nero Tondo 25/03/2021 Ra.2 > C2 > Bed 222 6 bed m,Radishes,0.0,Each,,Unknown outlet,Full-Size,Yes
08/07/2021,Radishes Nero Tondo 25/03/2021 Ra.2 > C2 > Bed 222 6 bed m,Radishes,0.0,Each,Farmers Market,קטיף יום ה,Full-Size,Yes
09/07/2021,Basil hyd. Prospera 02/03/2021 Hyd. S - no beds selected 210 plants,Basil,,,Wholesale,B2B,Full-Size,Yes
09/07/2021,Basil hyd. Prospera 02/03/2021 Hyd. S - no beds selected 210 plants,Basil,,,Farmers Market,הדוכן יום ב,Full-Size,Yes
09/07/2021,Basil hyd. Prospera 02/03/2021 Hyd. S - no beds selected 210 plants,Basil,,,,Unknown outlet,Full-Size,Yes
09/07/2021,Basil hyd. Prospera 02/03/2021 Hyd. S - no beds selected 210 plants,Basil,,,Farmers Market,קטיף יום ה,Full-Size,Yes
09/07/2021,Winter Squash Gialla Quintale 18/01/2021 Zvika > zA > Bed 513 12 plants,Winter Squash,,,Wholesale,B2B,,Yes
09/07/2021,Winter Squash Gialla Quintale 18/01/2021 Zvika > zA > Bed 513 12 plants,Winter Squash,,,Farmers Market,הדוכן יום ב,,Yes
09/07/2021,Winter Squash Gialla Quintale 18/01/2021 Zvika > zA > Bed 513 12 plants,Winter Squash,,,,Unknown outlet,,Yes
09/07/2021,Winter Squash Gialla Quintale 18/01/2021 Zvika > zA > Bed 513 12 plants,Winter Squash,,,Farmers Market,קטיף יום ה,,Yes
10/07/2021,Lettuce: Salad Mix Mesclun Mix 13/05/2021 Ra.3 > R1 > Beds 315-316 24 bed m,Lettuce: Salad Mix,,,Wholesale,B2B,Full-Size,Yes
10/07/2021,Lettuce: Salad Mix Mesclun Mix 13/05/2021 Ra.3 > R1 > Beds 315-316 24 bed m,Lettuce: Salad Mix,,,Farmers Market,הדוכן יום ב,Full-Size,Yes
10/07/2021,Lettuce: Salad Mix Mesclun Mix 13/05/2021 Ra.3 > R1 > Beds 315-316 24 bed m,Lettuce: Salad Mix,,,,Unknown outlet,Full-Size,Yes
10/07/2021,Lettuce: Salad Mix Mesclun Mix 13/05/2021 Ra.3 > R1 > Beds 315-316 24 bed m,Lettuce: Salad Mix,,,Farmers Market,קטיף יום ה,Full-Size,Yes
12/07/2021,Basil hyd. Prospera 31/05/2021 Hyd. N > NW > Bed 9 6 bed m,Basil,0.0,Kilograms,Wholesale,B2B,Full-Size,No
12/07/2021,Basil hyd. Prospera 31/05/2021 Hyd. N > NW > Bed 9 6 bed m,Basil,15.0,Kilograms,Farmers Market,הדוכן יום ב,Full-Size,No
12/07/2021,Basil hyd. Prospera 31/05/2021 Hyd. N > NW > Bed 9 6 bed m,Basil,0.0,Kilograms,,Unknown outlet,Full-Size,No
12/07/2021,Basil hyd. Prospera 31/05/2021 Hyd. N > NW > Bed 9 6 bed m,Basil,0.0,Kilograms,Farmers Market,קטיף יום ה,Full-Size,No
12/07/2021,Chard hyd. מונופולי - ראש 05/05/2021 Hyd. N > NW > Bed 10 3 bed m,Chard,0.0,Heads,Wholesale,B2B,Full-Size,No
12/07/2021,Chard hyd. מונופולי - ראש 05/05/2021 Hyd. N > NW > Bed 10 3 bed m,Chard,10.0,Heads,Farmers Market,הדוכן יום ב,Full-Size,No
12/07/2021,Chard hyd. מונופולי - ראש 05/05/2021 Hyd. N > NW > Bed 10 3 bed m,Chard,0.0,Heads,,Unknown outlet,Full-Size,No
12/07/2021,Chard hyd. מונופולי - ראש 05/05/2021 Hyd. N > NW > Bed 10 3 bed m,Chard,0.0,Heads,Farmers Market,קטיף יום ה,Full-Size,No
12/07/2021,Chives hyd. common 18/02/2021 Hyd. N > NE > Bed 5 180 plants,Chives,0.0,Bunches,Wholesale,B2B,Full-Size,No
12/07/2021,Chives hyd. common 18/02/2021 Hyd. N > NE > Bed 5 180 plants,Chives,10.0,Bunches,Farmers Market,הדוכן יום ב,Full-Size,No
12/07/2021,Chives hyd. common 18/02/2021 Hyd. N > NE > Bed 5 180 plants,Chives,0.0,Bunches,,Unknown outlet,Full-Size,No
12/07/2021,Chives hyd. common 18/02/2021 Hyd. N > NE > Bed 5 180 plants,Chives,0.0,Bunches,Farmers Market,קטיף יום ה,Full-Size,No
12/07/2021,Lettuce: Salad Mix Mesclun Mix 29/04/2021 Ra.3 > R3 > Beds 329-330 24 bed m,Lettuce: Salad Mix,,,Wholesale,B2B,Full-Size,Yes
12/07/2021,Lettuce: Salad Mix Mesclun Mix 29/04/2021 Ra.3 > R3 > Beds 329-330 24 bed m,Lettuce: Salad Mix,,,Farmers Market,הדוכן יום ב,Full-Size,Yes
12/07/2021,Lettuce: Salad Mix Mesclun Mix 29/04/2021 Ra.3 > R3 > Beds 329-330 24 bed m,Lettuce: Salad Mix,,,,Unknown outlet,Full-Size,Yes
12/07/2021,Lettuce: Salad Mix Mesclun Mix 29/04/2021 Ra.3 > R3 > Beds 329-330 24 bed m,Lettuce: Salad Mix,,,Farmers Market,קטיף יום ה,Full-Size,Yes
12/07/2021,Onions: Scallions hyd. Aldorado 13/05/2021 Hyd. S - no beds selected 600 plants,Onions: Scallions,0.0,Bunches,Wholesale,B2B,Full-Size,No
12/07/2021,Onions: Scallions hyd. Aldorado 13/05/2021 Hyd. S - no beds selected 600 plants,Onions: Scallions,10.0,Bunches,Farmers Market,הדוכן יום ב,Full-Size,No
12/07/2021,Onions: Scallions hyd. Aldorado 13/05/2021 Hyd. S - no beds selected 600 plants,Onions: Scallions,0.0,Bunches,,Unknown outlet,Full-Size,No
12/07/2021,Onions: Scallions hyd. Aldorado 13/05/2021 Hyd. S - no beds selected 600 plants,Onions: Scallions,0.0,Bunches,Farmers Market,קטיף יום ה,Full-Size,No
12/07/2021,Soybeans סויה אלמוג 14/04/2021 Ra.3 > R6m > Beds 302-304 18 bed m,Soybeans,0.0,Kilograms,Wholesale,B2B,Fresh Shelling,Yes
12/07/2021,Soybeans סויה אלמוג 14/04/2021 Ra.3 > R6m > Beds 302-304 18 bed m,Soybeans,0.0,Kilograms,Farmers Market,הדוכן יום ב,Fresh Shelling,Yes
12/07/2021,Soybeans סויה אלמוג 14/04/2021 Ra.3 > R6m > Beds 302-304 18 bed m,Soybeans,0.0,Kilograms,,Unknown outlet,Fresh Shelling,Yes
12/07/2021,Soybeans סויה אלמוג 14/04/2021 Ra.3 > R6m > Beds 302-304 18 bed m,Soybeans,0.0,Kilograms,Farmers Market,קטיף יום ה,Fresh Shelling,Yes
14/07/2021,Beans: Bush & Pole Blauhilde 07/04/2021 Ra.2 > C6m > Beds 201-203 18 bed m,Beans: Bush & Pole,0.0,Kilograms,Wholesale,B2B,Fresh,No
14/07/2021,Beans: Bush & Pole Blauhilde 07/04/2021 Ra.2 > C6m > Beds 201-203 18 bed m,Beans: Bush & Pole,0.0,Kilograms,Farmers Market,הדוכן יום ב,Fresh,No
14/07/2021,Beans: Bush & Pole Blauhilde 07/04/2021 Ra.2 > C6m > Beds 201-203 18 bed m,Beans: Bush & Pole,15.0,Bunches,,Unknown outlet,Fresh,No
14/07/2021,Beans: Bush & Pole Blauhilde 07/04/2021 Ra.2 > C6m > Beds 201-203 18 bed m,Beans: Bush & Pole,0.0,Kilograms,Farmers Market,קטיף יום ה,Fresh,No
14/07/2021,Beans: Bush & Pole Speedy 13/05/2021 Ra.2 > C6m > Bed 208 6 bed m,Beans: Bush & Pole,0.0,Kilograms,Wholesale,B2B,Fresh,No
14/07/2021,Beans: Bush & Pole Speedy 13/05/2021 Ra.2 > C6m > Bed 208 6 bed m,Beans: Bush & Pole,0.0,Kilograms,Farmers Market,הדוכן יום ב,Fresh,No
14/07/2021,Beans: Bush & Pole Speedy 13/05/2021 Ra.2 > C6m > Bed 208 6 bed m,Beans: Bush & Pole,1.1,Kilograms,,Unknown outlet,Fresh,No
14/07/2021,Beans: Bush & Pole Speedy 13/05/2021 Ra.2 > C6m > Bed 208 6 bed m,Beans: Bush & Pole,0.0,Kilograms,Farmers Market,קטיף יום ה,Fresh,No
14/07/2021,Eggplant Meatball 24/02/2021 Ra.2 > C2 > Beds 219-220 24 bed m,Eggplant,0.0,Kilograms,Wholesale,B2B,,No
14/07/2021,Eggplant Meatball 24/02/2021 Ra.2 > C2 > Beds 219-220 24 bed m,Eggplant,0.0,Kilograms,Farmers Market,הדוכן יום ב,,No
14/07/2021,Eggplant Meatball 24/02/2021 Ra.2 > C2 > Beds 219-220 24 bed m,Eggplant,15.3,Kilograms,,Unknown outlet,,No
14/07/2021,Eggplant Meatball 24/02/2021 Ra.2 > C2 > Beds 219-220 24 bed m,Eggplant,0.0,Kilograms,Farmers Market,קטיף יום ה,,No
14/07/2021,Lettuce Generic Variety 03/06/2021  500 plants,Lettuce,0.0,plants,Wholesale,B2B,Plant sale,Yes
14/07/2021,Lettuce Generic Variety 03/06/2021  500 plants,Lettuce,0.0,plants,Farmers Market,הדוכן יום ב,Plant sale,Yes
14/07/2021,Lettuce Generic Variety 03/06/2021  500 plants,Lettuce,50.0,plants,,Unknown outlet,Plant sale,Yes
14/07/2021,Lettuce Generic Variety 03/06/2021  500 plants,Lettuce,0.0,plants,Farmers Market,קטיף יום ה,Plant sale,Yes
14/07/2021,Okra Kandahar Pendi 18/03/2021 Ra.4 > Lo18 > Beds 404-405 36 bed m,Okra,0.0,Kilograms,Wholesale,B2B,,No
14/07/2021,Okra Kandahar Pendi 18/03/2021 Ra.4 > Lo18 > Beds 404-405 36 bed m,Okra,0.0,Kilograms,Farmers Market,הדוכן יום ב,,No
14/07/2021,Okra Kandahar Pendi 18/03/2021 Ra.4 > Lo18 > Beds 404-405 36 bed m,Okra,1.7,Kilograms,,Unknown outlet,,No
14/07/2021,Okra Kandahar Pendi 18/03/2021 Ra.4 > Lo18 > Beds 404-405 36 bed m,Okra,0.0,Kilograms,Farmers Market,קטיף יום ה,,No
14/07/2021,Onions: Scallions hyd. Aldorado 13/05/2021 Hyd. S - no beds selected 600 plants,Onions: Scallions,60.0,Bunches,Wholesale,B2B,Full-Size,No
14/07/2021,Onions: Scallions hyd. Aldorado 13/05/2021 Hyd. S - no beds selected 600 plants,Onions: Scallions,0.0,Bunches,Farmers Market,הדוכן יום ב,Full-Size,No
14/07/2021,Onions: Scallions hyd. Aldorado 13/05/2021 Hyd. S - no beds selected 600 plants,Onions: Scallions,0.0,Bunches,,Unknown outlet,Full-Size,No
14/07/2021,Onions: Scallions hyd. Aldorado 13/05/2021 Hyd. S - no beds selected 600 plants,Onions: Scallions,0.0,Bunches,Farmers Market,קטיף יום ה,Full-Size,No
14/07/2021,Thyme Generic Variety 25/05/2020 side > 200 > Bed 3 3 bed m,Thyme,0.0,Bunches,Wholesale,B2B,Full-Size,No
14/07/2021,Thyme Generic Variety 25/05/2020 side > 200 > Bed 3 3 bed m,Thyme,0.0,Bunches,Farmers Market,הדוכן יום ב,Full-Size,No
14/07/2021,Thyme Generic Variety 25/05/2020 side > 200 > Bed 3 3 bed m,Thyme,22.0,Bunches,,Unknown outlet,Full-Size,No
14/07/2021,Thyme Generic Variety 25/05/2020 side > 200 > Bed 3 3 bed m,Thyme,0.0,Bunches,Farmers Market,קטיף יום ה,Full-Size,No
16/07/2021,Winter Squash Autumn Frost 18/01/2021 Zvika > zA > Bed 513 10 plants,Winter Squash,,,Wholesale,B2B,,Yes
16/07/2021,Winter Squash Autumn Frost 18/01/2021 Zvika > zA > Bed 513 10 plants,Winter Squash,,,Farmers Market,הדוכן יום ב,,Yes
16/07/2021,Winter Squash Autumn Frost 18/01/2021 Zvika > zA > Bed 513 10 plants,Winter Squash,,,,Unknown outlet,,Yes
16/07/2021,Winter Squash Autumn Frost 18/01/2021 Zvika > zA > Bed 513 10 plants,Winter Squash,,,Farmers Market,קטיף יום ה,,Yes
16/07/2021,Winter Squash Lunga Di Napoli 18/01/2021 Zvika > zA > Bed 503 12 bed m,Winter Squash,,,Wholesale,B2B,,Yes
16/07/2021,Winter Squash Lunga Di Napoli 18/01/2021 Zvika > zA > Bed 503 12 bed m,Winter Squash,,,Farmers Market,הדוכן יום ב,,Yes
16/07/2021,Winter Squash Lunga Di Napoli 18/01/2021 Zvika > zA > Bed 503 12 bed m,Winter Squash,,,,Unknown outlet,,Yes
16/07/2021,Winter Squash Lunga Di Napoli 18/01/2021 Zvika > zA > Bed 503 12 bed m,Winter Squash,,,Farmers Market,קטיף יום ה,,Yes
19/07/2021,Basil hyd. Prospera 31/05/2021 Hyd. N > NW > Bed 9 6 bed m,Basil,10.0,Bunches,Farmers Market,הדוכן יום ב,Full-Size,No
19/07/2021,Beans: Bush & Pole Blauhilde 03/03/2021 Ra.3 > R1 > Bed 305 12 bed m,Beans: Bush & Pole,,,Wholesale,B2B,Fresh,Yes
19/07/2021,Beans: Bush & Pole Blauhilde 03/03/2021 Ra.3 > R1 > Bed 305 12 bed m,Beans: Bush & Pole,,,Farmers Market,הדוכן יום ב,Fresh,Yes
19/07/2021,Beans: Bush & Pole Blauhilde 03/03/2021 Ra.3 > R1 > Bed 305 12 bed m,Beans: Bush & Pole,,,,Unknown outlet,Fresh,Yes
19/07/2021,Beans: Bush & Pole Blauhilde 03/03/2021 Ra.3 > R1 > Bed 305 12 bed m,Beans: Bush & Pole,,,Farmers Market,קטיף יום ה,Fresh,Yes
19/07/2021,Beans: Bush & Pole Blauhilde 07/04/2021 Ra.2 > C6m > Beds 201-203 18 bed m,Beans: Bush & Pole,11.0,Bunches,Farmers Market,הדוכן יום ב,Fresh,No
19/07/2021,Beans: Bush & Pole Speedy 13/05/2021 Ra.2 > C6m > Bed 208 6 bed m,Beans: Bush & Pole,0.3,Kilograms,Farmers Market,הדוכן יום ב,Fresh,No
19/07/2021,Chard hyd. מונופולי - ראש 18/03/2021 Hyd. S - no beds selected 9.5 bed m,Chard,0.0,Heads,Farmers Market,הדוכן יום ב,Full-Size,Yes
19/07/2021,Okra Kandahar Pendi 18/03/2021 Ra.4 > Lo18 > Beds 404-405 36 bed m,Okra,1.0,Kilograms,Farmers Market,הדוכן יום ב,,No
19/07/2021,Onions: Scallions hyd. Aldorado 13/05/2021 Hyd. S - no beds selected 600 plants,Onions: Scallions,10.0,Bunches,Farmers Market,הדוכן יום ב,Full-Size,No
19/07/2021,Parsley hyd. Borjo 16/05/2021 Hyd. S - no beds selected 600 plants,Parsley,5.0,Bunches,Farmers Market,הדוכן יום ב,Full-Size,Yes
22/07/2021,Arugula Arugula 09/06/2021 Ra.3 > R2 > Bed 324 12 bed m,Arugula,1.5,Kilograms,,Unknown outlet,Baby Leaf,No
22/07/2021,Beans: Bush & Pole Blauhilde 07/04/2021 Ra.2 > C6m > Beds 201-203 18 bed m,Beans: Bush & Pole,8.0,Bunches,,Unknown outlet,Fresh,No
22/07/2021,Beans: Bush & Pole California Black Eyed 01/04/2021 Ra.3 > R1 > Beds 307-308 24 bed m,Beans: Bush & Pole,1.6,Kilograms,,Unknown outlet,Fresh,No
22/07/2021,Beans: Bush & Pole Hilda - שטוחה מטפסת 10/03/2021 Ra.3 > R1 > Bed 306 12 bed m,Beans: Bush & Pole,1.0,Kilograms,,Unknown outlet,Fresh,Yes
22/07/2021,Beans: Bush & Pole Speedy 13/05/2021 Ra.2 > C6m > Bed 208 6 bed m,Beans: Bush & Pole,0.3,Kilograms,,Unknown outlet,Fresh,No
22/07/2021,Celery Gigante Dorato 30/12/2020 Zvika > zB > Bed 523 12 bed m,Celery,,,Wholesale,B2B,Full-Size,Yes
22/07/2021,Celery Gigante Dorato 30/12/2020 Zvika > zB > Bed 523 12 bed m,Celery,,,Farmers Market,הדוכן יום ב,Full-Size,Yes
22/07/2021,Celery Gigante Dorato 30/12/2020 Zvika > zB > Bed 523 12 bed m,Celery,,,,Unknown outlet,Full-Size,Yes
22/07/2021,Celery Gigante Dorato 30/12/2020 Zvika > zB > Bed 523 12 bed m,Celery,,,Farmers Market,קטיף יום ה,Full-Size,Yes
22/07/2021,Celery hyd. Giant Dorato 03/03/2021 Hyd. S - no beds selected 6 bed m,Celery,0.0,Each,,Unknown outlet,Full-Size,Yes
22/07/2021,Eggplant Meatball 24/02/2021 Ra.2 > C2 > Beds 219-220 24 bed m,Eggplant,14.0,Kilograms,,Unknown outlet,,No
22/07/2021,Eggplant Ping Tung Long 14/04/2021 Ra.1 > L2 > Bed 124 12 bed m,Eggplant,3.0,Kilograms,,Unknown outlet,,No
22/07/2021,Kale Lacinato (Dinosaur) 12/01/2021 Zvika > zA > Beds 501-502 24 bed m,Kale,3.0,Bunches,,Unknown outlet,Full-Size,No
22/07/2021,Lettuce hyd. רומית 09/06/2021 Hyd. S - no beds selected 120 plants,Lettuce,8.0,Heads,Farmers Market,הדוכן יום ב,Full-Size,No
22/07/2021,Lettuce: Salad Mix Mesclun Mix 27/05/2021 Ra.3 > R2 > Beds 317-318 24 bed m,Lettuce: Salad Mix,9.0,Kilograms,,Unknown outlet,Full-Size,No
22/07/2021,Mint Common Mint 09/04/2020 side > 200 > Bed 3 6 bed m,Mint,6.0,Bunches,,Unknown outlet,Full-Size,No
22/07/2021,Mint Common Mint 09/04/2020 side > 200 > Bed 3 6 bed m,Mint,,,Wholesale,B2B,Full-Size,Yes
22/07/2021,Mint Common Mint 09/04/2020 side > 200 > Bed 3 6 bed m,Mint,,,Farmers Market,הדוכן יום ב,Full-Size,Yes
22/07/2021,Mint Common Mint 09/04/2020 side > 200 > Bed 3 6 bed m,Mint,,,,Unknown outlet,Full-Size,Yes
22/07/2021,Mint Common Mint 09/04/2020 side > 200 > Bed 3 6 bed m,Mint,,,Farmers Market,קטיף יום ה,Full-Size,Yes
22/07/2021,Okra Kandahar Pendi 18/03/2021 Ra.4 > Lo18 > Beds 404-405 36 bed m,Okra,1.8,Kilograms,,Unknown outlet,,No
22/07/2021,Peppers Sweet Bite 26/05/2021 Ra.2 > C1 > Bed 213 12 plants,Peppers,0.5,Kilograms,,Unknown outlet,Early,No
22/07/2021,Peppers Thai Red Chili 29/04/2021 Ra.2 > C2 > Bed 217 8 bed m,Peppers,0.5,Kilograms,,Unknown outlet,Ripe,No
22/07/2021,Peppers אלטר - לפיד 25/03/2021 Ra.2 > C2 > Bed 218 12 bed m,Peppers,5.0,Kilograms,,Unknown outlet,Ripe,No
22/07/2021,Peppers ברק 25/03/2021 Ra.2 > C2 > Bed 218 6 bed m,Peppers,2.0,Kilograms,,Unknown outlet,Ripe,No
22/07/2021,"Tomatoes Lobelo - חישתיל מורכב 08/04/2021 Ra.1 > L2 > Beds 125, 128 24 bed m",Tomatoes,7.0,Kilograms,,Unknown outlet,Ripe,No
22/07/2021,Tomatoes Marmande - מורשת יעל 04/03/2021 Ra.1 > L2 > Bed 127 12 bed m,Tomatoes,11.0,Kilograms,,Unknown outlet,Ripe,No
22/07/2021,"Tomatoes ליקופן - מורשת 28/01/2021 Ra.1 > L1 > Beds 113, 116 24 bed m",Tomatoes,6.0,Kilograms,,Unknown outlet,Ripe,No
23/07/2021,Summer Squash Golden Patty Pan Organic 03/03/2021 Ra.4 > Lo24 > Bed 401 10 bed m,Summer Squash,,,Wholesale,B2B,,Yes
23/07/2021,Summer Squash Golden Patty Pan Organic 03/03/2021 Ra.4 > Lo24 > Bed 401 10 bed m,Summer Squash,,,Farmers Market,הדוכן יום ב,,Yes
23/07/2021,Summer Squash Golden Patty Pan Organic 03/03/2021 Ra.4 > Lo24 > Bed 401 10 bed m,Summer Squash,,,,Unknown outlet,,Yes
23/07/2021,Summer Squash Golden Patty Pan Organic 03/03/2021 Ra.4 > Lo24 > Bed 401 10 bed m,Summer Squash,,,Farmers Market,קטיף יום ה,,Yes
25/07/2021,Beans: Bush & Pole Speedy 13/05/2021 Ra.2 > C6m > Bed 208 6 bed m,Beans: Bush & Pole,,,Wholesale,B2B,Fresh,Yes
25/07/2021,Beans: Bush & Pole Speedy 13/05/2021 Ra.2 > C6m > Bed 208 6 bed m,Beans: Bush & Pole,,,Farmers Market,הדוכן יום ב,Fresh,Yes
25/07/2021,Beans: Bush & Pole Speedy 13/05/2021 Ra.2 > C6m > Bed 208 6 bed m,Beans: Bush & Pole,,,,Unknown outlet,Fresh,Yes
25/07/2021,Beans: Bush & Pole Speedy 13/05/2021 Ra.2 > C6m > Bed 208 6 bed m,Beans: Bush & Pole,,,Farmers Market,קטיף יום ה,Fresh,Yes
26/07/2021,Winter Squash Lunga Di Napoli 28/02/2021 Ra.1 > L3 > Beds 134-135 24 bed m,Winter Squash,,,Wholesale,B2B,,Yes
26/07/2021,Winter Squash Lunga Di Napoli 28/02/2021 Ra.1 > L3 > Beds 134-135 24 bed m,Winter Squash,,,Farmers Market,הדוכן יום ב,,Yes
26/07/2021,Winter Squash Lunga Di Napoli 28/02/2021 Ra.1 > L3 > Beds 134-135 24 bed m,Winter Squash,,,,Unknown outlet,,Yes
26/07/2021,Winter Squash Lunga Di Napoli 28/02/2021 Ra.1 > L3 > Beds 134-135 24 bed m,Winter Squash,,,Farmers Market,קטיף יום ה,,Yes
27/07/2021,Winter Squash טריפולי 28/02/2021 Ra.4 > Lo12 > Bed 409 8 bed m,Winter Squash,,,Wholesale,B2B,,Yes
27/07/2021,Winter Squash טריפולי 28/02/2021 Ra.4 > Lo12 > Bed 409 8 bed m,Winter Squash,,,Farmers Market,הדוכן יום ב,,Yes
27/07/2021,Winter Squash טריפולי 28/02/2021 Ra.4 > Lo12 > Bed 409 8 bed m,Winter Squash,,,,Unknown outlet,,Yes
27/07/2021,Winter Squash טריפולי 28/02/2021 Ra.4 > Lo12 > Bed 409 8 bed m,Winter Squash,,,Farmers Market,קטיף יום ה,,Yes
28/07/2021,Dill hyd. Emilya 01/04/2021 Hyd. S - no beds selected 400 plants,Dill,,,Wholesale,B2B,Leaf,Yes
28/07/2021,Dill hyd. Emilya 01/04/2021 Hyd. S - no beds selected 400 plants,Dill,,,Farmers Market,הדוכן יום ב,Leaf,Yes
28/07/2021,Dill hyd. Emilya 01/04/2021 Hyd. S - no beds selected 400 plants,Dill,,,,Unknown outlet,Leaf,Yes
28/07/2021,Dill hyd. Emilya 01/04/2021 Hyd. S - no beds selected 400 plants,Dill,,,Farmers Market,קטיף יום ה,Leaf,Yes
28/07/2021,Lettuce hyd. רומית 09/06/2021 Hyd. S - no beds selected 120 plants,Lettuce,,,Wholesale,B2B,Full-Size,Yes
28/07/2021,Lettuce hyd. רומית 09/06/2021 Hyd. S - no beds selected 120 plants,Lettuce,,,Farmers Market,הדוכן יום ב,Full-Size,Yes
28/07/2021,Lettuce hyd. רומית 09/06/2021 Hyd. S - no beds selected 120 plants,Lettuce,,,,Unknown outlet,Full-Size,Yes
28/07/2021,Lettuce hyd. רומית 09/06/2021 Hyd. S - no beds selected 120 plants,Lettuce,,,Farmers Market,קטיף יום ה,Full-Size,Yes
29/07/2021,Beans: Bush & Pole Blauhilde 07/04/2021 Ra.2 > C6m > Beds 201-203 18 bed m,Beans: Bush & Pole,0.0,Bunches,Farmers Market,הדוכן יום ב,Fresh,No
29/07/2021,Chard Bright Lights 14/04/2021 Ra.2 > C2 > Beds 225-226 24 bed m,Chard,8.0,Bunches,Farmers Market,הדוכן יום ב,Full-Size,No
29/07/2021,Eggplant Meatball 24/02/2021 Ra.2 > C2 > Beds 219-220 24 bed m,Eggplant,23.0,Kilograms,Farmers Market,הדוכן יום ב,,No
29/07/2021,Eggplant בלאדי - יעל 26/02/2020 Ra.3 > R2 > Beds 325-326 24 bed m,Eggplant,4.0,Kilograms,Farmers Market,הדוכן יום ב,,No
29/07/2021,Mint Common Mint 09/04/2020 side > 200 > Bed 3 6 bed m,Mint,0.0,Bunches,Farmers Market,הדוכן יום ב,Full-Size,No
29/07/2021,Okra Kandahar Pendi 18/03/2021 Ra.4 > Lo18 > Beds 404-405 36 bed m,Okra,4.0,Kilograms,Farmers Market,הדוכן יום ב,,No
29/07/2021,Peppers Sweet Bite 26/05/2021 Ra.2 > C1 > Bed 213 12 plants,Peppers,5.0,Kilograms,Farmers Market,הדוכן יום ב,Early,No
29/07/2021,Peppers Thai Red Chili 29/04/2021 Ra.2 > C2 > Bed 217 8 bed m,Peppers,1.0,Kilograms,Farmers Market,הדוכן יום ב,Ripe,No
29/07/2021,Peppers אלטר - לפיד 25/03/2021 Ra.2 > C2 > Bed 218 12 bed m,Peppers,9.0,Kilograms,Farmers Market,הדוכן יום ב,Ripe,No
29/07/2021,Peppers ברק 25/03/2021 Ra.2 > C2 > Bed 218 6 bed m,Peppers,5.0,Kilograms,Farmers Market,הדוכן יום ב,Ripe,No
29/07/2021,Peppers וולטה - מוארך 21/04/2021 Ra.2 > C1 > Beds 211-212 24 bed m,Peppers,9.0,Kilograms,Farmers Market,הדוכן יום ב,Ripe,No
29/07/2021,Tomatoes Black Cherry 04/03/2021 Ra.1 > L2 > Bed 123 12 bed m,Tomatoes,3.0,Kilograms,Farmers Market,הדוכן יום ב,Ripe,No
29/07/2021,"Tomatoes Lobelo - חישתיל מורכב 08/04/2021 Ra.1 > L2 > Beds 125, 128 24 bed m",Tomatoes,9.0,Kilograms,Farmers Market,הדוכן יום ב,Ripe,No
29/07/2021,Tomatoes Marmande - מורשת יעל 18/02/2021 Ra.1 > L1 > Bed 120 12 bed m,Tomatoes,5.0,Kilograms,Farmers Market,הדוכן יום ב,Ripe,No
29/07/2021,Tomatoes ליקופן - מורשת 04/03/2021 Ra.1 > L2 > Bed 126 12 bed m,Tomatoes,2.0,Kilograms,Farmers Market,הדוכן יום ב,Ripe,No
01/08/2021,Dill hyd. Dukat 05/05/2021 Hyd. S - no beds selected 400 plants,Dill,,,Wholesale,B2B,Leaf,Yes
01/08/2021,Dill hyd. Dukat 05/05/2021 Hyd. S - no beds selected 400 plants,Dill,,,Farmers Market,הדוכן יום ב,Leaf,Yes
01/08/2021,Dill hyd. Dukat 05/05/2021 Hyd. S - no beds selected 400 plants,Dill,,,,Unknown outlet,Leaf,Yes
01/08/2021,Dill hyd. Dukat 05/05/2021 Hyd. S - no beds selected 400 plants,Dill,,,Farmers Market,קטיף יום ה,Leaf,Yes
01/08/2021,Dill hyd. Emilya 03/06/2021 Hyd. S - no beds selected 4 bed m,Dill,,,Wholesale,B2B,Leaf,Yes
01/08/2021,Dill hyd. Emilya 03/06/2021 Hyd. S - no beds selected 4 bed m,Dill,,,Farmers Market,הדוכן יום ב,Leaf,Yes
01/08/2021,Dill hyd. Emilya 03/06/2021 Hyd. S - no beds selected 4 bed m,Dill,,,,Unknown outlet,Leaf,Yes
01/08/2021,Dill hyd. Emilya 03/06/2021 Hyd. S - no beds selected 4 bed m,Dill,,,Farmers Market,קטיף יום ה,Leaf,Yes
01/08/2021,Winter Squash Atlas 28/02/2021 Ra.1 > L2 > Bed 132 + 1 more Block 24 bed m,Winter Squash,0.0,Kilograms,Wholesale,B2B,,Yes
01/08/2021,Winter Squash Atlas 28/02/2021 Ra.1 > L2 > Bed 132 + 1 more Block 24 bed m,Winter Squash,0.0,Kilograms,Farmers Market,הדוכן יום ב,,Yes
01/08/2021,Winter Squash Atlas 28/02/2021 Ra.1 > L2 > Bed 132 + 1 more Block 24 bed m,Winter Squash,0.0,Kilograms,,Unknown outlet,,Yes
01/08/2021,Winter Squash Atlas 28/02/2021 Ra.1 > L2 > Bed 132 + 1 more Block 24 bed m,Winter Squash,0.0,Kilograms,Farmers Market,קטיף יום ה,,Yes
02/08/2021,Beans: Bush & Pole Blauhilde 07/04/2021 Ra.2 > C6m > Beds 201-203 18 bed m,Beans: Bush & Pole,1.0,Kilograms,Farmers Market,הדוכן יום ב,Fresh,No
02/08/2021,Beans: Bush & Pole California Black Eyed 01/04/2021 Ra.3 > R1 > Beds 307-308 24 bed m,Beans: Bush & Pole,3.0,Kilograms,Farmers Market,הדוכן יום ב,Fresh,No
02/08/2021,Chard Bright Lights 14/04/2021 Ra.2 > C2 > Beds 225-226 24 bed m,Chard,0.0,Bunches,Wholesale,B2B,Full-Size,Yes
02/08/2021,Chard Bright Lights 14/04/2021 Ra.2 > C2 > Beds 225-226 24 bed m,Chard,0.0,Bunches,Farmers Market,הדוכן יום ב,Full-Size,Yes
02/08/2021,Chard Bright Lights 14/04/2021 Ra.2 > C2 > Beds 225-226 24 bed m,Chard,0.0,Bunches,,Unknown outlet,Full-Size,Yes
02/08/2021,Chard Bright Lights 14/04/2021 Ra.2 > C2 > Beds 225-226 24 bed m,Chard,0.0,Bunches,Farmers Market,קטיף יום ה,Full-Size,Yes
02/08/2021,Chard hyd. מונופולי - ראש 05/05/2021 Hyd. N > NW > Bed 10 3 bed m,Chard,0.0,Heads,Wholesale,B2B,Full-Size,Yes
02/08/2021,Chard hyd. מונופולי - ראש 05/05/2021 Hyd. N > NW > Bed 10 3 bed m,Chard,0.0,Heads,Farmers Market,הדוכן יום ב,Full-Size,Yes
02/08/2021,Chard hyd. מונופולי - ראש 05/05/2021 Hyd. N > NW > Bed 10 3 bed m,Chard,0.0,Heads,,Unknown outlet,Full-Size,Yes
02/08/2021,Chard hyd. מונופולי - ראש 05/05/2021 Hyd. N > NW > Bed 10 3 bed m,Chard,0.0,Heads,Farmers Market,קטיף יום ה,Full-Size,Yes
02/08/2021,Eggplant Meatball 24/02/2021 Ra.2 > C2 > Beds 219-220 24 bed m,Eggplant,6.5,Kilograms,Farmers Market,הדוכן יום ב,,No
02/08/2021,Okra Kandahar Pendi 18/03/2021 Ra.4 > Lo18 > Beds 404-405 36 bed m,Okra,5.0,Kilograms,Farmers Market,הדוכן יום ב,,No
02/08/2021,Peppers Sweet Bite 26/05/2021 Ra.2 > C1 > Bed 213 12 plants,Peppers,8.0,Kilograms,Farmers Market,הדוכן יום ב,Early,No
02/08/2021,Peppers Thai Red Chili 29/04/2021 Ra.2 > C2 > Bed 217 8 bed m,Peppers,1.0,Kilograms,Farmers Market,הדוכן יום ב,Ripe,No
02/08/2021,Peppers אלטר - לפיד 25/03/2021 Ra.2 > C2 > Bed 218 12 bed m,Peppers,3.0,Kilograms,Farmers Market,הדוכן יום ב,Ripe,No
02/08/2021,Peppers ברק 25/03/2021 Ra.2 > C2 > Bed 218 6 bed m,Peppers,1.5,Kilograms,Farmers Market,הדוכן יום ב,Ripe,No
02/08/2021,Peppers וולטה - מוארך 21/04/2021 Ra.2 > C1 > Beds 211-212 24 bed m,Peppers,7.0,Kilograms,Farmers Market,הדוכן יום ב,Ripe,No
02/08/2021,Tomatoes Black Cherry 04/03/2021 Ra.1 > L2 > Bed 123 12 bed m,Tomatoes,1.0,Kilograms,Farmers Market,הדוכן יום ב,Ripe,No
02/08/2021,"Tomatoes Lobelo - חישתיל מורכב 08/04/2021 Ra.1 > L2 > Beds 125, 128 24 bed m",Tomatoes,2.5,Kilograms,Farmers Market,הדוכן יום ב,Ripe,No
02/08/2021,Tomatoes Marmande - מורשת יעל 04/03/2021 Ra.1 > L2 > Bed 127 12 bed m,Tomatoes,1.0,Kilograms,Farmers Market,הדוכן יום ב,Ripe,No
02/08/2021,Tomatoes Marmande - מורשת יעל 18/01/2021 Ra.1 > L2 > Bed 130 12 bed m,Tomatoes,1.0,Kilograms,Farmers Market,הדוכן יום ב,Ripe,No
02/08/2021,Tomatoes Marmande - מורשת יעל 18/02/2021 Ra.1 > L1 > Bed 120 12 bed m,Tomatoes,1.0,Kilograms,Farmers Market,הדוכן יום ב,Ripe,No
02/08/2021,Tomatoes ליקופן - מורשת 04/03/2021 Ra.1 > L2 > Bed 126 12 bed m,Tomatoes,1.0,Kilograms,Farmers Market,הדוכן יום ב,Ripe,No
02/08/2021,"Tomatoes ליקופן - מורשת 28/01/2021 Ra.1 > L1 > Beds 113, 116 24 bed m",Tomatoes,1.0,Kilograms,Farmers Market,הדוכן יום ב,Ripe,No
02/08/2021,Winter Squash Atlas 28/02/2021 Ra.1 > L2 > Bed 132 + 1 more Block 24 bed m,Winter Squash,0.0,Kilograms,Farmers Market,הדוכן יום ב,,Yes
02/08/2021,Winter Squash Autumn Frost 18/01/2021 Zvika > zA > Bed 513 10 plants,Winter Squash,0.0,Kilograms,Farmers Market,הדוכן יום ב,,Yes
02/08/2021,Winter Squash Gialla Quintale 18/01/2021 Zvika > zA > Bed 513 12 plants,Winter Squash,0.0,Kilograms,Farmers Market,הדוכן יום ב,,Yes
02/08/2021,Winter Squash Lunga Di Napoli 18/01/2021 Zvika > zA > Bed 503 12 bed m,Winter Squash,0.0,Kilograms,Farmers Market,הדוכן יום ב,,Yes
02/08/2021,Winter Squash Lunga Di Napoli 28/02/2021 Ra.1 > L3 > Beds 134-135 24 bed m,Winter Squash,0.0,Kilograms,Farmers Market,הדוכן יום ב,,Yes
02/08/2021,Winter Squash טריפולי 28/02/2021 Zvika > zB > Beds 524-525 18 bed m,Winter Squash,0.0,Kilograms,Farmers Market,הדוכן יום ב,,Yes
02/08/2021,Winter Squash פרובנס 28/02/2021 Ra.4 > Lo12 > Beds 407-408 22 bed m,Winter Squash,0.0,Kilograms,Farmers Market,הדוכן יום ב,,No
03/08/2021,New Zealand Spinach Tetragonia Specialty 02/12/2020 HH > C > Bed 14 12 bed m,New Zealand Spinach,,,Wholesale,B2B,,Yes
03/08/2021,New Zealand Spinach Tetragonia Specialty 02/12/2020 HH > C > Bed 14 12 bed m,New Zealand Spinach,,,Farmers Market,הדוכן יום ב,,Yes
03/08/2021,New Zealand Spinach Tetragonia Specialty 02/12/2020 HH > C > Bed 14 12 bed m,New Zealand Spinach,,,,Unknown outlet,,Yes
03/08/2021,New Zealand Spinach Tetragonia Specialty 02/12/2020 HH > C > Bed 14 12 bed m,New Zealand Spinach,,,Farmers Market,קטיף יום ה,,Yes
03/08/2021,Tomatoes Bull's Heart - מורשת יעל 18/01/2021 Ra.1 > L1 > Bed 117 12 bed m,Tomatoes,,,Wholesale,B2B,Green,Yes
03/08/2021,Tomatoes Bull's Heart - מורשת יעל 18/01/2021 Ra.1 > L1 > Bed 117 12 bed m,Tomatoes,,,Farmers Market,הדוכן יום ב,Green,Yes
03/08/2021,Tomatoes Bull's Heart - מורשת יעל 18/01/2021 Ra.1 > L1 > Bed 117 12 bed m,Tomatoes,,,,Unknown outlet,Green,Yes
03/08/2021,Tomatoes Bull's Heart - מורשת יעל 18/01/2021 Ra.1 > L1 > Bed 117 12 bed m,Tomatoes,,,Farmers Market,קטיף יום ה,Green,Yes
03/08/2021,Tomatoes Cuore Di Bue 18/01/2021 Ra.1 > L2 > Bed 131 12 bed m,Tomatoes,,,Wholesale,B2B,Ripe,Yes
03/08/2021,Tomatoes Cuore Di Bue 18/01/2021 Ra.1 > L2 > Bed 131 12 bed m,Tomatoes,,,Farmers Market,הדוכן יום ב,Ripe,Yes
03/08/2021,Tomatoes Cuore Di Bue 18/01/2021 Ra.1 > L2 > Bed 131 12 bed m,Tomatoes,,,,Unknown outlet,Ripe,Yes
03/08/2021,Tomatoes Cuore Di Bue 18/01/2021 Ra.1 > L2 > Bed 131 12 bed m,Tomatoes,,,Farmers Market,קטיף יום ה,Ripe,Yes
03/08/2021,Tomatoes Marmande - מורשת יעל 18/01/2021 Ra.1 > L2 > Bed 130 12 bed m,Tomatoes,,,Wholesale,B2B,Ripe,Yes
03/08/2021,Tomatoes Marmande - מורשת יעל 18/01/2021 Ra.1 > L2 > Bed 130 12 bed m,Tomatoes,,,Farmers Market,הדוכן יום ב,Ripe,Yes
03/08/2021,Tomatoes Marmande - מורשת יעל 18/01/2021 Ra.1 > L2 > Bed 130 12 bed m,Tomatoes,,,,Unknown outlet,Ripe,Yes
03/08/2021,Tomatoes Marmande - מורשת יעל 18/01/2021 Ra.1 > L2 > Bed 130 12 bed m,Tomatoes,,,Farmers Market,קטיף יום ה,Ripe,Yes
03/08/2021,"Tomatoes ליקופן - מורשת 28/01/2021 Ra.1 > L1 > Beds 113, 116 24 bed m",Tomatoes,,,Wholesale,B2B,Ripe,Yes
03/08/2021,"Tomatoes ליקופן - מורשת 28/01/2021 Ra.1 > L1 > Beds 113, 116 24 bed m",Tomatoes,,,Farmers Market,הדוכן יום ב,Ripe,Yes
03/08/2021,"Tomatoes ליקופן - מורשת 28/01/2021 Ra.1 > L1 > Beds 113, 116 24 bed m",Tomatoes,,,,Unknown outlet,Ripe,Yes
03/08/2021,"Tomatoes ליקופן - מורשת 28/01/2021 Ra.1 > L1 > Beds 113, 116 24 bed m",Tomatoes,,,Farmers Market,קטיף יום ה,Ripe,Yes
04/08/2021,Lettuce: Salad Mix Mesclun Mix 27/05/2021 Ra.3 > R2 > Beds 317-318 24 bed m,Lettuce: Salad Mix,,,Wholesale,B2B,Full-Size,Yes
04/08/2021,Lettuce: Salad Mix Mesclun Mix 27/05/2021 Ra.3 > R2 > Beds 317-318 24 bed m,Lettuce: Salad Mix,,,Farmers Market,הדוכן יום ב,Full-Size,Yes
04/08/2021,Lettuce: Salad Mix Mesclun Mix 27/05/2021 Ra.3 > R2 > Beds 317-318 24 bed m,Lettuce: Salad Mix,,,,Unknown outlet,Full-Size,Yes
04/08/2021,Lettuce: Salad Mix Mesclun Mix 27/05/2021 Ra.3 > R2 > Beds 317-318 24 bed m,Lettuce: Salad Mix,,,Farmers Market,קטיף יום ה,Full-Size,Yes
05/08/2021,Winter Squash פרובנס 28/02/2021 Ra.4 > Lo12 > Beds 407-408 22 bed m,Winter Squash,,,Wholesale,B2B,,Yes
05/08/2021,Winter Squash פרובנס 28/02/2021 Ra.4 > Lo12 > Beds 407-408 22 bed m,Winter Squash,,,Farmers Market,הדוכן יום ב,,Yes
05/08/2021,Winter Squash פרובנס 28/02/2021 Ra.4 > Lo12 > Beds 407-408 22 bed m,Winter Squash,,,,Unknown outlet,,Yes
05/08/2021,Winter Squash פרובנס 28/02/2021 Ra.4 > Lo12 > Beds 407-408 22 bed m,Winter Squash,,,Farmers Market,קטיף יום ה,,Yes
09/08/2021,Basil hyd. Prospera 13/07/2021 Hyd. S - no beds selected 6 bed m,Basil,10.0,Bunches,Farmers Market,הדוכן יום ב,Full-Size,No
09/08/2021,Beans: Bush & Pole Blauhilde 07/04/2021 Ra.2 > C6m > Beds 201-203 18 bed m,Beans: Bush & Pole,0.5,Kilograms,Farmers Market,הדוכן יום ב,Fresh,No
09/08/2021,Lettuce hyd. רומית 16/06/2021 Hyd. S - no beds selected 200 plants,Lettuce,10.0,Heads,Farmers Market,הדוכן יום ב,Full-Size,No
09/08/2021,Okra Kandahar Pendi 18/03/2021 Ra.4 > Lo18 > Beds 404-405 36 bed m,Okra,3.0,Kilograms,Farmers Market,הדוכן יום ב,,No
09/08/2021,Peppers Sweet Bite 26/05/2021 Ra.2 > C1 > Bed 213 12 plants,Peppers,8.0,Kilograms,Farmers Market,הדוכן יום ב,Early,No
09/08/2021,Peppers וולטה - מוארך 21/04/2021 Ra.2 > C1 > Beds 211-212 24 bed m,Peppers,35.0,Kilograms,Farmers Market,הדוכן יום ב,Ripe,No
10/08/2021,Beans: Bush & Pole Blauhilde 07/04/2021 Ra.2 > C6m > Beds 201-203 18 bed m,Beans: Bush & Pole,0.5,Kilograms,Farmers Market,הדוכן יום ב,Fresh,No
10/08/2021,Beans: Bush & Pole California Black Eyed 01/04/2021 Ra.3 > R1 > Beds 307-308 24 bed m,Beans: Bush & Pole,4.5,Kilograms,Farmers Market,הדוכן יום ב,Fresh,No
10/08/2021,Eggplant Fairy Tale 10/03/2021 Ra.1 > L2 > Bed 121 12 bed m,Eggplant,1.0,Kilograms,Farmers Market,הדוכן יום ב,,No
10/08/2021,Eggplant Meatball 24/02/2021 Ra.2 > C2 > Beds 219-220 24 bed m,Eggplant,9.5,Kilograms,Farmers Market,הדוכן יום ב,,No
10/08/2021,Eggplant Ping Tung Long 14/04/2021 Ra.1 > L2 > Bed 124 12 bed m,Eggplant,2.5,Kilograms,Farmers Market,הדוכן יום ב,,No
10/08/2021,Eggplant בלאדי - יעל 26/02/2020 Ra.3 > R2 > Beds 325-326 24 bed m,Eggplant,1.5,Kilograms,Farmers Market,הדוכן יום ב,,No
10/08/2021,Okra Kandahar Pendi 18/03/2021 Ra.4 > Lo18 > Beds 404-405 36 bed m,Okra,5.0,Kilograms,Farmers Market,הדוכן יום ב,,No
10/08/2021,Peppers Sweet Bite 26/05/2021 Ra.2 > C1 > Bed 213 12 plants,Peppers,8.0,Kilograms,Farmers Market,הדוכן יום ב,Early,No
10/08/2021,Peppers Thai Red Chili 29/04/2021 Ra.2 > C2 > Bed 217 8 bed m,Peppers,2.0,Kilograms,Farmers Market,הדוכן יום ב,Ripe,No
10/08/2021,Peppers אלטר - לפיד 25/03/2021 Ra.2 > C2 > Bed 218 12 bed m,Peppers,1.5,Kilograms,Farmers Market,הדוכן יום ב,Ripe,No
10/08/2021,Peppers ברק 25/03/2021 Ra.2 > C2 > Bed 218 6 bed m,Peppers,1.5,Kilograms,Farmers Market,הדוכן יום ב,Ripe,No
10/08/2021,"Tomatoes Lobelo - חישתיל מורכב 08/04/2021 Ra.1 > L2 > Beds 125, 128 24 bed m",Tomatoes,1.8,Kilograms,Farmers Market,הדוכן יום ב,Ripe,No
10/08/2021,Tomatoes Marmande - מורשת יעל 04/03/2021 Ra.1 > L2 > Bed 127 12 bed m,Tomatoes,1.3,Kilograms,Farmers Market,הדוכן יום ב,Ripe,No
10/08/2021,Tomatoes ליקופן - מורשת 04/03/2021 Ra.1 > L2 > Bed 126 12 bed m,Tomatoes,1.0,Kilograms,Farmers Market,הדוכן יום ב,Ripe,No
10/08/2021,Tomatoes ניצן 24/03/2021 Ra.1 > L1 > Beds 118-119 24 bed m,Tomatoes,1.1,Kilograms,Farmers Market,הדוכן יום ב,Ripe,No
12/08/2021,Amaranth (Vegetable) הודי אדום 12/04/2021 Ra.3 > R2 > Bed 319 12 bed m,Amaranth (Vegetable),7.0,Bunches,Farmers Market,קטיף יום ה,Baby Leaf,No
12/08/2021,Anise Hyssop אזוב מצוי 17/07/2018 HH > A > Bed 4 4 bed m,Anise Hyssop,3.0,Bunches,Farmers Market,קטיף יום ה,Full-Size,No
12/08/2021,Beans: Bush & Pole California Black Eyed 01/04/2021 Ra.3 > R1 > Beds 307-308 24 bed m,Beans: Bush & Pole,1.5,Kilograms,Farmers Market,קטיף יום ה,Fresh,No
12/08/2021,Beans: Bush & Pole Speedy 27/05/2021 Zvika > zB > Bed 520 12 bed m,Beans: Bush & Pole,0.5,Kilograms,Farmers Market,קטיף יום ה,Fresh,No
12/08/2021,Eggplant Asian Delight 10/03/2021 Ra.1 > L2 > Bed 122 12 bed m,Eggplant,1.0,Kilograms,Farmers Market,קטיף יום ה,,No
12/08/2021,Eggplant Fairy Tale 10/03/2021 Ra.1 > L2 > Bed 121 12 bed m,Eggplant,1.0,Kilograms,Farmers Market,קטיף יום ה,,No
12/08/2021,Eggplant Meatball 24/02/2021 Ra.2 > C2 > Beds 219-220 24 bed m,Eggplant,3.0,Kilograms,Farmers Market,קטיף יום ה,,No
12/08/2021,Eggplant בלאדי - יעל 26/02/2020 Ra.3 > R2 > Beds 325-326 24 bed m,Eggplant,1.5,Kilograms,Farmers Market,קטיף יום ה,,No
12/08/2021,Kale גומן 05/05/2021 Ra.3 > R2 > Bed 328 6 bed m,Kale,3.0,Bunches,Farmers Market,קטיף יום ה,Full-Size,No
12/08/2021,Okra Kandahar Pendi 18/03/2021 Ra.4 > Lo18 > Beds 404-405 36 bed m,Okra,2.0,Kilograms,Farmers Market,קטיף יום ה,,No
12/08/2021,Peppers Sweet Bite 26/05/2021 Ra.2 > C1 > Bed 213 12 plants,Peppers,4.0,Kilograms,Farmers Market,קטיף יום ה,Early,No
12/08/2021,Peppers Thai Red Chili 29/04/2021 Ra.2 > C2 > Bed 217 8 bed m,Peppers,1.5,Kilograms,Farmers Market,קטיף יום ה,Ripe,No
12/08/2021,Peppers אלטר - לפיד 25/03/2021 Ra.2 > C2 > Bed 218 12 bed m,Peppers,1.0,Kilograms,Farmers Market,קטיף יום ה,Ripe,No
12/08/2021,Peppers ברק 25/03/2021 Ra.2 > C2 > Bed 218 6 bed m,Peppers,1.0,Kilograms,Farmers Market,קטיף יום ה,Ripe,No
12/08/2021,Peppers וולטה - מוארך 21/04/2021 Ra.2 > C1 > Beds 211-212 24 bed m,Peppers,20.0,Kilograms,Farmers Market,קטיף יום ה,Ripe,No
12/08/2021,Thyme Generic Variety 25/05/2020 side > 200 > Bed 3 3 bed m,Thyme,4.0,Bunches,Farmers Market,קטיף יום ה,Full-Size,No
15/08/2021,Tomatoes Black Cherry 04/03/2021 Ra.1 > L2 > Bed 123 12 bed m,Tomatoes,,,Wholesale,B2B,Ripe,Yes
15/08/2021,Tomatoes Black Cherry 04/03/2021 Ra.1 > L2 > Bed 123 12 bed m,Tomatoes,,,Farmers Market,הדוכן יום ב,Ripe,Yes
15/08/2021,Tomatoes Black Cherry 04/03/2021 Ra.1 > L2 > Bed 123 12 bed m,Tomatoes,,,,Unknown outlet,Ripe,Yes
15/08/2021,Tomatoes Black Cherry 04/03/2021 Ra.1 > L2 > Bed 123 12 bed m,Tomatoes,,,Farmers Market,קטיף יום ה,Ripe,Yes
16/08/2021,Beans: Bush & Pole Blauhilde 07/04/2021 Ra.2 > C6m > Beds 201-203 18 bed m,Beans: Bush & Pole,0.0,Kilograms,Farmers Market,קטיף יום ה,Fresh,Yes
16/08/2021,Eggplant Fairy Tale 10/03/2021 Ra.1 > L2 > Bed 121 12 bed m,Eggplant,2.5,Kilograms,Farmers Market,קטיף יום ה,,No
16/08/2021,Eggplant Meatball 24/02/2021 Ra.2 > C2 > Beds 219-220 24 bed m,Eggplant,8.0,Kilograms,Farmers Market,קטיף יום ה,,No
16/08/2021,Eggplant בלאדי - יעל 26/02/2020 Ra.3 > R2 > Beds 325-326 24 bed m,Eggplant,5.0,Kilograms,Farmers Market,קטיף יום ה,,No
16/08/2021,Okra Kandahar Pendi 18/03/2021 Ra.4 > Lo18 > Beds 404-405 36 bed m,Okra,5.0,Kilograms,Farmers Market,קטיף יום ה,,No
16/08/2021,Peppers Sweet Bite 26/05/2021 Ra.2 > C1 > Bed 213 12 plants,Peppers,2.0,Kilograms,Farmers Market,קטיף יום ה,Early,No
16/08/2021,Peppers Thai Red Chili 29/04/2021 Ra.2 > C2 > Bed 217 8 bed m,Peppers,3.6,Kilograms,Farmers Market,קטיף יום ה,Ripe,No
16/08/2021,Peppers אלטר - לפיד 25/03/2021 Ra.2 > C2 > Bed 218 12 bed m,Peppers,1.0,Kilograms,Farmers Market,קטיף יום ה,Ripe,No
16/08/2021,Peppers ברק 25/03/2021 Ra.2 > C2 > Bed 218 6 bed m,Peppers,2.0,Kilograms,Farmers Market,קטיף יום ה,Ripe,No
16/08/2021,Peppers וולטה - מוארך 21/04/2021 Ra.2 > C1 > Beds 211-212 24 bed m,Peppers,21.0,Kilograms,Farmers Market,קטיף יום ה,Ripe,No
18/08/2021,Lettuce: Salad Mix Mesclun Mix 09/06/2021 Ra.3 > R2 > Bed 322 12 bed m,Lettuce: Salad Mix,,,Wholesale,B2B,Full-Size,Yes
18/08/2021,Lettuce: Salad Mix Mesclun Mix 09/06/2021 Ra.3 > R2 > Bed 322 12 bed m,Lettuce: Salad Mix,,,Farmers Market,הדוכן יום ב,Full-Size,Yes
18/08/2021,Lettuce: Salad Mix Mesclun Mix 09/06/2021 Ra.3 > R2 > Bed 322 12 bed m,Lettuce: Salad Mix,,,,Unknown outlet,Full-Size,Yes
18/08/2021,Lettuce: Salad Mix Mesclun Mix 09/06/2021 Ra.3 > R2 > Bed 322 12 bed m,Lettuce: Salad Mix,,,Farmers Market,קטיף יום ה,Full-Size,Yes
19/08/2021,Lettuce hyd. רומית 16/06/2021 Hyd. S - no beds selected 200 plants,Lettuce,,,Wholesale,B2B,Full-Size,Yes
19/08/2021,Lettuce hyd. רומית 16/06/2021 Hyd. S - no beds selected 200 plants,Lettuce,,,Farmers Market,הדוכן יום ב,Full-Size,Yes
19/08/2021,Lettuce hyd. רומית 16/06/2021 Hyd. S - no beds selected 200 plants,Lettuce,,,,Unknown outlet,Full-Size,Yes
19/08/2021,Lettuce hyd. רומית 16/06/2021 Hyd. S - no beds selected 200 plants,Lettuce,,,Farmers Market,קטיף יום ה,Full-Size,Yes
20/08/2021,Tomatoes Marmande - מורשת יעל 18/02/2021 Ra.1 > L1 > Bed 120 12 bed m,Tomatoes,,,Wholesale,B2B,Ripe,Yes
20/08/2021,Tomatoes Marmande - מורשת יעל 18/02/2021 Ra.1 > L1 > Bed 120 12 bed m,Tomatoes,,,Farmers Market,הדוכן יום ב,Ripe,Yes
20/08/2021,Tomatoes Marmande - מורשת יעל 18/02/2021 Ra.1 > L1 > Bed 120 12 bed m,Tomatoes,,,,Unknown outlet,Ripe,Yes
20/08/2021,Tomatoes Marmande - מורשת יעל 18/02/2021 Ra.1 > L1 > Bed 120 12 bed m,Tomatoes,,,Farmers Market,קטיף יום ה,Ripe,Yes
23/08/2021,Eggplant Asian Delight 10/03/2021 Ra.1 > L2 > Bed 122 12 bed m,Eggplant,3.3,Kilograms,Farmers Market,הדוכן יום ב,,No
23/08/2021,Eggplant Meatball 24/02/2021 Ra.2 > C2 > Beds 219-220 24 bed m,Eggplant,12.7,Kilograms,Farmers Market,הדוכן יום ב,,No
23/08/2021,Eggplant Ping Tung Long 14/04/2021 Ra.1 > L2 > Bed 124 12 bed m,Eggplant,1.0,Kilograms,Farmers Market,הדוכן יום ב,,No
23/08/2021,Eggplant בלאדי - יעל 26/02/2020 Ra.3 > R2 > Beds 325-326 24 bed m,Eggplant,3.0,Kilograms,Farmers Market,הדוכן יום ב,,No
23/08/2021,Lettuce hyd. רומית 05/07/2021 Hyd. S - no beds selected 300 plants,Lettuce,,,Wholesale,B2B,Full-Size,Yes
23/08/2021,Lettuce hyd. רומית 05/07/2021 Hyd. S - no beds selected 300 plants,Lettuce,,,Farmers Market,הדוכן יום ב,Full-Size,Yes
23/08/2021,Lettuce hyd. רומית 05/07/2021 Hyd. S - no beds selected 300 plants,Lettuce,,,,Unknown outlet,Full-Size,Yes
23/08/2021,Lettuce hyd. רומית 05/07/2021 Hyd. S - no beds selected 300 plants,Lettuce,,,Farmers Market,קטיף יום ה,Full-Size,Yes
23/08/2021,Okra Kandahar Pendi 18/03/2021 Ra.4 > Lo18 > Beds 404-405 36 bed m,Okra,4.4,Kilograms,Farmers Market,הדוכן יום ב,,No
23/08/2021,Peppers Sweet Bite 26/05/2021 Ra.2 > C1 > Bed 213 12 plants,Peppers,0.5,Kilograms,Farmers Market,הדוכן יום ב,Early,No
23/08/2021,Peppers אלטר - לפיד 25/03/2021 Ra.2 > C2 > Bed 218 12 bed m,Peppers,0.55,Kilograms,Farmers Market,הדוכן יום ב,Ripe,No
23/08/2021,Peppers ברק 25/03/2021 Ra.2 > C2 > Bed 218 6 bed m,Peppers,2.1,Kilograms,Farmers Market,הדוכן יום ב,Ripe,No
23/08/2021,Peppers וולטה - מוארך 21/04/2021 Ra.2 > C1 > Beds 211-212 24 bed m,Peppers,9.1,Kilograms,Farmers Market,הדוכן יום ב,Ripe,No
25/08/2021,New Zealand Spinach Tetragonia Specialty 02/09/2020 HH > C > Bed 13 12 bed m,New Zealand Spinach,,,Wholesale,B2B,,Yes
25/08/2021,New Zealand Spinach Tetragonia Specialty 02/09/2020 HH > C > Bed 13 12 bed m,New Zealand Spinach,,,Farmers Market,הדוכן יום ב,,Yes
25/08/2021,New Zealand Spinach Tetragonia Specialty 02/09/2020 HH > C > Bed 13 12 bed m,New Zealand Spinach,,,,Unknown outlet,,Yes
25/08/2021,New Zealand Spinach Tetragonia Specialty 02/09/2020 HH > C > Bed 13 12 bed m,New Zealand Spinach,,,Farmers Market,קטיף יום ה,,Yes
25/08/2021,Tomatoes ניצן 24/03/2021 Ra.1 > L1 > Beds 118-119 24 bed m,Tomatoes,,,Wholesale,B2B,Ripe,Yes
25/08/2021,Tomatoes ניצן 24/03/2021 Ra.1 > L1 > Beds 118-119 24 bed m,Tomatoes,,,Farmers Market,הדוכן יום ב,Ripe,Yes
25/08/2021,Tomatoes ניצן 24/03/2021 Ra.1 > L1 > Beds 118-119 24 bed m,Tomatoes,,,,Unknown outlet,Ripe,Yes
25/08/2021,Tomatoes ניצן 24/03/2021 Ra.1 > L1 > Beds 118-119 24 bed m,Tomatoes,,,Farmers Market,קטיף יום ה,Ripe,Yes
26/08/2021,Mint Doublemint 01/01/2020 side > 300 > Bed 4 6 bed m,Mint,7.0,Bunches,Farmers Market,קטיף יום ה,Full-Size,No
26/08/2021,Okra Kandahar Pendi 18/03/2021 Ra.4 > Lo18 > Beds 404-405 36 bed m,Okra,3.3,Kilograms,Farmers Market,קטיף יום ה,,No
26/08/2021,Peppers Sweet Bite 26/05/2021 Ra.2 > C1 > Bed 213 12 plants,Peppers,0.0,Kilograms,Farmers Market,קטיף יום ה,Early,No
26/08/2021,Peppers וולטה - מוארך 21/04/2021 Ra.2 > C1 > Beds 211-212 24 bed m,Peppers,4.5,Kilograms,Farmers Market,קטיף יום ה,Ripe,No
26/08/2021,"Tomatoes Lobelo - חישתיל מורכב 08/04/2021 Ra.1 > L2 > Beds 125, 128 24 bed m",Tomatoes,4.0,Kilograms,Farmers Market,קטיף יום ה,Ripe,No
26/08/2021,Tomatoes ליקופן - מורשת 04/03/2021 Ra.1 > L2 > Bed 126 12 bed m,Tomatoes,1.0,Kilograms,Farmers Market,קטיף יום ה,Ripe,No
29/08/2021,Tomatoes Marmande - מורשת יעל 04/03/2021 Ra.1 > L2 > Bed 127 12 bed m,Tomatoes,,,Wholesale,B2B,Ripe,Yes
29/08/2021,Tomatoes Marmande - מורשת יעל 04/03/2021 Ra.1 > L2 > Bed 127 12 bed m,Tomatoes,,,Farmers Market,הדוכן יום ב,Ripe,Yes
29/08/2021,Tomatoes Marmande - מורשת יעל 04/03/2021 Ra.1 > L2 > Bed 127 12 bed m,Tomatoes,,,,Unknown outlet,Ripe,Yes
29/08/2021,Tomatoes Marmande - מורשת יעל 04/03/2021 Ra.1 > L2 > Bed 127 12 bed m,Tomatoes,,,Farmers Market,קטיף יום ה,Ripe,Yes
30/08/2021,Beans: Bush & Pole California Black Eyed 01/04/2021 Ra.3 > R1 > Beds 307-308 24 bed m,Beans: Bush & Pole,0.8,Kilograms,Farmers Market,קטיף יום ה,Fresh,No
30/08/2021,Beans: Bush & Pole California Black Eyed 08/06/2021 Ra.3 > R1 > Beds 310-311 24 bed m,Beans: Bush & Pole,1.2,Kilograms,Farmers Market,קטיף יום ה,Fresh,No
30/08/2021,Eggplant Meatball 24/02/2021 Ra.2 > C2 > Beds 219-220 24 bed m,Eggplant,8.0,Kilograms,Farmers Market,קטיף יום ה,,No
30/08/2021,Lettuce hyd. אייסברג 29/06/2021 Hyd. S - no beds selected 200 plants,Lettuce,,,Wholesale,B2B,Full-Size,Yes
30/08/2021,Lettuce hyd. אייסברג 29/06/2021 Hyd. S - no beds selected 200 plants,Lettuce,,,Farmers Market,הדוכן יום ב,Full-Size,Yes
30/08/2021,Lettuce hyd. אייסברג 29/06/2021 Hyd. S - no beds selected 200 plants,Lettuce,,,,Unknown outlet,Full-Size,Yes
30/08/2021,Lettuce hyd. אייסברג 29/06/2021 Hyd. S - no beds selected 200 plants,Lettuce,,,Farmers Market,קטיף יום ה,Full-Size,Yes
30/08/2021,Mint Common Mint 01/01/2021 Ra.3 > R6m > Bed 301 6 bed m,Mint,5.0,Bunches,Farmers Market,קטיף יום ה,Full-Size,No
30/08/2021,Okra Kandahar Pendi 18/03/2021 Ra.4 > Lo18 > Beds 404-405 36 bed m,Okra,1.5,Kilograms,Farmers Market,קטיף יום ה,,No
30/08/2021,Peppers אלטר - לפיד 25/03/2021 Ra.2 > C2 > Bed 218 12 bed m,Peppers,1.5,Kilograms,Farmers Market,קטיף יום ה,Ripe,No
30/08/2021,Peppers ברק 25/03/2021 Ra.2 > C2 > Bed 218 6 bed m,Peppers,5.2,Kilograms,Farmers Market,קטיף יום ה,Ripe,No
30/08/2021,Peppers וולטה - מוארך 21/04/2021 Ra.2 > C1 > Beds 211-212 24 bed m,Peppers,8.0,Kilograms,Farmers Market,קטיף יום ה,Ripe,No
30/08/2021,"Tomatoes Lobelo - חישתיל מורכב 08/04/2021 Ra.1 > L2 > Beds 125, 128 24 bed m",Tomatoes,4.3,Kilograms,Farmers Market,קטיף יום ה,Ripe,No
31/08/2021,Lettuce hyd. רומית 13/07/2021 Hyd. S - no beds selected 200 plants,Lettuce,,,Wholesale,B2B,Full-Size,Yes
31/08/2021,Lettuce hyd. רומית 13/07/2021 Hyd. S - no beds selected 200 plants,Lettuce,,,Farmers Market,הדוכן יום ב,Full-Size,Yes
31/08/2021,Lettuce hyd. רומית 13/07/2021 Hyd. S - no beds selected 200 plants,Lettuce,,,,Unknown outlet,Full-Size,Yes
31/08/2021,Lettuce hyd. רומית 13/07/2021 Hyd. S - no beds selected 200 plants,Lettuce,,,Farmers Market,קטיף יום ה,Full-Size,Yes
31/08/2021,Parsley hyd. Borjo 25/05/2021 Hyd. S - no beds selected 400 plants,Parsley,,,Wholesale,B2B,Full-Size,Yes
31/08/2021,Parsley hyd. Borjo 25/05/2021 Hyd. S - no beds selected 400 plants,Parsley,,,Farmers Market,הדוכן יום ב,Full-Size,Yes
31/08/2021,Parsley hyd. Borjo 25/05/2021 Hyd. S - no beds selected 400 plants,Parsley,,,,Unknown outlet,Full-Size,Yes
31/08/2021,Parsley hyd. Borjo 25/05/2021 Hyd. S - no beds selected 400 plants,Parsley,,,Farmers Market,קטיף יום ה,Full-Size,Yes
05/09/2021,Amaranth (Vegetable) הודי אדום 12/04/2021 Ra.3 > R2 > Bed 319 12 bed m,Amaranth (Vegetable),8.0,Bunches,Farmers Market,הדוכן יום ב,Baby Leaf,No
05/09/2021,Arugula Arugula 01/09/2021 Ra.3 > R2 > Bed 317 12 bed m,Arugula,3.7,Kilograms,Farmers Market,הדוכן יום ב,Baby Leaf,No
05/09/2021,Chives hyd. common 18/02/2021 Hyd. N > NE > Bed 5 180 plants,Chives,16.0,Bunches,Farmers Market,הדוכן יום ב,Full-Size,No
05/09/2021,Eggplant Asian Delight 10/03/2021 Ra.1 > L2 > Bed 122 12 bed m,Eggplant,1.5,Kilograms,Farmers Market,הדוכן יום ב,,No
05/09/2021,Eggplant Fairy Tale 10/03/2021 Ra.1 > L2 > Bed 121 12 bed m,Eggplant,0.0,Kilograms,Farmers Market,הדוכן יום ב,,No
05/09/2021,Eggplant Meatball 24/02/2021 Ra.2 > C2 > Beds 219-220 24 bed m,Eggplant,4.0,Kilograms,Farmers Market,הדוכן יום ב,,No
05/09/2021,Eggplant Ping Tung Long 14/04/2021 Ra.1 > L2 > Bed 124 12 bed m,Eggplant,1.7,Kilograms,Farmers Market,הדוכן יום ב,,No
05/09/2021,Eggplant בלאדי - יעל 26/02/2020 Ra.3 > R2 > Beds 325-326 24 bed m,Eggplant,17.2,Kilograms,Farmers Market,הדוכן יום ב,,No
05/09/2021,Kale Lacinato (Dinosaur) 12/01/2021 Zvika > zA > Beds 501-502 24 bed m,Kale,8.0,Bunches,Farmers Market,הדוכן יום ב,Full-Size,No
05/09/2021,Lettuce: Salad Mix Mesclun Mix 04/08/2021 Ra.3 > R2 > Bed 318 12 bed m,Lettuce: Salad Mix,3.3,Kilograms,Farmers Market,הדוכן יום ב,Full-Size,No
05/09/2021,Mint Common Mint 01/01/2021 Ra.3 > R6m > Bed 301 6 bed m,Mint,8.0,Bunches,Farmers Market,הדוכן יום ב,Full-Size,No
05/09/2021,Okra Kandahar Pendi 18/03/2021 Ra.4 > Lo18 > Beds 404-405 36 bed m,Okra,3.2,Kilograms,Farmers Market,הדוכן יום ב,,No
05/09/2021,Onions: Scallions hyd. Aldorado 14/04/2021 Hyd. N - no beds selected 300 plants,Onions: Scallions,17.0,Bunches,Farmers Market,הדוכן יום ב,Full-Size,No
05/09/2021,Parsley hyd. Borjo 03/06/2021 Hyd. S > SW > Bed 24 6 bed m,Parsley,25.0,Bunches,Farmers Market,הדוכן יום ב,Full-Size,No
05/09/2021,Peppers Thai Red Chili 29/04/2021 Ra.2 > C2 > Bed 217 8 bed m,Peppers,0.8,Kilograms,Farmers Market,הדוכן יום ב,Ripe,No
05/09/2021,Peppers אלטר - לפיד 25/03/2021 Ra.2 > C2 > Bed 218 12 bed m,Peppers,1.0,Kilograms,Farmers Market,הדוכן יום ב,Ripe,No
05/09/2021,Peppers ברק 25/03/2021 Ra.2 > C2 > Bed 218 6 bed m,Peppers,3.0,Kilograms,Farmers Market,הדוכן יום ב,Ripe,No
05/09/2021,Peppers וולטה - מוארך 21/04/2021 Ra.2 > C1 > Beds 211-212 24 bed m,Peppers,13.6,Kilograms,Farmers Market,הדוכן יום ב,Ripe,No
05/09/2021,"Tomatoes Lobelo - חישתיל מורכב 08/04/2021 Ra.1 > L2 > Beds 125, 128 24 bed m",Tomatoes,8.5,Kilograms,Farmers Market,הדוכן יום ב,Ripe,No
06/09/2021,Chives hyd. common 18/02/2021 Hyd. N > NE > Bed 5 180 plants,Chives,8.0,Bunches,Farmers Market,הדוכן יום ב,Full-Size,No
06/09/2021,Kale Lacinato (Dinosaur) 12/01/2021 Zvika > zA > Beds 501-502 24 bed m,Kale,8.0,Bunches,Farmers Market,הדוכן יום ב,Full-Size,No
06/09/2021,Lettuce: Salad Mix Mesclun Mix 04/08/2021 Ra.3 > R2 > Bed 318 12 bed m,Lettuce: Salad Mix,2.0,Kilograms,Farmers Market,הדוכן יום ב,Full-Size,No
06/09/2021,Onions: Scallions hyd. Aldorado 14/04/2021 Hyd. N - no beds selected 300 plants,Onions: Scallions,8.0,Bunches,Farmers Market,הדוכן יום ב,Full-Size,No
07/09/2021,Tomatoes ליקופן - מורשת 04/03/2021 Ra.1 > L2 > Bed 126 12 bed m,Tomatoes,,,Wholesale,B2B,Ripe,Yes
07/09/2021,Tomatoes ליקופן - מורשת 04/03/2021 Ra.1 > L2 > Bed 126 12 bed m,Tomatoes,,,Farmers Market,הדוכן יום ב,Ripe,Yes
07/09/2021,Tomatoes ליקופן - מורשת 04/03/2021 Ra.1 > L2 > Bed 126 12 bed m,Tomatoes,,,,Unknown outlet,Ripe,Yes
07/09/2021,Tomatoes ליקופן - מורשת 04/03/2021 Ra.1 > L2 > Bed 126 12 bed m,Tomatoes,,,Farmers Market,קטיף יום ה,Ripe,Yes
08/09/2021,Lettuce: Salad Mix Mesclun Mix 30/06/2021 Ra.3 > R3 > Beds 331-332 24 bed m,Lettuce: Salad Mix,,,Wholesale,B2B,Full-Size,Yes
08/09/2021,Lettuce: Salad Mix Mesclun Mix 30/06/2021 Ra.3 > R3 > Beds 331-332 24 bed m,Lettuce: Salad Mix,,,Farmers Market,הדוכן יום ב,Full-Size,Yes
08/09/2021,Lettuce: Salad Mix Mesclun Mix 30/06/2021 Ra.3 > R3 > Beds 331-332 24 bed m,Lettuce: Salad Mix,,,,Unknown outlet,Full-Size,Yes
08/09/2021,Lettuce: Salad Mix Mesclun Mix 30/06/2021 Ra.3 > R3 > Beds 331-332 24 bed m,Lettuce: Salad Mix,,,Farmers Market,קטיף יום ה,Full-Size,Yes
09/09/2021,Eggplant Meatball 24/02/2021 Ra.2 > C2 > Beds 219-220 24 bed m,Eggplant,2.0,Kilograms,Farmers Market,קטיף יום ה,,No
09/09/2021,Eggplant בלאדי - יעל 26/02/2020 Ra.3 > R2 > Beds 325-326 24 bed m,Eggplant,2.0,Kilograms,Farmers Market,קטיף יום ה,,No
10/09/2021,Lettuce: Salad Mix Mesclun Mix 21/07/2021 Ra.3 > R3 > Bed 329 12 bed m,Lettuce: Salad Mix,,,Wholesale,B2B,Full-Size,Yes
10/09/2021,Lettuce: Salad Mix Mesclun Mix 21/07/2021 Ra.3 > R3 > Bed 329 12 bed m,Lettuce: Salad Mix,,,Farmers Market,הדוכן יום ב,Full-Size,Yes
10/09/2021,Lettuce: Salad Mix Mesclun Mix 21/07/2021 Ra.3 > R3 > Bed 329 12 bed m,Lettuce: Salad Mix,,,,Unknown outlet,Full-Size,Yes
10/09/2021,Lettuce: Salad Mix Mesclun Mix 21/07/2021 Ra.3 > R3 > Bed 329 12 bed m,Lettuce: Salad Mix,,,Farmers Market,קטיף יום ה,Full-Size,Yes
12/09/2021,Beans: Bush & Pole California Black Eyed 01/04/2021 Ra.3 > R1 > Beds 307-308 24 bed m,Beans: Bush & Pole,1.6,Kilograms,Farmers Market,הדוכן יום ב,Fresh,No
12/09/2021,Beans: Bush & Pole California Black Eyed 08/06/2021 Ra.3 > R1 > Beds 310-311 24 bed m,Beans: Bush & Pole,0.7,Kilograms,Farmers Market,הדוכן יום ב,Fresh,No
12/09/2021,Beans: Bush & Pole Speedy 19/07/2021 Ra.1 > L6m > Beds 101-103 18 bed m,Beans: Bush & Pole,0.6,Kilograms,Farmers Market,הדוכן יום ב,Fresh,No
12/09/2021,Beans: Bush & Pole Speedy 23/06/2021 Zvika > zB > Bed 518 12 bed m,Beans: Bush & Pole,1.0,Kilograms,Farmers Market,הדוכן יום ב,Fresh,Yes
12/09/2021,Celery hyd. Giant Dorato 14/04/2021 Hyd. N - no beds selected 400 plants,Celery,7.0,Bunches,Farmers Market,הדוכן יום ב,Full-Size,No
12/09/2021,Leeks Alto 30/05/2021 Ra.2 > C2 > Beds 223-224 24 bed m,Leeks,4.0,Bunches,Farmers Market,הדוכן יום ב,,No
12/09/2021,Okra Kandahar Pendi 18/03/2021 Ra.4 > Lo18 > Beds 404-405 36 bed m,Okra,1.1,Kilograms,Farmers Market,הדוכן יום ב,,No
12/09/2021,Peppers אלטר - לפיד 25/03/2021 Ra.2 > C2 > Bed 218 12 bed m,Peppers,0.3,Kilograms,Farmers Market,הדוכן יום ב,Ripe,No
12/09/2021,Peppers ברק 25/03/2021 Ra.2 > C2 > Bed 218 6 bed m,Peppers,0.3,Kilograms,Farmers Market,הדוכן יום ב,Ripe,No
12/09/2021,Peppers וולטה - מוארך 21/04/2021 Ra.2 > C1 > Beds 211-212 24 bed m,Peppers,2.0,Kilograms,Farmers Market,הדוכן יום ב,Ripe,No
14/09/2021,Arugula Arugula 01/09/2021 Ra.3 > R2 > Bed 317 12 bed m,Arugula,2.7,Kilograms,Farmers Market,הדוכן יום ב,Baby Leaf,No
14/09/2021,Celery hyd. Giant Dorato 14/04/2021 Hyd. N - no beds selected 400 plants,Celery,10.0,Bunches,Farmers Market,הדוכן יום ב,Full-Size,No
14/09/2021,Chives hyd. common 18/02/2021 Hyd. N > NE > Bed 5 180 plants,Chives,8.0,Bunches,Farmers Market,הדוכן יום ב,Full-Size,No
14/09/2021,Cilantro hyd. Santoriny 30/06/2021 Hyd. S > SE > Bed 23 120 plants,Cilantro,0.0,Bunches,Farmers Market,הדוכן יום ב,Leaf,Yes
14/09/2021,Cucumbers Corinto 13/05/2021 HH > C > Bed 15 12 bed m,Cucumbers,0.0,Kilograms,Farmers Market,הדוכן יום ב,,Yes
14/09/2021,Eggplant Ping Tung Long 14/04/2021 Ra.1 > L2 > Bed 124 12 bed m,Eggplant,2.0,Kilograms,Farmers Market,הדוכן יום ב,,No
14/09/2021,Kale Lacinato (Dinosaur) 12/01/2021 Zvika > zA > Beds 501-502 24 bed m,Kale,12.0,Bunches,Farmers Market,הדוכן יום ב,Full-Size,No
14/09/2021,Kale גומן 05/05/2021 Ra.3 > R2 > Bed 328 6 bed m,Kale,4.0,Bunches,Farmers Market,הדוכן יום ב,Full-Size,No
14/09/2021,Lettuce: Salad Mix Mesclun Mix 04/08/2021 Ra.3 > R2 > Bed 318 12 bed m,Lettuce: Salad Mix,4.0,Kilograms,Farmers Market,הדוכן יום ב,Full-Size,No
14/09/2021,Lettuce: Salad Mix חרדל Red Giant 18/08/2021 Ra.3 > R1 > Bed 316 6 bed m,Lettuce: Salad Mix,8.0,Bunches,Farmers Market,הדוכן יום ב,Full-Size,No
14/09/2021,Onions: Scallions hyd. Aldorado 14/04/2021 Hyd. N - no beds selected 300 plants,Onions: Scallions,18.0,Bunches,Farmers Market,הדוכן יום ב,Full-Size,No
14/09/2021,Parsley hyd. Borjo 03/06/2021 Hyd. S > SW > Bed 24 6 bed m,Parsley,5.0,Bunches,Farmers Market,הדוכן יום ב,Full-Size,No
14/09/2021,Parsley בורג'ו - נטע 19/06/2021 Ra.2 > C2 > Beds 225-228 48 bed m,Parsley,8.0,Bunches,Farmers Market,הדוכן יום ב,Full-Size,No
16/09/2021,Eggplant Meatball 24/02/2021 Ra.2 > C2 > Beds 219-220 24 bed m,Eggplant,4.0,Kilograms,Farmers Market,קטיף יום ה,,No
17/09/2021,Arugula Arugula 01/09/2021 Ra.3 > R2 > Bed 317 12 bed m,Arugula,1.4,Kilograms,Farmers Market,קטיף יום ה,Baby Leaf,No
17/09/2021,"Basil hyd. Prospera 23/08/2021 Hyd. N > NW > Beds 13, 15 140 plants",Basil,5.0,Bunches,Farmers Market,קטיף יום ה,Full-Size,No
17/09/2021,Celery hyd. Giant Dorato 14/04/2021 Hyd. N - no beds selected 400 plants,Celery,5.0,Bunches,Farmers Market,קטיף יום ה,Full-Size,No
17/09/2021,Eggplant Meatball 24/02/2021 Ra.2 > C2 > Beds 219-220 24 bed m,Eggplant,3.4,Kilograms,Farmers Market,קטיף יום ה,,No
17/09/2021,Lettuce: Salad Mix Mesclun Mix 04/08/2021 Ra.3 > R2 > Bed 318 12 bed m,Lettuce: Salad Mix,2.1,Kilograms,Farmers Market,קטיף יום ה,Full-Size,No
17/09/2021,Lettuce: Salad Mix חרדל Red Giant 18/08/2021 Ra.3 > R1 > Bed 316 6 bed m,Lettuce: Salad Mix,3.0,Bunches,Farmers Market,קטיף יום ה,Full-Size,No
17/09/2021,Okra Kandahar Pendi 18/03/2021 Ra.4 > Lo18 > Beds 404-405 36 bed m,Okra,1.1,Kilograms,Farmers Market,קטיף יום ה,,No
17/09/2021,Parsley hyd. Borjo 03/06/2021 Hyd. S > SW > Bed 24 6 bed m,Parsley,5.0,Bunches,Farmers Market,קטיף יום ה,Full-Size,No
17/09/2021,Peppers אלטר - לפיד 25/03/2021 Ra.2 > C2 > Bed 218 12 bed m,Peppers,0.5,Kilograms,Farmers Market,קטיף יום ה,Ripe,No
17/09/2021,Peppers וולטה - מוארך 21/04/2021 Ra.2 > C1 > Beds 211-212 24 bed m,Peppers,1.4,Kilograms,Farmers Market,קטיף יום ה,Ripe,No
17/09/2021,Thyme Generic Variety 25/05/2020 side > 200 > Bed 3 3 bed m,Thyme,6.0,Bunches,Farmers Market,קטיף יום ה,Full-Size,No
18/09/2021,Lettuce: Salad Mix Mesclun Mix 13/07/2021 Ra.3 > R2 > Beds 323-324 24 bed m,Lettuce: Salad Mix,,,Wholesale,B2B,Full-Size,Yes
18/09/2021,Lettuce: Salad Mix Mesclun Mix 13/07/2021 Ra.3 > R2 > Beds 323-324 24 bed m,Lettuce: Salad Mix,,,Farmers Market,הדוכן יום ב,Full-Size,Yes
18/09/2021,Lettuce: Salad Mix Mesclun Mix 13/07/2021 Ra.3 > R2 > Beds 323-324 24 bed m,Lettuce: Salad Mix,,,,Unknown outlet,Full-Size,Yes
18/09/2021,Lettuce: Salad Mix Mesclun Mix 13/07/2021 Ra.3 > R2 > Beds 323-324 24 bed m,Lettuce: Salad Mix,,,Farmers Market,קטיף יום ה,Full-Size,Yes
20/09/2021,Beans: Bush & Pole California Black Eyed 08/06/2021 Ra.3 > R1 > Beds 310-311 24 bed m,Beans: Bush & Pole,1.0,Kilograms,Farmers Market,הדוכן יום ב,Fresh,No
20/09/2021,Beans: Bush & Pole Speedy 19/07/2021 Ra.1 > L6m > Beds 101-103 18 bed m,Beans: Bush & Pole,0.5,Kilograms,Farmers Market,הדוכן יום ב,Fresh,No
20/09/2021,Eggplant Meatball 24/02/2021 Ra.2 > C2 > Beds 219-220 24 bed m,Eggplant,11.0,Kilograms,Farmers Market,הדוכן יום ב,,No
20/09/2021,Kale Lacinato (Dinosaur) 12/01/2021 Zvika > zA > Beds 501-502 24 bed m,Kale,6.0,Bunches,Farmers Market,הדוכן יום ב,Full-Size,No
20/09/2021,Leeks Alto 30/05/2021 Ra.2 > C2 > Beds 223-224 24 bed m,Leeks,3.0,Bunches,Farmers Market,הדוכן יום ב,,No
20/09/2021,Okra Kandahar Pendi 18/03/2021 Ra.4 > Lo18 > Beds 404-405 36 bed m,Okra,1.0,Kilograms,Farmers Market,הדוכן יום ב,,No
20/09/2021,Peppers Sweet Bite 26/05/2021 Ra.2 > C1 > Bed 213 12 plants,Peppers,0.35,Kilograms,Farmers Market,הדוכן יום ב,Early,No
20/09/2021,Peppers Thai Red Chili 29/04/2021 Ra.2 > C2 > Bed 217 8 bed m,Peppers,0.4,Kilograms,Farmers Market,הדוכן יום ב,Ripe,No
20/09/2021,Peppers ברק 25/03/2021 Ra.2 > C2 > Bed 218 6 bed m,Peppers,2.8,Kilograms,Farmers Market,הדוכן יום ב,Ripe,No
20/09/2021,"Tomatoes Lobelo - חישתיל מורכב 08/04/2021 Ra.1 > L2 > Beds 125, 128 24 bed m",Tomatoes,8.5,Kilograms,Farmers Market,הדוכן יום ב,Ripe,No
23/09/2021,Amaranth (Vegetable) הודי אדום 12/04/2021 Ra.3 > R2 > Bed 319 12 bed m,Amaranth (Vegetable),0.0,Bunches,Farmers Market,קטיף יום ה,Baby Leaf,Yes
23/09/2021,Chives Common 30/11/2020 Ra.2 > C6m > Bed 204 6 bed m,Chives,8.0,Bunches,Farmers Market,קטיף יום ה,Full-Size,No
23/09/2021,Dill hyd. Emilya 18/08/2021  400 plants,Dill,300.0,plants,Farmers Market,קטיף יום ה,Plant sale,Yes
23/09/2021,Eggplant Ping Tung Long 14/04/2021 Ra.1 > L2 > Bed 124 12 bed m,Eggplant,1.6,Kilograms,Farmers Market,קטיף יום ה,,No
23/09/2021,Leeks Alto 30/05/2021 Ra.2 > C2 > Beds 223-224 24 bed m,Leeks,4.0,Bunches,Farmers Market,קטיף יום ה,,No
23/09/2021,Peas Norli 09/09/2021  320 plants,Peas,300.0,plants,Farmers Market,קטיף יום ה,Plant sale,Yes
23/09/2021,Peppers Sweet Bite 26/05/2021 Ra.2 > C1 > Bed 213 12 plants,Peppers,0.3,Kilograms,Farmers Market,קטיף יום ה,Early,No
23/09/2021,Peppers וולטה - מוארך 21/04/2021 Ra.2 > C1 > Beds 211-212 24 bed m,Peppers,0.5,Kilograms,Farmers Market,קטיף יום ה,Ripe,No
23/09/2021,"Tomatoes Lobelo - חישתיל מורכב 08/04/2021 Ra.1 > L2 > Beds 125, 128 24 bed m",Tomatoes,1.0,Kilograms,Farmers Market,קטיף יום ה,Ripe,No
27/09/2021,Eggplant Meatball 24/02/2021 Ra.2 > C2 > Beds 219-220 24 bed m,Eggplant,10.0,Kilograms,Farmers Market,הדוכן יום ב,,No
27/09/2021,Leeks Alto 30/05/2021 Ra.2 > C2 > Beds 223-224 24 bed m,Leeks,3.0,Bunches,Farmers Market,הדוכן יום ב,,No
27/09/2021,Lettuce Generic Variety 25/08/2021 Hyd. S > SE > Bed 19 198 plants,Lettuce,8.0,Bunches,Farmers Market,הדוכן יום ב,Full-Size,No
27/09/2021,Lettuce: Salad Mix חרדל Red Giant 18/08/2021 Ra.3 > R1 > Bed 316 6 bed m,Lettuce: Salad Mix,10.0,Bunches,Farmers Market,הדוכן יום ב,Full-Size,No
27/09/2021,Lettuce: Salad Mix מיזונה מיקס 18/08/2021 Ra.3 > R1 > Bed 316 6 bed m,Lettuce: Salad Mix,5.0,Bunches,Farmers Market,הדוכן יום ב,Full-Size,No
27/09/2021,Peppers Sweet Bite 26/05/2021 Ra.2 > C1 > Bed 213 12 plants,Peppers,0.5,Kilograms,Farmers Market,הדוכן יום ב,Early,No
27/09/2021,Peppers וולטה - מוארך 21/04/2021 Ra.2 > C1 > Beds 211-212 24 bed m,Peppers,3.5,Kilograms,Farmers Market,הדוכן יום ב,Ripe,No
27/09/2021,Radishes AZ-506 sisi 01/09/2021 Ra.3 > R1 > Bed 313 6 bed m,Radishes,5.0,Bunches,Farmers Market,הדוכן יום ב,Full-Size,No
27/09/2021,"Tomatoes Lobelo - חישתיל מורכב 08/04/2021 Ra.1 > L2 > Beds 125, 128 24 bed m",Tomatoes,5.5,Kilograms,Farmers Market,הדוכן יום ב,Ripe,No
29/09/2021,Kale גומן 05/05/2021 Ra.3 > R2 > Bed 328 6 bed m,Kale,,,Wholesale,B2B,Full-Size,Yes
29/09/2021,Kale גומן 05/05/2021 Ra.3 > R2 > Bed 328 6 bed m,Kale,,,Farmers Market,הדוכן יום ב,Full-Size,Yes
29/09/2021,Kale גומן 05/05/2021 Ra.3 > R2 > Bed 328 6 bed m,Kale,,,,Unknown outlet,Full-Size,Yes
29/09/2021,Kale גומן 05/05/2021 Ra.3 > R2 > Bed 328 6 bed m,Kale,,,Farmers Market,קטיף יום ה,Full-Size,Yes
30/09/2021,Arugula Arugula 18/08/2021 Ra.3 > R1 > Bed 315 12 bed m,Arugula,0.0,Kilograms,Farmers Market,קטיף יום ה,Baby Leaf,Yes
30/09/2021,Beans: Bush & Pole California Black Eyed 08/06/2021 Ra.3 > R1 > Beds 310-311 24 bed m,Beans: Bush & Pole,2.6,Kilograms,Farmers Market,קטיף יום ה,Fresh,No
30/09/2021,Beans: Bush & Pole Speedy 19/07/2021 Ra.1 > L6m > Beds 101-103 18 bed m,Beans: Bush & Pole,0.4,Kilograms,Farmers Market,קטיף יום ה,Fresh,No
30/09/2021,Eggplant Fairy Tale 10/03/2021 Ra.1 > L2 > Bed 121 12 bed m,Eggplant,1.7,Kilograms,Farmers Market,קטיף יום ה,,No
30/09/2021,Eggplant Meatball 24/02/2021 Ra.2 > C2 > Beds 219-220 24 bed m,Eggplant,13.0,Kilograms,Farmers Market,קטיף יום ה,,No
30/09/2021,Eggplant Ping Tung Long 14/04/2021 Ra.1 > L2 > Bed 124 12 bed m,Eggplant,4.2,Kilograms,Farmers Market,קטיף יום ה,,No
30/09/2021,Leeks Alto 30/05/2021 Ra.2 > C2 > Beds 223-224 24 bed m,Leeks,5.0,Bunches,Farmers Market,קטיף יום ה,,No
30/09/2021,Lettuce Generic Variety 25/08/2021 Hyd. S > SE > Bed 19 198 plants,Lettuce,20.0,Heads,Farmers Market,קטיף יום ה,Full-Size,No
30/09/2021,Lettuce hyd. רומית 11/08/2021 Hyd. S > SE > Bed 18 6 bed m,Lettuce,0.0,Heads,Farmers Market,קטיף יום ה,Full-Size,Yes
30/09/2021,Lettuce: Salad Mix Mesclun Mix 18/08/2021 Ra.3 > R1 > Bed 314 12 bed m,Lettuce: Salad Mix,0.0,Kilograms,Farmers Market,קטיף יום ה,Full-Size,Yes
30/09/2021,Lettuce: Salad Mix חרדל Red Giant 18/08/2021 Ra.3 > R1 > Bed 316 6 bed m,Lettuce: Salad Mix,0.0,Kilograms,Farmers Market,קטיף יום ה,Full-Size,Yes
30/09/2021,Lettuce: Salad Mix מיזונה מיקס 18/08/2021 Ra.3 > R1 > Bed 316 6 bed m,Lettuce: Salad Mix,0.0,Kilograms,Farmers Market,קטיף יום ה,Full-Size,Yes
30/09/2021,Okra Kandahar Pendi 18/03/2021 Ra.4 > Lo18 > Beds 404-405 36 bed m,Okra,0.0,Kilograms,Farmers Market,קטיף יום ה,,Yes
30/09/2021,Onions: Scallions hyd. Aldorado 14/04/2021 Hyd. N - no beds selected 300 plants,Onions: Scallions,,,Wholesale,B2B,Full-Size,Yes
30/09/2021,Onions: Scallions hyd. Aldorado 14/04/2021 Hyd. N - no beds selected 300 plants,Onions: Scallions,,,Farmers Market,הדוכן יום ב,Full-Size,Yes
30/09/2021,Onions: Scallions hyd. Aldorado 14/04/2021 Hyd. N - no beds selected 300 plants,Onions: Scallions,,,,Unknown outlet,Full-Size,Yes
30/09/2021,Onions: Scallions hyd. Aldorado 14/04/2021 Hyd. N - no beds selected 300 plants,Onions: Scallions,,,Farmers Market,קטיף יום ה,Full-Size,Yes
30/09/2021,Onions: Scallions hyd. Aldorado 14/04/2021 Hyd. N - no beds selected 300 plants,Onions: Scallions,8.0,Bunches,Farmers Market,קטיף יום ה,Full-Size,No
30/09/2021,Peppers Sweet Bite 26/05/2021 Ra.2 > C1 > Bed 213 12 plants,Peppers,0.7,Kilograms,Farmers Market,קטיף יום ה,Early,No
30/09/2021,Peppers Thai Red Chili 29/04/2021 Ra.2 > C2 > Bed 217 8 bed m,Peppers,0.1,Kilograms,Farmers Market,קטיף יום ה,Ripe,No
30/09/2021,Peppers אלטר - לפיד 25/03/2021 Ra.2 > C2 > Bed 218 12 bed m,Peppers,1.6,Kilograms,Farmers Market,קטיף יום ה,Ripe,No
30/09/2021,Peppers ברק 25/03/2021 Ra.2 > C2 > Bed 218 6 bed m,Peppers,0.7,Kilograms,Farmers Market,קטיף יום ה,Ripe,No
30/09/2021,Peppers וולטה - מוארך 21/04/2021 Ra.2 > C1 > Beds 211-212 24 bed m,Peppers,3.5,Kilograms,Farmers Market,קטיף יום ה,Ripe,No
30/09/2021,Radishes AZ-506 sisi 01/09/2021 Ra.3 > R1 > Bed 313 6 bed m,Radishes,8.0,Bunches,Farmers Market,קטיף יום ה,Full-Size,No
30/09/2021,"Tomatoes Lobelo - חישתיל מורכב 08/04/2021 Ra.1 > L2 > Beds 125, 128 24 bed m",Tomatoes,6.0,Kilograms,Farmers Market,קטיף יום ה,Ripe,No
04/10/2021,Beans: Bush & Pole California Black Eyed 08/06/2021 Ra.3 > R1 > Beds 310-311 24 bed m,Beans: Bush & Pole,1.0,Kilograms,Farmers Market,הדוכן יום ב,Fresh,No
04/10/2021,Eggplant Meatball 24/02/2021 Ra.2 > C2 > Beds 219-220 24 bed m,Eggplant,5.0,Kilograms,Farmers Market,הדוכן יום ב,,No
04/10/2021,Eggplant בלאדי - יעל 26/02/2020 Ra.3 > R2 > Beds 325-326 24 bed m,Eggplant,3.0,Kilograms,Farmers Market,הדוכן יום ב,,Yes
04/10/2021,Lettuce Generic Variety 25/08/2021 Hyd. S > SE > Bed 19 198 plants,Lettuce,6.0,Heads,Farmers Market,הדוכן יום ב,Full-Size,No
04/10/2021,Peppers Thai Red Chili 29/04/2021 Ra.2 > C2 > Bed 217 8 bed m,Peppers,0.5,Kilograms,Farmers Market,הדוכן יום ב,Ripe,No
04/10/2021,Peppers אלטר - לפיד 25/03/2021 Ra.2 > C2 > Bed 218 12 bed m,Peppers,0.5,Kilograms,Farmers Market,הדוכן יום ב,Ripe,No
04/10/2021,Peppers וולטה - מוארך 21/04/2021 Ra.2 > C1 > Beds 211-212 24 bed m,Peppers,10.0,Kilograms,,Unknown outlet,Ripe,No
04/10/2021,Radishes AZ-506 sisi 01/09/2021 Ra.3 > R1 > Bed 313 6 bed m,Radishes,6.0,Bunches,Farmers Market,הדוכן יום ב,Full-Size,No
04/10/2021,"Tomatoes Lobelo - חישתיל מורכב 08/04/2021 Ra.1 > L2 > Beds 125, 128 24 bed m",Tomatoes,4.0,Kilograms,Farmers Market,הדוכן יום ב,Ripe,Yes
05/10/2021,Lettuce: Salad Mix Mesclun Mix 04/08/2021 Ra.3 > R2 > Bed 318 12 bed m,Lettuce: Salad Mix,,,Wholesale,B2B,Full-Size,Yes
05/10/2021,Lettuce: Salad Mix Mesclun Mix 04/08/2021 Ra.3 > R2 > Bed 318 12 bed m,Lettuce: Salad Mix,,,Farmers Market,הדוכן יום ב,Full-Size,Yes
05/10/2021,Lettuce: Salad Mix Mesclun Mix 04/08/2021 Ra.3 > R2 > Bed 318 12 bed m,Lettuce: Salad Mix,,,,Unknown outlet,Full-Size,Yes
05/10/2021,Lettuce: Salad Mix Mesclun Mix 04/08/2021 Ra.3 > R2 > Bed 318 12 bed m,Lettuce: Salad Mix,,,Farmers Market,קטיף יום ה,Full-Size,Yes
07/10/2021,Eggplant Asian Delight 10/03/2021 Ra.1 > L2 > Bed 122 12 bed m,Eggplant,3.8,Kilograms,Farmers Market,קטיף יום ה,,No
07/10/2021,Eggplant Ping Tung Long 14/04/2021 Ra.1 > L2 > Bed 124 12 bed m,Eggplant,1.2,Kilograms,Farmers Market,קטיף יום ה,,No
07/10/2021,"Lettuce hyd. רומית 25/08/2021 Hyd. S > SE > Beds 16-17, 19 400 plants",Lettuce,10.0,Heads,Farmers Market,קטיף יום ה,Full-Size,No
07/10/2021,Parsley בורג'ו - נטע 19/06/2021 Ra.2 > C2 > Beds 225-228 48 bed m,Parsley,10.0,Bunches,Farmers Market,קטיף יום ה,Full-Size,No
07/10/2021,Peppers Sweet Bite 26/05/2021 Ra.2 > C1 > Bed 213 12 plants,Peppers,1.2,Kilograms,Farmers Market,קטיף יום ה,Early,No
07/10/2021,Peppers וולטה - מוארך 21/04/2021 Ra.2 > C1 > Beds 211-212 24 bed m,Peppers,1.7,Kilograms,Farmers Market,קטיף יום ה,Ripe,No
07/10/2021,Radishes AZ-506 sisi 01/09/2021 Ra.3 > R1 > Bed 313 6 bed m,Radishes,6.0,Bunches,Farmers Market,קטיף יום ה,Full-Size,No
10/10/2021,Celery hyd. Giant Dorato 14/04/2021 Hyd. N - no beds selected 400 plants,Celery,,,Wholesale,B2B,Full-Size,Yes
10/10/2021,Celery hyd. Giant Dorato 14/04/2021 Hyd. N - no beds selected 400 plants,Celery,,,Farmers Market,הדוכן יום ב,Full-Size,Yes
10/10/2021,Celery hyd. Giant Dorato 14/04/2021 Hyd. N - no beds selected 400 plants,Celery,,,,Unknown outlet,Full-Size,Yes
10/10/2021,Celery hyd. Giant Dorato 14/04/2021 Hyd. N - no beds selected 400 plants,Celery,,,Farmers Market,קטיף יום ה,Full-Size,Yes
10/10/2021,Parsley hyd. Borjo 03/06/2021 Hyd. S > SW > Bed 24 6 bed m,Parsley,,,Wholesale,B2B,Full-Size,Yes
10/10/2021,Parsley hyd. Borjo 03/06/2021 Hyd. S > SW > Bed 24 6 bed m,Parsley,,,Farmers Market,הדוכן יום ב,Full-Size,Yes
10/10/2021,Parsley hyd. Borjo 03/06/2021 Hyd. S > SW > Bed 24 6 bed m,Parsley,,,,Unknown outlet,Full-Size,Yes
10/10/2021,Parsley hyd. Borjo 03/06/2021 Hyd. S > SW > Bed 24 6 bed m,Parsley,,,Farmers Market,קטיף יום ה,Full-Size,Yes
11/10/2021,Eggplant Meatball 24/02/2021 Ra.2 > C2 > Beds 219-220 24 bed m,Eggplant,6.0,Kilograms,Farmers Market,הדוכן יום ב,,No
11/10/2021,Lettuce Generic Variety 25/08/2021 Hyd. S > SE > Bed 19 198 plants,Lettuce,20.0,Heads,Farmers Market,הדוכן יום ב,Full-Size,No
11/10/2021,Peppers Thai Red Chili 29/04/2021 Ra.2 > C2 > Bed 217 8 bed m,Peppers,2.0,Kilograms,Farmers Market,הדוכן יום ב,Ripe,No
11/10/2021,Peppers אלטר - לפיד 25/03/2021 Ra.2 > C2 > Bed 218 12 bed m,Peppers,1.0,Kilograms,Farmers Market,הדוכן יום ב,Ripe,No
11/10/2021,Peppers ברק 25/03/2021 Ra.2 > C2 > Bed 218 6 bed m,Peppers,1.0,Kilograms,Farmers Market,הדוכן יום ב,Ripe,No
14/10/2021,Celery hyd. ספרטקוס 25/08/2021 Hyd. N > NE > Beds 6-7 400 plants,Celery,25.0,Each,Farmers Market,הדוכן יום ב,Full-Size,No
14/10/2021,Eggplant Ping Tung Long 14/04/2021 Ra.1 > L2 > Bed 124 12 bed m,Eggplant,2.5,Kilograms,Farmers Market,הדוכן יום ב,,No
14/10/2021,Lettuce Generic Variety 25/08/2021 Hyd. S > SE > Bed 19 198 plants,Lettuce,0.0,Heads,Wholesale,B2B,Full-Size,Yes
14/10/2021,Lettuce Generic Variety 25/08/2021 Hyd. S > SE > Bed 19 198 plants,Lettuce,0.0,Heads,Farmers Market,הדוכן יום ב,Full-Size,Yes
14/10/2021,Lettuce Generic Variety 25/08/2021 Hyd. S > SE > Bed 19 198 plants,Lettuce,0.0,Heads,,Unknown outlet,Full-Size,Yes
14/10/2021,Lettuce Generic Variety 25/08/2021 Hyd. S > SE > Bed 19 198 plants,Lettuce,0.0,Heads,Farmers Market,קטיף יום ה,Full-Size,Yes
14/10/2021,"Lettuce hyd. רומית 25/08/2021 Hyd. S > SE > Beds 16-17, 19 400 plants",Lettuce,25.0,Heads,Farmers Market,הדוכן יום ב,Full-Size,No
14/10/2021,Parsley בורג'ו - נטע 19/06/2021 Ra.2 > C2 > Beds 225-228 48 bed m,Parsley,25.0,Bunches,Farmers Market,הדוכן יום ב,Full-Size,No
14/10/2021,Peppers Sweet Bite 26/05/2021 Ra.2 > C1 > Bed 213 12 plants,Peppers,2.0,Kilograms,Farmers Market,הדוכן יום ב,Early,No
14/10/2021,Peppers Thai Red Chili 29/04/2021 Ra.2 > C2 > Bed 217 8 bed m,Peppers,0.7,Kilograms,Farmers Market,הדוכן יום ב,Ripe,No
14/10/2021,Peppers וולטה - מוארך 21/04/2021 Ra.2 > C1 > Beds 211-212 24 bed m,Peppers,5.2,Kilograms,Farmers Market,הדוכן יום ב,Ripe,No
17/10/2021,Beans: Bush & Pole Speedy 19/07/2021 Ra.1 > L6m > Beds 101-103 18 bed m,Beans: Bush & Pole,,,Wholesale,B2B,Fresh,Yes
17/10/2021,Beans: Bush & Pole Speedy 19/07/2021 Ra.1 > L6m > Beds 101-103 18 bed m,Beans: Bush & Pole,,,Farmers Market,הדוכן יום ב,Fresh,Yes
17/10/2021,Beans: Bush & Pole Speedy 19/07/2021 Ra.1 > L6m > Beds 101-103 18 bed m,Beans: Bush & Pole,,,,Unknown outlet,Fresh,Yes
17/10/2021,Beans: Bush & Pole Speedy 19/07/2021 Ra.1 > L6m > Beds 101-103 18 bed m,Beans: Bush & Pole,,,Farmers Market,קטיף יום ה,Fresh,Yes
18/10/2021,Radishes AZ-506 sisi 01/09/2021 Ra.3 > R1 > Bed 313 6 bed m,Radishes,,,Wholesale,B2B,Full-Size,Yes
18/10/2021,Radishes AZ-506 sisi 01/09/2021 Ra.3 > R1 > Bed 313 6 bed m,Radishes,,,Farmers Market,הדוכן יום ב,Full-Size,Yes
18/10/2021,Radishes AZ-506 sisi 01/09/2021 Ra.3 > R1 > Bed 313 6 bed m,Radishes,,,,Unknown outlet,Full-Size,Yes
18/10/2021,Radishes AZ-506 sisi 01/09/2021 Ra.3 > R1 > Bed 313 6 bed m,Radishes,,,Farmers Market,קטיף יום ה,Full-Size,Yes
18/10/2021,Turmeric Elad 25/05/2020 HH > B > Beds 10-12 36 bed m,Turmeric,0.5,Kilograms,Farmers Market,הדוכן יום ב,,No
20/10/2021,Lettuce hyd. פלנדריה - חמאה 12/08/2021 Hyd. N > NE > Bed 1 120 plants,Lettuce,78.0,Heads,Wholesale,B2B,Full-Size,No
20/10/2021,"Lettuce hyd. רומית 25/08/2021 Hyd. S > SE > Beds 16-17, 19 400 plants",Lettuce,,,Wholesale,B2B,Full-Size,Yes
20/10/2021,"Lettuce hyd. רומית 25/08/2021 Hyd. S > SE > Beds 16-17, 19 400 plants",Lettuce,,,Farmers Market,הדוכן יום ב,Full-Size,Yes
20/10/2021,"Lettuce hyd. רומית 25/08/2021 Hyd. S > SE > Beds 16-17, 19 400 plants",Lettuce,,,,Unknown outlet,Full-Size,Yes
20/10/2021,"Lettuce hyd. רומית 25/08/2021 Hyd. S > SE > Beds 16-17, 19 400 plants",Lettuce,,,Farmers Market,קטיף יום ה,Full-Size,Yes
20/10/2021,"Lettuce hyd. רומית 25/08/2021 Hyd. S > SE > Beds 16-17, 19 400 plants",Lettuce,8.0,Heads,Wholesale,B2B,Full-Size,No
20/10/2021,Radishes AZ-506 sisi 13/09/2021 Ra.3 > R1 > Bed 313 6 bed m,Radishes,6.0,Bunches,Wholesale,B2B,Full-Size,No
21/10/2021,Arugula Arugula 01/09/2021 Ra.3 > R2 > Bed 317 12 bed m,Arugula,15.0,Bunches,Farmers Market,קטיף יום ה,Baby Leaf,No
21/10/2021,"Basil hyd. Prospera 23/08/2021 Hyd. N > NW > Beds 13, 15 140 plants",Basil,10.0,Bunches,Farmers Market,קטיף יום ה,Full-Size,No
21/10/2021,Beans: Bush & Pole California Black Eyed 01/04/2021 Ra.3 > R1 > Beds 307-308 24 bed m,Beans: Bush & Pole,1.5,Kilograms,Farmers Market,קטיף יום ה,Fresh,Yes
21/10/2021,Beans: Bush & Pole California Black Eyed 08/06/2021 Ra.3 > R1 > Beds 310-311 24 bed m,Beans: Bush & Pole,1.0,Kilograms,Farmers Market,קטיף יום ה,Fresh,Yes
21/10/2021,Celery hyd. ספרטקוס 25/08/2021 Hyd. N > NE > Beds 6-7 400 plants,Celery,22.0,Bunches,Farmers Market,קטיף יום ה,Full-Size,No
21/10/2021,Chard hyd. מונופולי - ראש 30/06/2021 Hyd. S > SW > Beds 26-28 499 plants,Chard,12.0,Bunches,Farmers Market,קטיף יום ה,Full-Size,No
21/10/2021,Chives Common 30/11/2020 Ra.2 > C6m > Bed 204 6 bed m,Chives,8.0,Bunches,Farmers Market,קטיף יום ה,Full-Size,No
21/10/2021,Dill hyd. Emilya 14/07/2021 Hyd. S > SE > Bed 23 2 bed m,Dill,0.0,Bunches,Farmers Market,קטיף יום ה,Leaf,Yes
21/10/2021,Eggplant Asian Delight 10/03/2021 Ra.1 > L2 > Bed 122 12 bed m,Eggplant,1.0,Kilograms,Farmers Market,קטיף יום ה,,No
21/10/2021,Eggplant Fairy Tale 10/03/2021 Ra.1 > L2 > Bed 121 12 bed m,Eggplant,1.5,Kilograms,Farmers Market,קטיף יום ה,,No
21/10/2021,Eggplant Ping Tung Long 14/04/2021 Ra.1 > L2 > Bed 124 12 bed m,Eggplant,1.0,Kilograms,Farmers Market,קטיף יום ה,,No
21/10/2021,Kale Lacinato (Dinosaur) 12/01/2021 Zvika > zA > Beds 501-502 24 bed m,Kale,8.0,Bunches,Farmers Market,קטיף יום ה,Full-Size,No
21/10/2021,Leeks Alto 30/05/2021 Ra.2 > C2 > Beds 223-224 24 bed m,Leeks,5.0,Bunches,Farmers Market,קטיף יום ה,,No
21/10/2021,Lettuce hyd. סלנובה 02/09/2021 Hyd. S > SE > Bed 20 191 plants,Lettuce,25.0,Heads,Farmers Market,קטיף יום ה,Full-Size,No
21/10/2021,Lettuce hyd. רומית 02/09/2021 Hyd. S > SE > Beds 21-22 384 plants,Lettuce,35.0,Heads,Farmers Market,קטיף יום ה,Full-Size,No
21/10/2021,Lettuce: Salad Mix Mesclun Mix 13/09/2021 Ra.3 > R3 > Bed 334 12 bed m,Lettuce: Salad Mix,3.0,Kilograms,Farmers Market,קטיף יום ה,Full-Size,No
21/10/2021,Mint Common Mint 01/01/2021 Ra.3 > R6m > Bed 301 6 bed m,Mint,6.0,Bunches,Farmers Market,קטיף יום ה,Full-Size,No
21/10/2021,Onions: Scallions hyd. Aldorado 25/08/2021 Hyd. S > SW > Bed 30 195 plants,Onions: Scallions,12.0,Bunches,Farmers Market,קטיף יום ה,Full-Size,No
21/10/2021,Parsley בורג'ו - נטע 19/06/2021 Ra.2 > C2 > Beds 225-228 48 bed m,Parsley,20.0,Bunches,Farmers Market,קטיף יום ה,Full-Size,No
21/10/2021,Peas ורדה 26/09/2021  500 plants,Peas,250.0,plants,Farmers Market,קטיף יום ה,Plant sale,Yes
21/10/2021,Peppers Sweet Bite 26/05/2021 Ra.2 > C1 > Bed 213 12 plants,Peppers,4.0,Kilograms,Farmers Market,קטיף יום ה,Early,No
21/10/2021,Peppers Thai Red Chili 29/04/2021 Ra.2 > C2 > Bed 217 8 bed m,Peppers,1.8,Kilograms,Farmers Market,קטיף יום ה,Ripe,No
21/10/2021,Peppers אלטר - לפיד 25/03/2021 Ra.2 > C2 > Bed 218 12 bed m,Peppers,2.0,Kilograms,Farmers Market,קטיף יום ה,Ripe,No
21/10/2021,Peppers ברק 25/03/2021 Ra.2 > C2 > Bed 218 6 bed m,Peppers,2.0,Kilograms,Farmers Market,קטיף יום ה,Ripe,No
21/10/2021,Peppers וולטה - מוארך 21/04/2021 Ra.2 > C1 > Beds 211-212 24 bed m,Peppers,3.5,Kilograms,Farmers Market,קטיף יום ה,Ripe,No
21/10/2021,Radishes AZ-506 sisi 13/09/2021 Ra.3 > R1 > Bed 313 6 bed m,Radishes,4.0,Bunches,Farmers Market,קטיף יום ה,Full-Size,No
25/10/2021,Chard hyd. מונופולי - ראש 10/06/2021 Hyd. N > NE > Beds 1-2 230 plants,Chard,,,Wholesale,B2B,Full-Size,Yes
25/10/2021,Chard hyd. מונופולי - ראש 10/06/2021 Hyd. N > NE > Beds 1-2 230 plants,Chard,,,Farmers Market,הדוכן יום ב,Full-Size,Yes
25/10/2021,Chard hyd. מונופולי - ראש 10/06/2021 Hyd. N > NE > Beds 1-2 230 plants,Chard,,,,Unknown outlet,Full-Size,Yes
25/10/2021,Chard hyd. מונופולי - ראש 10/06/2021 Hyd. N > NE > Beds 1-2 230 plants,Chard,,,Farmers Market,קטיף יום ה,Full-Size,Yes
28/10/2021,Cilantro hyd. Santoriny 23/08/2021 Hyd. N - no beds selected 800 plants,Cilantro,6.0,Bunches,Farmers Market,קטיף יום ה,Leaf,Yes
28/10/2021,Jicama Itay 14/04/2021 Zvika > zB > Beds 519-520 24 bed m,Jicama,14.0,Kilograms,Farmers Market,קטיף יום ה,,No
28/10/2021,Leeks Alto 21/07/2021 Zvika > zB > Beds 523-524 24 bed m,Leeks,6.0,Bunches,Farmers Market,קטיף יום ה,,No
28/10/2021,Lettuce hyd. סלנובה 23/09/2021 Hyd. N > NE > Bed 3 403 plants,Lettuce,20.0,Heads,Farmers Market,קטיף יום ה,Full-Size,No
28/10/2021,Parsley hyd. Borjo 10/08/2021 Hyd. S > SW > Bed 24 304 plants,Parsley,21.0,Bunches,Farmers Market,קטיף יום ה,Full-Size,No
28/10/2021,Turmeric Elad 25/05/2020 HH > B > Beds 10-12 36 bed m,Turmeric,15.0,Kilograms,Farmers Market,קטיף יום ה,,Yes
01/11/2021,Eggplant Fairy Tale 10/03/2021 Ra.1 > L2 > Bed 121 12 bed m,Eggplant,1.0,Kilograms,Farmers Market,הדוכן יום ב,,No
01/11/2021,Eggplant Ping Tung Long 14/04/2021 Ra.1 > L2 > Bed 124 12 bed m,Eggplant,,,Wholesale,B2B,,Yes
01/11/2021,Eggplant Ping Tung Long 14/04/2021 Ra.1 > L2 > Bed 124 12 bed m,Eggplant,,,Farmers Market,הדוכן יום ב,,Yes
01/11/2021,Eggplant Ping Tung Long 14/04/2021 Ra.1 > L2 > Bed 124 12 bed m,Eggplant,,,,Unknown outlet,,Yes
01/11/2021,Eggplant Ping Tung Long 14/04/2021 Ra.1 > L2 > Bed 124 12 bed m,Eggplant,,,Farmers Market,קטיף יום ה,,Yes
02/11/2021,Peppers Sweet Bite 26/05/2021 Ra.2 > C1 > Bed 213 12 plants,Peppers,,,Wholesale,B2B,Early,Yes
02/11/2021,Peppers Sweet Bite 26/05/2021 Ra.2 > C1 > Bed 213 12 plants,Peppers,,,Farmers Market,הדוכן יום ב,Early,Yes
02/11/2021,Peppers Sweet Bite 26/05/2021 Ra.2 > C1 > Bed 213 12 plants,Peppers,,,,Unknown outlet,Early,Yes
02/11/2021,Peppers Sweet Bite 26/05/2021 Ra.2 > C1 > Bed 213 12 plants,Peppers,,,Farmers Market,קטיף יום ה,Early,Yes
02/11/2021,Peppers וולטה - מוארך 21/04/2021 Ra.2 > C1 > Beds 211-212 24 bed m,Peppers,,,Wholesale,B2B,Ripe,Yes
02/11/2021,Peppers וולטה - מוארך 21/04/2021 Ra.2 > C1 > Beds 211-212 24 bed m,Peppers,,,Farmers Market,הדוכן יום ב,Ripe,Yes
02/11/2021,Peppers וולטה - מוארך 21/04/2021 Ra.2 > C1 > Beds 211-212 24 bed m,Peppers,,,,Unknown outlet,Ripe,Yes
02/11/2021,Peppers וולטה - מוארך 21/04/2021 Ra.2 > C1 > Beds 211-212 24 bed m,Peppers,,,Farmers Market,קטיף יום ה,Ripe,Yes
05/11/2021,Arugula Arugula 01/09/2021 Ra.3 > R3 > Bed 335 12 bed m,Arugula,10.0,Bunches,Wholesale,B2B,Baby Leaf,No
05/11/2021,Arugula Arugula 01/09/2021 Ra.3 > R3 > Bed 335 12 bed m,Arugula,0.0,Kilograms,Farmers Market,הדוכן יום ב,Baby Leaf,No
05/11/2021,Arugula Arugula 01/09/2021 Ra.3 > R3 > Bed 335 12 bed m,Arugula,0.0,Kilograms,,Unknown outlet,Baby Leaf,No
05/11/2021,Arugula Arugula 01/09/2021 Ra.3 > R3 > Bed 335 12 bed m,Arugula,0.0,Kilograms,Farmers Market,קטיף יום ה,Baby Leaf,No
05/11/2021,Kale Lacinato (Dinosaur) 12/01/2021 Zvika > zA > Beds 501-502 24 bed m,Kale,20.0,Bunches,Wholesale,B2B,Full-Size,No
05/11/2021,Kale Lacinato (Dinosaur) 12/01/2021 Zvika > zA > Beds 501-502 24 bed m,Kale,0.0,Bunches,Farmers Market,הדוכן יום ב,Full-Size,No
05/11/2021,Kale Lacinato (Dinosaur) 12/01/2021 Zvika > zA > Beds 501-502 24 bed m,Kale,0.0,Bunches,,Unknown outlet,Full-Size,No
05/11/2021,Kale Lacinato (Dinosaur) 12/01/2021 Zvika > zA > Beds 501-502 24 bed m,Kale,0.0,Bunches,Farmers Market,קטיף יום ה,Full-Size,No
08/11/2021,Jicama Itay 14/04/2021 Zvika > zB > Beds 519-520 24 bed m,Jicama,10.0,Kilograms,Farmers Market,הדוכן יום ב,,No
08/11/2021,Lettuce: Salad Mix Mesclun Mix 13/09/2021 Ra.3 > R3 > Bed 334 12 bed m,Lettuce: Salad Mix,6.0,Kilograms,Farmers Market,הדוכן יום ב,Full-Size,No
08/11/2021,Turmeric Elad 17/07/2020 Zvika > zB > Bed 517 12 bed m,Turmeric,3.0,Kilograms,Farmers Market,הדוכן יום ב,,No
09/11/2021,Peppers ברק 25/03/2021 Ra.2 > C2 > Bed 218 6 bed m,Peppers,,,Wholesale,B2B,Ripe,Yes
09/11/2021,Peppers ברק 25/03/2021 Ra.2 > C2 > Bed 218 6 bed m,Peppers,,,Farmers Market,הדוכן יום ב,Ripe,Yes
09/11/2021,Peppers ברק 25/03/2021 Ra.2 > C2 > Bed 218 6 bed m,Peppers,,,,Unknown outlet,Ripe,Yes
09/11/2021,Peppers ברק 25/03/2021 Ra.2 > C2 > Bed 218 6 bed m,Peppers,,,Farmers Market,קטיף יום ה,Ripe,Yes
12/11/2021,Lettuce hyd. רומית 23/09/2021 Hyd. N > NE > Bed 4 192 plants,Lettuce,,,Wholesale,B2B,Full-Size,Yes
12/11/2021,Lettuce hyd. רומית 23/09/2021 Hyd. N > NE > Bed 4 192 plants,Lettuce,,,Farmers Market,הדוכן יום ב,Full-Size,Yes
12/11/2021,Lettuce hyd. רומית 23/09/2021 Hyd. N > NE > Bed 4 192 plants,Lettuce,,,,Unknown outlet,Full-Size,Yes
12/11/2021,Lettuce hyd. רומית 23/09/2021 Hyd. N > NE > Bed 4 192 plants,Lettuce,,,Farmers Market,קטיף יום ה,Full-Size,Yes
14/11/2021,Lettuce hyd. פלנדריה - חמאה 12/08/2021 Hyd. N > NE > Bed 1 120 plants,Lettuce,,,Wholesale,B2B,Full-Size,Yes
14/11/2021,Lettuce hyd. פלנדריה - חמאה 12/08/2021 Hyd. N > NE > Bed 1 120 plants,Lettuce,,,Farmers Market,הדוכן יום ב,Full-Size,Yes
14/11/2021,Lettuce hyd. פלנדריה - חמאה 12/08/2021 Hyd. N > NE > Bed 1 120 plants,Lettuce,,,,Unknown outlet,Full-Size,Yes
14/11/2021,Lettuce hyd. פלנדריה - חמאה 12/08/2021 Hyd. N > NE > Bed 1 120 plants,Lettuce,,,Farmers Market,קטיף יום ה,Full-Size,Yes
15/11/2021,Broccoli Partenon 05/09/2021 Zvika > zB > Beds 514-516 180 plants,Broccoli,1.0,Kilograms,Farmers Market,הדוכן יום ב,Head,No
15/11/2021,Cabbage ירוק 05/09/2021 Zvika > zA > Beds 512-513 24 bed m,Cabbage,1.0,Kilograms,Farmers Market,הדוכן יום ב,Full-Size,No
15/11/2021,Tomatoes hyd. תמר 03/08/2021 Hyd. N > NW > Bed 14 6 bed m,Tomatoes,2.5,Kilograms,Farmers Market,הדוכן יום ב,Ripe,No
15/11/2021,Tomatoes תמר 03/08/2021 Ra.1 > L1 > Beds 113-115 36 bed m,Tomatoes,0.5,Kilograms,Farmers Market,הדוכן יום ב,Ripe,Yes
15/11/2021,Turmeric Elad 17/07/2020 Zvika > zB > Bed 517 12 bed m,Turmeric,120.0,Kilograms,Farmers Market,הדוכן יום ב,,No
17/11/2021,Lettuce hyd. סלנובה 23/09/2021 Hyd. N > NE > Bed 3 403 plants,Lettuce,,,Wholesale,B2B,Full-Size,Yes
17/11/2021,Lettuce hyd. סלנובה 23/09/2021 Hyd. N > NE > Bed 3 403 plants,Lettuce,,,Farmers Market,הדוכן יום ב,Full-Size,Yes
17/11/2021,Lettuce hyd. סלנובה 23/09/2021 Hyd. N > NE > Bed 3 403 plants,Lettuce,,,,Unknown outlet,Full-Size,Yes
17/11/2021,Lettuce hyd. סלנובה 23/09/2021 Hyd. N > NE > Bed 3 403 plants,Lettuce,,,Farmers Market,קטיף יום ה,Full-Size,Yes
18/11/2021,Lettuce hyd. אייסברג 23/09/2021 Hyd. N > NE > Bed 2 192 plants,Lettuce,,,Wholesale,B2B,Full-Size,Yes
18/11/2021,Lettuce hyd. אייסברג 23/09/2021 Hyd. N > NE > Bed 2 192 plants,Lettuce,,,Farmers Market,הדוכן יום ב,Full-Size,Yes
18/11/2021,Lettuce hyd. אייסברג 23/09/2021 Hyd. N > NE > Bed 2 192 plants,Lettuce,,,,Unknown outlet,Full-Size,Yes
18/11/2021,Lettuce hyd. אייסברג 23/09/2021 Hyd. N > NE > Bed 2 192 plants,Lettuce,,,Farmers Market,קטיף יום ה,Full-Size,Yes
18/11/2021,New Zealand Spinach Tetragonia Specialty 13/10/2021 HH > C > Beds 13-16 48 bed m,New Zealand Spinach,2.4,Kilograms,Farmers Market,הדוכן יום ב,,No
18/11/2021,Tomatoes hyd. תמר 03/08/2021 Hyd. N > NW > Bed 14 6 bed m,Tomatoes,2.4,Kilograms,Farmers Market,הדוכן יום ב,Ripe,No
20/11/2021,Onions: Scallions hyd.  אפצ׳ה אדום 23/08/2021 Hyd. S > SW > Bed 30 300 plants,Onions: Scallions,,,Wholesale,B2B,Full-Size,Yes
20/11/2021,Onions: Scallions hyd.  אפצ׳ה אדום 23/08/2021 Hyd. S > SW > Bed 30 300 plants,Onions: Scallions,,,Farmers Market,הדוכן יום ב,Full-Size,Yes
20/11/2021,Onions: Scallions hyd.  אפצ׳ה אדום 23/08/2021 Hyd. S > SW > Bed 30 300 plants,Onions: Scallions,,,,Unknown outlet,Full-Size,Yes
20/11/2021,Onions: Scallions hyd.  אפצ׳ה אדום 23/08/2021 Hyd. S > SW > Bed 30 300 plants,Onions: Scallions,,,Farmers Market,קטיף יום ה,Full-Size,Yes
22/11/2021,Turmeric Elad 17/07/2020 Zvika > zB > Bed 517 12 bed m,Turmeric,,,Wholesale,B2B,,Yes
22/11/2021,Turmeric Elad 17/07/2020 Zvika > zB > Bed 517 12 bed m,Turmeric,,,Farmers Market,הדוכן יום ב,,Yes
22/11/2021,Turmeric Elad 17/07/2020 Zvika > zB > Bed 517 12 bed m,Turmeric,,,,Unknown outlet,,Yes
22/11/2021,Turmeric Elad 17/07/2020 Zvika > zB > Bed 517 12 bed m,Turmeric,,,Farmers Market,קטיף יום ה,,Yes
27/11/2021,Eggplant Asian Delight 10/03/2021 Ra.1 > L2 > Bed 122 12 bed m,Eggplant,1.0,Kilograms,,Unknown outlet,,Yes
27/11/2021,Eggplant Fairy Tale 10/03/2021 Ra.1 > L2 > Bed 121 12 bed m,Eggplant,1.0,Kilograms,,Unknown outlet,,Yes
27/11/2021,Fennel Orion 25/08/2021 Ra.2 > C1 > Beds 214-215 320 plants,Fennel,2.0,Kilograms,,Unknown outlet,Full-Size,No
27/11/2021,Lettuce hyd. אייסברג 19/10/2021 Hyd. S > SE > Bed 16 152 plants,Lettuce,5.0,Heads,,Unknown outlet,Full-Size,No
27/11/2021,Lettuce hyd. רומית 06/10/2021 Hyd. S > SE > Beds 17-18 301 plants,Lettuce,3.0,Heads,,Unknown outlet,Full-Size,Yes
27/11/2021,Radishes Daikon Long 12/10/2021 Ra.3 > R3 > Bed 333 6 bed m,Radishes,5.0,Bunches,,Unknown outlet,Full-Size,No
27/11/2021,Tomatoes hyd. תמר 03/08/2021 Hyd. N > NW > Bed 14 6 bed m,Tomatoes,2.0,Kilograms,,Unknown outlet,Ripe,No
30/11/2021,Tomatoes hyd. תמר 03/08/2021 Hyd. N > NW > Bed 14 6 bed m,Tomatoes,,,Wholesale,B2B,Ripe,Yes
30/11/2021,Tomatoes hyd. תמר 03/08/2021 Hyd. N > NW > Bed 14 6 bed m,Tomatoes,,,Farmers Market,הדוכן יום ב,Ripe,Yes
30/11/2021,Tomatoes hyd. תמר 03/08/2021 Hyd. N > NW > Bed 14 6 bed m,Tomatoes,,,,Unknown outlet,Ripe,Yes
30/11/2021,Tomatoes hyd. תמר 03/08/2021 Hyd. N > NW > Bed 14 6 bed m,Tomatoes,,,Farmers Market,קטיף יום ה,Ripe,Yes
01/12/2021,Dill hyd. Emilya 12/08/2021  3 bed m,Dill,,,Wholesale,B2B,Leaf,Yes
01/12/2021,Dill hyd. Emilya 12/08/2021  3 bed m,Dill,,,Farmers Market,הדוכן יום ב,Leaf,Yes
01/12/2021,Dill hyd. Emilya 12/08/2021  3 bed m,Dill,,,,Unknown outlet,Leaf,Yes
01/12/2021,Dill hyd. Emilya 12/08/2021  3 bed m,Dill,,,Farmers Market,קטיף יום ה,Leaf,Yes
02/12/2021,Kohlrabi Konmar 25/08/2021 Ra.2 > C1 > Beds 215-216 400 plants,Kohlrabi,7.5,Kilograms,Farmers Market,קטיף יום ה,Full-Size,No
02/12/2021,Radishes AZ-506 sisi 12/10/2021 Ra.3 > R1 > Bed 312 6 bed m,Radishes,10.0,Bunches,Farmers Market,קטיף יום ה,Full-Size,Yes
06/12/2021,Lettuce hyd.  טוקיו בקנה 07/10/2021  101 plants,Lettuce,10.0,Heads,Farmers Market,הדוכן יום ב,Full-Size,Yes
09/12/2021,Beets Ventu - כדורי F1 נטע 08/09/2021 Ra.1 > L2 > Beds 125-126 24 bed m,Beets,4.0,Bunches,Farmers Market,הדוכן יום ב,Full-Size Root,No
09/12/2021,Broccoli Partenon 05/09/2021 Zvika > zB > Beds 514-516 180 plants,Broccoli,4.5,Kilograms,Farmers Market,הדוכן יום ב,Head,No
09/12/2021,Cabbage ירוק 05/09/2021 Zvika > zA > Beds 512-513 24 bed m,Cabbage,9.0,Kilograms,Farmers Market,הדוכן יום ב,Full-Size,No
09/12/2021,Cilantro Generic Variety 02/11/2021  600 plants,Cilantro,100.0,plants,Farmers Market,הדוכן יום ב,Plant sale,Yes
09/12/2021,Eggplant Meatball 24/02/2021 Ra.2 > C2 > Beds 219-220 24 bed m,Eggplant,5.0,Kilograms,Farmers Market,הדוכן יום ב,,No
09/12/2021,Jicama Itay 14/04/2021 Zvika > zB > Beds 519-520 24 bed m,Jicama,8.0,Kilograms,Farmers Market,הדוכן יום ב,,Yes
09/12/2021,Leeks hyd. Alto 15/07/2021 Hyd. N > NW > Bed 11 52 plants,Leeks,12.0,Bunches,Farmers Market,הדוכן יום ב,,No
09/12/2021,Lettuce hyd. אייסברג 19/10/2021 Hyd. S > SE > Bed 16 152 plants,Lettuce,10.0,Heads,Farmers Market,הדוכן יום ב,Full-Size,No
09/12/2021,Lettuce hyd. מסולסלת 27/10/2021 Hyd. S > SE > Bed 21 74 plants,Lettuce,10.0,Heads,Farmers Market,הדוכן יום ב,Full-Size,No
09/12/2021,Lettuce hyd. סלנובה 19/10/2021 Hyd. S > SW > Bed 25 147 plants,Lettuce,10.0,Heads,Farmers Market,הדוכן יום ב,Full-Size,No
09/12/2021,Lettuce hyd. פלנדריה - חמאה 09/09/2021 Hyd. S > SE > Beds 18-19 241 plants,Lettuce,25.0,Heads,Farmers Market,הדוכן יום ב,Full-Size,No
09/12/2021,Onions: Scallions hyd. Aldorado 06/10/2021 Hyd. S > SW > Bed 30 396 plants,Onions: Scallions,11.0,Bunches,Farmers Market,הדוכן יום ב,Full-Size,No
09/12/2021,Radishes AZ-506 sisi 28/10/2021 Ra.3 > R2 > Bed 325 6 bed m,Radishes,5.0,Bunches,Farmers Market,הדוכן יום ב,Full-Size,No
09/12/2021,Radishes ice candle 28/10/2021 Ra.3 > R2 > Bed 325 6 bed m,Radishes,3.0,Bunches,Farmers Market,הדוכן יום ב,Full-Size,No
12/12/2021,Lettuce hyd. סלנובה 19/10/2021 Hyd. S > SW > Bed 25 147 plants,Lettuce,,,Wholesale,B2B,Full-Size,Yes
12/12/2021,Lettuce hyd. סלנובה 19/10/2021 Hyd. S > SW > Bed 25 147 plants,Lettuce,,,Farmers Market,הדוכן יום ב,Full-Size,Yes
12/12/2021,Lettuce hyd. סלנובה 19/10/2021 Hyd. S > SW > Bed 25 147 plants,Lettuce,,,,Unknown outlet,Full-Size,Yes
12/12/2021,Lettuce hyd. סלנובה 19/10/2021 Hyd. S > SW > Bed 25 147 plants,Lettuce,,,Farmers Market,קטיף יום ה,Full-Size,Yes
13/12/2021,Peas Norli 08/09/2021 Ra.1 > L1 > Beds 117-120 48 bed m,Peas,0.5,Kilograms,Farmers Market,הדוכן יום ב,Full-Size,No
13/12/2021,Radishes AZ-506 sisi 28/10/2021 Ra.3 > R2 > Bed 325 6 bed m,Radishes,8.0,Bunches,Farmers Market,הדוכן יום ב,Full-Size,No
13/12/2021,Radishes French Breakfast 10/11/2021 Ra.3 > R1 > Bed 313 6 bed m,Radishes,8.0,Bunches,Farmers Market,הדוכן יום ב,Full-Size,No
13/12/2021,Radishes ice candle 28/10/2021 Ra.3 > R2 > Bed 325 6 bed m,Radishes,6.0,Bunches,Farmers Market,הדוכן יום ב,Full-Size,No
13/12/2021,Strawberry פלס 14/09/2021 Hyd. S > SW > Beds 29-30 336 plants,Strawberry,0.5,Kilograms,Farmers Market,הדוכן יום ב,,No
15/12/2021,Lettuce hyd. רומית 19/10/2021 Hyd. S > SE > Bed 17 150 plants,Lettuce,,,Wholesale,B2B,Full-Size,Yes
15/12/2021,Lettuce hyd. רומית 19/10/2021 Hyd. S > SE > Bed 17 150 plants,Lettuce,,,Farmers Market,הדוכן יום ב,Full-Size,Yes
15/12/2021,Lettuce hyd. רומית 19/10/2021 Hyd. S > SE > Bed 17 150 plants,Lettuce,,,,Unknown outlet,Full-Size,Yes
15/12/2021,Lettuce hyd. רומית 19/10/2021 Hyd. S > SE > Bed 17 150 plants,Lettuce,,,Farmers Market,קטיף יום ה,Full-Size,Yes
16/12/2021,Broccoli Partenon 05/09/2021 Zvika > zB > Beds 514-516 180 plants,Broccoli,3.0,Kilograms,Farmers Market,קטיף יום ה,Head,No
16/12/2021,Chard hyd. מונופולי - ראש 30/06/2021 Hyd. S > SW > Beds 26-28 499 plants,Chard,5.0,Heads,Farmers Market,קטיף יום ה,Full-Size,Yes
16/12/2021,Strawberry פלס 14/09/2021 Hyd. S > SW > Beds 29-30 336 plants,Strawberry,0.2,Kilograms,Farmers Market,קטיף יום ה,,No
18/12/2021,Arugula Arugula 10/11/2021 Ra.3 > R2 > Bed 319 12 bed m,Arugula,,,Wholesale,B2B,Baby Leaf,Yes
18/12/2021,Arugula Arugula 10/11/2021 Ra.3 > R2 > Bed 319 12 bed m,Arugula,,,Farmers Market,הדוכן יום ב,Baby Leaf,Yes
18/12/2021,Arugula Arugula 10/11/2021 Ra.3 > R2 > Bed 319 12 bed m,Arugula,,,,Unknown outlet,Baby Leaf,Yes
18/12/2021,Arugula Arugula 10/11/2021 Ra.3 > R2 > Bed 319 12 bed m,Arugula,,,Farmers Market,קטיף יום ה,Baby Leaf,Yes
28/12/2021,Broccoli Partenon 05/09/2021 Zvika > zB > Beds 514-516 180 plants,Broccoli,7.5,Kilograms,Farmers Market,הדוכן יום ב,Head,No
28/12/2021,Chard מונופולי - ראש (שדה) 08/09/2021 Ra.2 > C6m > Beds 205-206 12 bed m,Chard,8.0,Heads,Farmers Market,הדוכן יום ב,Full-Size,No
28/12/2021,Chives Common 30/11/2020 Ra.2 > C6m > Bed 204 6 bed m,Chives,6.0,Bunches,Farmers Market,הדוכן יום ב,Full-Size,No
28/12/2021,Lettuce hyd. אייסברג 27/10/2021 Hyd. S > SE > Bed 21 150 plants,Lettuce,2.0,Heads,Farmers Market,הדוכן יום ב,Full-Size,No
28/12/2021,New Zealand Spinach Tetragonia Specialty 13/10/2021 HH > C > Beds 13-16 48 bed m,New Zealand Spinach,4.0,Kilograms,Farmers Market,הדוכן יום ב,,No
28/12/2021,Radishes Daikon Long 12/10/2021 Ra.3 > R3 > Bed 333 6 bed m,Radishes,3.0,Bunches,Farmers Market,הדוכן יום ב,Full-Size,No
28/12/2021,Radishes French Breakfast 10/11/2021 Ra.1 > L1 > Bed 113 12 bed m,Radishes,8.0,Bunches,Farmers Market,הדוכן יום ב,Full-Size,No
29/12/2021,Fennel Orion 25/08/2021 Ra.2 > C1 > Beds 214-215 320 plants,Fennel,,,Wholesale,B2B,Full-Size,Yes
29/12/2021,Fennel Orion 25/08/2021 Ra.2 > C1 > Beds 214-215 320 plants,Fennel,,,Farmers Market,הדוכן יום ב,Full-Size,Yes
29/12/2021,Fennel Orion 25/08/2021 Ra.2 > C1 > Beds 214-215 320 plants,Fennel,,,,Unknown outlet,Full-Size,Yes
29/12/2021,Fennel Orion 25/08/2021 Ra.2 > C1 > Beds 214-215 320 plants,Fennel,,,Farmers Market,קטיף יום ה,Full-Size,Yes
29/12/2021,Lettuce hyd. רומית 10/11/2021 Hyd. N > NE > Bed 1 180 plants,Lettuce,,,Wholesale,B2B,Full-Size,Yes
29/12/2021,Lettuce hyd. רומית 10/11/2021 Hyd. N > NE > Bed 1 180 plants,Lettuce,,,Farmers Market,הדוכן יום ב,Full-Size,Yes
29/12/2021,Lettuce hyd. רומית 10/11/2021 Hyd. N > NE > Bed 1 180 plants,Lettuce,,,,Unknown outlet,Full-Size,Yes
29/12/2021,Lettuce hyd. רומית 10/11/2021 Hyd. N > NE > Bed 1 180 plants,Lettuce,,,Farmers Market,קטיף יום ה,Full-Size,Yes
30/12/2021,Broccoli Cavolo Broccolo 08/09/2021 Zvika > zA > Beds 507-509 36 bed m,Broccoli,5.0,Kilograms,Farmers Market,קטיף יום ה,Head,No
30/12/2021,Parsley hyd. Borjo 14/09/2021 Hyd. N > NW > Bed 9 600 plants,Parsley,,,Wholesale,B2B,Full-Size,Yes
30/12/2021,Parsley hyd. Borjo 14/09/2021 Hyd. N > NW > Bed 9 600 plants,Parsley,,,Farmers Market,הדוכן יום ב,Full-Size,Yes
30/12/2021,Parsley hyd. Borjo 14/09/2021 Hyd. N > NW > Bed 9 600 plants,Parsley,,,,Unknown outlet,Full-Size,Yes
30/12/2021,Parsley hyd. Borjo 14/09/2021 Hyd. N > NW > Bed 9 600 plants,Parsley,,,Farmers Market,קטיף יום ה,Full-Size,Yes
